ID,degree_avg,degree_interHemisphere_avg,degree_intraHemisphere_avg,degree_neg_avg,degree_interHemisphere_neg_avg,degree_intraHemisphere_neg_avg,strength_global,strength_global_offDiagonal,strength_interHemisphere_global,strength_intraHemisphere_global,strength_global_neg,strength_global_offDiagonal_neg,strength_interHemisphere_global_neg,node_betweenness_centrality_avg,eigenvector_centrality_avg,eccentricity_avg,characteristic_path_length,global_efficiency,radius,diameter,density,modularity_global_neg
NYU_0050954_rois_aal,103.741000,52.689700,51.051700,0.077586,0.043103,0.034483,2008.530000,2018.160000,1024.890000,22.751000,115.611000,-0.414437,-0.198987,0.016398,0.088176,2.163030,-42.757500,0.146657,-77.049800,6.589040,0.911694,0.116034
NYU_0050955_rois_aal,85.750000,42.991400,42.758600,0.206897,0.103448,0.103448,1266.610000,1346.960000,648.627000,20.325400,114.671000,-1.556150,-0.755987,0.020631,0.088711,1.721580,-96.046100,0.134783,-165.887000,7.590590,0.756672,0.233244
NYU_0050956_rois_aal,98.319000,49.181000,49.137900,0.034483,0.025862,0.008621,1723.300000,1812.890000,885.626000,25.365500,115.820000,-0.203252,-0.135243,0.022361,0.088146,2.304680,-28.043300,0.117516,-45.398700,4.834540,0.863568,0.139445
NYU_0050957_rois_aal,102.474000,52.310300,50.163800,0.060345,0.025862,0.034483,2592.710000,2614.900000,1336.180000,31.038700,115.357000,-0.678844,-0.334869,0.019342,0.087185,1.905350,-23.626500,0.152046,-36.372600,7.236550,0.900150,0.099938
NYU_0050958_rois_aal,107.345000,54.612100,52.732800,0.034483,0.017241,0.017241,2369.170000,2405.470000,1220.530000,20.262100,115.959000,-0.044205,-0.015692,0.012218,0.089024,-6.550240,-407.211000,0.290026,-1100.110000,5.140270,0.942279,0.109560
NYU_0050959_rois_aal,107.078000,54.250000,52.827600,0.017241,0.008621,0.008621,2833.130000,2803.950000,1399.610000,34.429600,115.893000,-0.110697,-0.034153,0.021902,0.087853,1.907060,-5.352660,0.040822,-6.844670,7.795160,0.939730,0.080330
NYU_0050960_rois_aal,98.120700,49.793100,48.327600,0.094828,0.060345,0.034483,1850.640000,1932.270000,982.887000,22.727100,115.518000,-0.537220,-0.410469,0.017236,0.087924,-0.583259,-206.248000,0.177310,-390.790000,6.509880,0.863118,0.149607
NYU_0050961_rois_aal,101.517000,51.706900,49.810300,0.034483,0.017241,0.017241,2130.030000,2227.870000,1129.640000,28.346800,115.695000,-0.337847,-0.276267,0.022436,0.087919,2.146730,-14.656000,0.090035,-21.404500,7.890790,0.891604,0.115232
NYU_0050962_rois_aal,111.172000,56.612100,54.560300,0.008621,0.008621,0.000000,3121.790000,3141.650000,1602.620000,34.242100,115.973000,-0.027817,-0.027817,0.017790,0.089422,1.981070,-7.017810,0.161308,-11.475000,6.814120,0.975412,0.058038
NYU_0050964_rois_aal,105.483000,53.819000,51.663800,0.017241,0.008621,0.008621,2187.670000,2245.470000,1128.530000,27.722300,115.940000,-0.064952,-0.031432,0.018743,0.088898,2.459000,-5.248280,0.087865,-9.353040,7.691620,0.925937,0.093872
NYU_0050965_rois_aal,96.681000,49.094800,47.586200,0.025862,0.017241,0.008621,1700.560000,1721.900000,870.664000,20.771500,115.886000,-0.124347,-0.048553,0.020013,0.088468,2.315790,-33.172000,0.106863,-57.820800,6.019530,0.849325,0.185653
NYU_0050966_rois_aal,99.931000,50.801700,49.129300,0.051724,0.017241,0.034483,1911.830000,1951.430000,968.923000,21.551200,115.807000,-0.210179,-0.067599,0.013720,0.088614,1.838430,-60.914900,0.227175,-168.452000,7.238040,0.878111,0.153941
NYU_0050967_rois_aal,100.466000,51.094800,49.370700,0.043103,0.025862,0.017241,1871.230000,1895.930000,963.848000,22.393200,115.836000,-0.176611,-0.142204,0.014748,0.088740,2.066210,-49.200200,0.197996,-125.098000,6.762900,0.882609,0.160065
NYU_0050968_rois_aal,92.319000,46.982800,45.336200,0.051724,0.017241,0.034483,1433.240000,1501.190000,751.496000,17.530900,115.848000,-0.173031,-0.087866,0.019703,0.086214,-0.295446,-232.862000,0.154304,-414.743000,6.306670,0.811544,0.158818
NYU_0050969_rois_aal,107.250000,54.267200,52.982800,0.008621,0.008621,0.000000,2360.010000,2483.500000,1214.840000,28.005300,115.981000,-0.021402,-0.021402,0.021389,0.089433,2.023740,-10.163800,0.101622,-15.505300,7.856900,0.941379,0.075383
NYU_0050970_rois_aal,94.534500,48.094800,46.439700,0.077586,0.043103,0.034483,1544.980000,1539.250000,756.454000,22.059400,115.774000,-0.243934,-0.119881,0.019977,0.088361,2.794720,-25.776000,0.123471,-41.551700,7.065910,0.831784,0.168283
NYU_0050972_rois_aal,100.388000,50.577600,49.810300,0.068965,0.034483,0.034483,1869.020000,1955.560000,974.278000,24.220600,115.684000,-0.352666,-0.203520,0.016444,0.088267,2.431500,-52.040300,0.197276,-100.217000,8.107890,0.882459,0.152411
NYU_0050973_rois_aal,99.870700,50.465500,49.405200,0.103448,0.094828,0.008621,1824.840000,1867.580000,926.073000,21.239800,115.441000,-0.611186,-0.558683,0.016402,0.088441,-0.399714,-175.682000,0.158736,-375.687000,5.827050,0.878411,0.139394
NYU_0050974_rois_aal,101.629000,51.198300,50.431000,0.017241,0.000000,0.017241,1854.970000,1961.110000,954.735000,21.420500,115.972000,-0.031041,0.000000,0.017990,0.087911,2.392080,-21.821700,0.146769,-36.206500,6.889650,0.892204,0.122617
NYU_0050976_rois_aal,93.956900,46.931000,47.025900,0.215517,0.120690,0.094828,1545.770000,1483.790000,723.858000,14.541100,114.794000,-1.251760,-0.653320,0.014511,0.088393,3.543790,-12.311100,0.186090,-35.031700,7.206450,0.829085,0.205804
NYU_0050977_rois_aal,92.620700,47.146600,45.474100,0.051724,0.043103,0.008621,1409.200000,1505.050000,760.990000,21.247400,115.674000,-0.379196,-0.366658,0.021975,0.086689,2.687610,-19.866700,0.025963,-32.204500,6.237860,0.814393,0.141415
NYU_0050978_rois_aal,85.646600,43.500000,42.146600,0.155172,0.094828,0.060345,1262.890000,1292.220000,656.587000,16.913100,115.205000,-0.895785,-0.621212,0.019328,0.087015,-18.054700,-1385.790000,0.145294,-2489.190000,7.390560,0.755172,0.204656
NYU_0050979_rois_aal,106.905000,54.396600,52.508600,0.025862,0.017241,0.008621,2642.050000,2655.070000,1350.220000,30.571500,115.819000,-0.190070,-0.150351,0.017827,0.089232,2.187630,-6.468910,0.110991,-10.071800,6.545810,0.938531,0.098555
NYU_0050981_rois_aal,109.000000,55.491400,53.508600,0.000000,0.000000,0.000000,2412.410000,2437.940000,1223.340000,28.385400,116.000000,0.000000,0.000000,0.003666,0.089642,4.800750,2.733950,0.412651,3.781400,6.219640,0.956222,0.087893
NYU_0050982_rois_aal,93.525900,47.396600,46.129300,0.068965,0.025862,0.043103,1624.170000,1634.540000,836.352000,19.002200,115.591000,-0.443459,-0.081040,0.018127,0.087013,2.504430,-27.455800,0.129222,-49.394900,7.307500,0.822489,0.155062
NYU_0050983_rois_aal,96.896600,49.301700,47.594800,0.258621,0.146552,0.112069,1723.900000,1685.970000,853.735000,18.174900,114.862000,-1.193720,-0.758031,0.011792,0.087791,-7.498760,-280.666000,0.239986,-1315.020000,7.153360,0.855322,0.159243
NYU_0050984_rois_aal,113.569000,57.801700,55.767200,0.000000,0.000000,0.000000,3857.760000,3867.830000,1968.530000,39.299400,116.000000,0.000000,0.000000,0.001127,0.091244,3.562710,1.853000,0.594854,2.907360,4.971020,0.996102,0.048775
NYU_0050985_rois_aal,87.387900,43.603400,43.784500,0.163793,0.112069,0.051724,1385.280000,1428.870000,703.774000,20.500400,114.481000,-1.710280,-0.992336,0.020667,0.086822,2.913520,-15.886900,0.527599,-27.548000,7.696540,0.770915,0.218612
NYU_0050986_rois_aal,86.155200,43.336200,42.819000,0.189655,0.146552,0.043103,1260.910000,1217.950000,611.043000,15.980600,115.378000,-0.661315,-0.459216,0.017650,0.087947,1.261820,-154.906000,0.138868,-279.345000,7.122030,0.760270,0.198609
NYU_0050987_rois_aal,93.224100,46.250000,46.974100,0.155172,0.120690,0.034483,1591.440000,1705.640000,831.764000,23.329300,114.504000,-1.729050,-1.485050,0.017091,0.086963,2.610250,-20.145000,-0.143071,-35.398600,7.620930,0.821289,0.197901
NYU_0050988_rois_aal,96.387900,48.827600,47.560300,0.086207,0.060345,0.025862,1730.540000,1802.340000,907.890000,22.368600,115.571000,-0.478680,-0.248401,0.021610,0.086690,1.151500,-115.267000,0.131594,-177.281000,5.834780,0.847826,0.135051
NYU_0050989_rois_aal,90.206900,45.129300,45.077600,0.068965,0.043103,0.025862,1433.920000,1530.310000,759.361000,21.035400,115.561000,-0.510029,-0.350925,0.021205,0.086966,2.695670,-4.308730,-0.018817,-6.965460,7.388090,0.793703,0.190255
NYU_0050990_rois_aal,100.586000,51.077600,49.508600,0.043103,0.034483,0.008621,1964.960000,1963.650000,988.813000,22.074200,115.822000,-0.188940,-0.166605,0.019132,0.087346,-4.381870,-518.647000,0.160012,-832.182000,7.580030,0.883508,0.112155
NYU_0050991_rois_aal,101.784000,51.534500,50.250000,0.051724,0.043103,0.008621,1803.150000,1849.940000,929.446000,23.656400,115.702000,-0.326611,-0.314599,0.020352,0.088122,2.020530,-48.174100,0.114668,-70.992000,7.584560,0.894303,0.135534
NYU_0050992_rois_aal,102.448000,52.163800,50.284500,0.051724,0.034483,0.017241,1902.130000,1912.800000,971.172000,22.617700,115.878000,-0.130712,-0.104113,0.019356,0.089079,2.144540,-41.393500,0.143144,-65.769700,5.752150,0.900300,0.132133
NYU_0050993_rois_aal,97.715500,49.482800,48.232800,0.103448,0.060345,0.043103,1639.140000,1621.360000,813.068000,22.272400,115.343000,-0.699856,-0.429823,0.018271,0.088872,2.637630,-23.468500,0.123844,-44.793600,6.819790,0.859520,0.177472
NYU_0050994_rois_aal,83.405200,42.405200,41.000000,0.077586,0.025862,0.051724,1383.850000,1367.120000,693.555000,17.586000,115.431000,-0.613898,-0.251293,0.017824,0.084427,3.425520,-6.732250,0.120480,-17.934400,7.612610,0.734483,0.264106
NYU_0050995_rois_aal,93.896600,47.629300,46.267200,0.077586,0.043103,0.034483,1798.750000,1803.060000,906.787000,21.036500,115.532000,-0.501795,-0.116441,0.015123,0.086154,2.502270,-34.621800,0.199041,-81.153400,6.802150,0.825937,0.154497
NYU_0050996_rois_aal,101.284000,51.069000,50.215500,0.112069,0.068965,0.043103,2285.570000,2341.210000,1179.860000,28.682100,114.891000,-1.196230,-0.833672,0.018812,0.087216,1.144110,-89.314500,0.160186,-141.378000,7.206820,0.890855,0.107771
NYU_0050997_rois_aal,98.508600,49.551700,48.956900,0.181034,0.120690,0.060345,1914.390000,1895.590000,954.749000,19.651900,115.097000,-0.951994,-0.724317,0.012519,0.086699,0.146653,-110.872000,0.233825,-389.544000,8.135060,0.867766,0.147168
NYU_0050998_rois_aal,101.621000,51.474100,50.146600,0.000000,0.000000,0.000000,1759.050000,1862.120000,929.997000,20.570800,116.000000,0.000000,0.000000,0.005170,0.088230,5.326410,3.179440,0.355198,4.059450,6.490010,0.892054,0.110669
NYU_0050999_rois_aal,94.939700,48.008600,46.931000,0.077586,0.051724,0.025862,1639.310000,1634.110000,814.472000,21.056900,115.685000,-0.338354,-0.242894,0.019603,0.089480,2.493040,-26.523600,0.123175,-47.912300,5.598260,0.835232,0.204942
NYU_0051000_rois_aal,91.784500,46.258600,45.525900,0.103448,0.068965,0.034483,1611.880000,1600.460000,776.340000,19.341100,115.351000,-0.694877,-0.316024,0.016387,0.085100,-0.767516,-169.957000,0.184762,-490.454000,8.454180,0.807946,0.144196
NYU_0051001_rois_aal,94.500000,47.560300,46.939700,0.137931,0.077586,0.060345,1557.000000,1620.090000,795.637000,21.092600,114.972000,-1.156200,-0.594390,0.017808,0.086733,2.333100,-47.332700,0.143575,-89.698000,6.780140,0.832084,0.141732
NYU_0051002_rois_aal,111.629000,56.646600,54.982800,0.008621,0.000000,0.008621,3782.190000,3904.390000,1978.580000,41.179300,115.900000,-0.105967,0.000000,0.001994,0.090642,3.374320,1.746310,0.561067,2.621800,8.398960,0.979310,0.039304
NYU_0051003_rois_aal,100.552000,51.146600,49.405200,0.068965,0.043103,0.025862,1788.320000,1852.110000,947.847000,23.649800,115.557000,-0.490434,-0.355613,0.020446,0.087729,2.268700,-25.837900,0.104586,-36.654900,5.487130,0.883358,0.137751
NYU_0051006_rois_aal,94.965500,47.775900,47.189700,0.189655,0.120690,0.068965,1537.460000,1588.130000,773.875000,20.543700,114.845000,-1.290740,-0.952345,0.016800,0.087304,0.719525,-149.041000,0.182327,-306.064000,7.611380,0.837181,0.174409
NYU_0051007_rois_aal,111.569000,56.793100,54.775900,0.008621,0.000000,0.008621,2692.500000,2746.840000,1376.330000,31.433100,115.996000,-0.004117,0.000000,0.019307,0.090325,1.042580,-82.066800,0.150366,-115.201000,6.240880,0.978861,0.080420
NYU_0051008_rois_aal,89.603400,45.569000,44.034500,0.232759,0.120690,0.112069,1656.330000,1679.860000,857.186000,21.823800,113.632000,-2.582130,-1.275380,0.017660,0.084162,1.290610,-117.220000,0.185193,-231.865000,8.093760,0.791304,0.217190
NYU_0051009_rois_aal,96.181000,49.310300,46.870700,0.017241,0.017241,0.000000,1747.930000,1857.410000,938.814000,25.024600,115.728000,-0.309799,-0.309799,0.006782,0.086678,5.420200,3.024110,0.340654,4.068100,9.187660,0.844678,0.139755
NYU_0051010_rois_aal,109.509000,55.646600,53.862100,0.000000,0.000000,0.000000,2419.420000,2446.750000,1247.490000,29.782800,116.000000,0.000000,0.000000,0.003515,0.090038,4.943540,2.725730,0.412490,3.596900,6.493800,0.960720,0.101311
NYU_0051011_rois_aal,99.129300,49.905200,49.224100,0.017241,0.008621,0.008621,1826.740000,1846.460000,917.051000,23.556700,115.830000,-0.183613,-0.094866,0.018161,0.088025,3.088000,1.485460,0.326113,-0.075042,6.718710,0.870465,0.162766
NYU_0051012_rois_aal,103.078000,52.172400,50.905200,0.060345,0.008621,0.051724,2372.470000,2362.150000,1206.150000,25.456100,115.622000,-0.395739,-0.111871,0.017540,0.088433,2.072650,-19.804800,0.153132,-32.023700,5.985620,0.905847,0.106152
NYU_0051013_rois_aal,98.569000,50.086200,48.482800,0.163793,0.086207,0.077586,1689.380000,1636.370000,836.366000,19.301700,115.045000,-0.993091,-0.663259,0.016582,0.087804,2.653460,-34.597000,0.147352,-67.725500,6.597550,0.867766,0.165725
NYU_0051014_rois_aal,96.172400,48.284500,47.887900,0.043103,0.025862,0.017241,1678.390000,1672.950000,838.283000,19.707800,115.771000,-0.245319,-0.176901,0.020111,0.087834,1.275910,-106.642000,0.147158,-175.987000,6.823190,0.845127,0.152333
NYU_0051015_rois_aal,95.758600,48.224100,47.534500,0.275862,0.172414,0.103448,1590.120000,1608.960000,793.394000,16.944100,114.737000,-1.378980,-0.884578,0.012126,0.087619,2.086240,-55.831300,0.236564,-214.108000,8.053590,0.845127,0.167728
NYU_0051016_rois_aal,102.560000,52.327600,50.232800,0.017241,0.017241,0.000000,2041.740000,2019.420000,1030.550000,21.731400,115.921000,-0.082756,-0.082756,0.015467,0.087641,2.793960,-2.110760,0.087670,-5.403470,6.900940,0.900150,0.120441
NYU_0051017_rois_aal,103.138000,52.344800,50.793100,0.103448,0.043103,0.060345,2102.830000,2086.770000,1054.570000,19.490300,115.533000,-0.490879,-0.165542,0.014042,0.088848,1.943780,-63.159300,0.245582,-152.696000,7.490280,0.906897,0.149231
NYU_0051018_rois_aal,90.491400,45.905200,44.586200,0.068965,0.034483,0.034483,1581.480000,1611.090000,812.281000,19.458200,115.574000,-0.468538,-0.270218,0.019051,0.085328,-17.217800,-1220.910000,0.124308,-2339.720000,6.036320,0.796252,0.168930
NYU_0051019_rois_aal,93.948300,47.448300,46.500000,0.155172,0.094828,0.060345,1624.760000,1590.520000,804.907000,17.557000,115.054000,-0.997718,-0.702651,0.017750,0.085311,2.893990,-23.248200,0.160057,-50.682500,5.969720,0.827436,0.159483
NYU_0051020_rois_aal,110.966000,56.439700,54.525900,0.008621,0.008621,0.000000,3100.660000,3078.320000,1561.390000,33.303000,115.974000,-0.026809,-0.026809,0.018247,0.089998,1.769740,-8.712110,0.117096,-14.772400,4.445840,0.973613,0.057004
NYU_0051021_rois_aal,93.560300,47.086200,46.474100,0.068965,0.051724,0.017241,1753.690000,1695.120000,856.687000,22.644800,115.103000,-0.928431,-0.469905,0.019789,0.086921,2.628770,-10.944900,0.064700,-17.971700,8.260840,0.822639,0.184962
NYU_0051023_rois_aal,92.870700,47.017200,45.853400,0.060345,0.025862,0.034483,1446.480000,1531.720000,762.805000,20.941600,115.745000,-0.293014,-0.087928,0.021429,0.088178,2.343690,-38.600200,0.114388,-60.735300,5.903130,0.816942,0.168393
NYU_0051024_rois_aal,99.922400,50.905200,49.017200,0.043103,0.017241,0.025862,2194.230000,2315.630000,1166.920000,28.026000,115.832000,-0.186752,-0.053798,0.020396,0.086991,1.575170,-58.132500,0.166105,-87.323100,5.095100,0.878111,0.098625
NYU_0051025_rois_aal,98.655200,50.094800,48.560300,0.051724,0.017241,0.034483,1888.700000,1967.160000,990.678000,25.200600,115.688000,-0.345863,-0.130123,0.020273,0.088549,2.359070,-6.728090,-0.203156,-10.594000,6.908950,0.867016,0.166665
NYU_0051026_rois_aal,97.810300,49.043100,48.767200,0.120690,0.077586,0.043103,1640.660000,1635.450000,815.520000,20.852100,115.244000,-0.810859,-0.552887,0.015903,0.087715,0.448528,-153.035000,0.110729,-344.184000,6.661840,0.860870,0.157882
NYU_0051027_rois_aal,95.319000,48.474100,46.844800,0.086207,0.043103,0.043103,1628.880000,1708.690000,862.169000,22.389500,115.518000,-0.544648,-0.387234,0.019784,0.087533,0.836182,-127.205000,0.110974,-212.484000,8.360030,0.838531,0.141353
NYU_0051028_rois_aal,103.422000,52.784500,50.637900,0.077586,0.051724,0.025862,1972.270000,2072.310000,1056.650000,22.403100,115.620000,-0.423749,-0.275920,0.015707,0.089127,0.229622,-128.283000,0.164331,-284.995000,5.376020,0.908846,0.122289
NYU_0051029_rois_aal,91.043100,46.396600,44.646600,0.034483,0.017241,0.017241,1497.770000,1494.820000,765.755000,19.022700,115.663000,-0.364176,-0.198330,0.018735,0.087825,3.161290,0.280734,0.060185,-0.397919,6.934550,0.800300,0.207475
NYU_0051032_rois_aal,103.336000,52.491400,50.844800,0.008621,0.000000,0.008621,1965.180000,2004.170000,1014.160000,24.197100,115.953000,-0.050528,0.000000,0.017863,0.088395,2.683460,-1.311470,0.014854,-3.432000,6.803410,0.907046,0.129295
NYU_0051033_rois_aal,109.172000,55.465500,53.706900,0.017241,0.017241,0.000000,2959.260000,3028.150000,1525.510000,31.992800,115.424000,-0.081176,-0.081176,0.017777,0.089328,0.214042,-130.095000,0.183164,-194.668000,5.018550,0.958021,0.053586
NYU_0051034_rois_aal,93.146600,47.655200,45.491400,0.189655,0.094828,0.094828,1811.320000,1819.910000,926.417000,21.561400,114.347000,-1.774250,-0.905746,0.017527,0.084747,-3.359910,-385.405000,0.187023,-749.363000,8.160140,0.821589,0.164071
NYU_0051035_rois_aal,104.276000,53.034500,51.241400,0.017241,0.008621,0.008621,2344.770000,2394.030000,1209.900000,29.948700,115.808000,-0.206360,-0.124981,0.019830,0.088038,4.359170,1.671140,1.032620,2.415970,8.560040,0.915442,0.092221
NYU_0051036_rois_aal,101.250000,51.517200,49.732800,0.068965,0.025862,0.043103,2057.770000,2153.280000,1084.430000,27.657000,115.182000,-0.352080,-0.148925,0.018626,0.087628,1.975410,-25.964400,0.145473,-43.572000,5.219340,0.889955,0.130574
NYU_0051038_rois_aal,99.172400,50.396600,48.775900,0.077586,0.043103,0.034483,1970.700000,1958.670000,987.080000,25.419200,115.659000,-0.359968,-0.115433,0.019983,0.087074,-1.101090,-291.199000,0.125849,-425.149000,7.030850,0.871664,0.109762
NYU_0051039_rois_aal,103.310000,52.741400,50.569000,0.017241,0.008621,0.008621,2133.340000,2168.700000,1087.670000,25.524200,115.934000,-0.070760,-0.003951,0.020450,0.088951,1.479490,-78.872300,0.159376,-119.133000,8.134540,0.906747,0.136200
NYU_0051040_rois_aal,89.353400,45.569000,43.784500,0.077586,0.034483,0.043103,1600.090000,1668.330000,849.483000,16.170400,115.736000,-0.296640,-0.117500,0.015192,0.082082,1.857750,-83.891400,0.205986,-179.514000,6.913930,0.785907,0.197416
NYU_0051041_rois_aal,96.069000,49.327600,46.741400,0.120690,0.077586,0.043103,1689.080000,1771.640000,892.791000,21.286600,115.187000,-0.915787,-0.517901,0.016187,0.088005,2.735940,-11.453800,0.139976,-22.230700,6.929280,0.845427,0.160953
NYU_0051042_rois_aal,90.913800,46.275900,44.637900,0.206897,0.103448,0.103448,1482.280000,1505.690000,763.100000,18.207500,113.520000,-2.732660,-1.437910,0.016974,0.087882,1.011380,-120.374000,0.175700,-284.030000,7.942480,0.801949,0.201749
NYU_0051044_rois_aal,90.508600,46.017200,44.491400,0.068965,0.025862,0.043103,1449.700000,1485.460000,738.625000,21.978900,115.841000,-0.177063,-0.040625,0.022727,0.085327,0.654369,-168.841000,0.103331,-247.544000,7.072640,0.796252,0.189796
NYU_0051045_rois_aal,106.612000,54.163800,52.448300,0.034483,0.025862,0.008621,2447.560000,2495.190000,1267.400000,31.147600,115.623000,-0.403484,-0.346464,0.019607,0.089310,2.131400,-6.134290,0.073390,-9.511420,7.549050,0.936282,0.099422
NYU_0051046_rois_aal,94.474100,47.629300,46.844800,0.060345,0.025862,0.034483,1477.500000,1582.440000,796.100000,21.372000,115.777000,-0.259129,-0.155931,0.018735,0.087893,2.265050,-44.522000,0.135758,-81.861700,5.768850,0.830585,0.141173
NYU_0051047_rois_aal,98.931000,50.250000,48.681000,0.017241,0.000000,0.017241,1753.650000,1784.090000,909.390000,22.570500,115.918000,-0.089429,0.000000,0.021929,0.089148,-1.242700,-327.057000,0.127859,-448.116000,7.852670,0.868966,0.189972
NYU_0051048_rois_aal,95.750000,48.422400,47.327600,0.051724,0.008621,0.043103,1564.740000,1702.780000,843.978000,22.492700,115.768000,-0.272779,-0.037498,0.018217,0.088215,2.752490,-13.232200,0.157257,-27.300500,5.848210,0.841529,0.182411
NYU_0051049_rois_aal,101.897000,51.689700,50.206900,0.077586,0.025862,0.051724,1901.390000,1914.690000,970.270000,21.087600,115.678000,-0.345406,-0.084854,0.015403,0.089313,1.449850,-80.916600,0.186687,-182.751000,5.593840,0.895652,0.136352
NYU_0051050_rois_aal,86.275900,43.767200,42.508600,0.137931,0.068965,0.068965,1298.020000,1371.660000,695.509000,17.692900,114.867000,-1.315080,-0.642709,0.019724,0.088750,2.991780,-17.052100,0.137188,-34.061200,5.998650,0.760720,0.220873
NYU_0051051_rois_aal,91.629300,46.681000,44.948300,0.163793,0.086207,0.077586,1560.040000,1582.380000,807.147000,17.809100,114.763000,-1.354980,-0.742441,0.016400,0.087654,-11.140800,-710.418000,0.175309,-1674.570000,7.030170,0.807346,0.206851
NYU_0051052_rois_aal,97.025900,49.431000,47.594800,0.068965,0.034483,0.034483,1860.820000,1869.350000,946.130000,24.195300,115.790000,-0.224782,-0.106699,0.022463,0.087044,1.462390,-90.999400,0.140433,-133.973000,5.879070,0.853073,0.149658
NYU_0051053_rois_aal,98.913800,50.327600,48.586200,0.068965,0.043103,0.025862,1896.820000,2022.640000,1013.660000,25.380000,115.635000,-0.414599,-0.198577,0.018278,0.088141,1.303290,-79.776600,0.195784,-143.276000,5.476100,0.869265,0.170120
NYU_0051054_rois_aal,107.767000,54.344800,53.422400,0.051724,0.034483,0.017241,2345.260000,2361.570000,1188.390000,25.216900,115.745000,-0.270650,-0.210003,0.014603,0.089677,2.200060,-22.732100,0.204061,-48.725200,5.444100,0.946177,0.108327
NYU_0051055_rois_aal,99.681000,50.637900,49.043100,0.086207,0.051724,0.034483,1993.800000,2028.400000,1034.750000,22.938500,115.554000,-0.482026,-0.340065,0.017073,0.088793,-4.821250,-489.557000,0.198972,-876.766000,6.627780,0.876462,0.163246
NYU_0051056_rois_aal,95.655200,48.801700,46.853400,0.043103,0.025862,0.017241,1786.950000,1789.470000,901.256000,19.583300,115.887000,-0.121440,-0.062916,0.019441,0.085813,0.911194,-122.555000,0.158614,-225.877000,5.552380,0.840930,0.129454
NYU_0051057_rois_aal,95.715500,49.129300,46.586200,0.094828,0.051724,0.043103,1752.450000,1776.030000,907.407000,20.292000,115.492000,-0.551621,-0.320342,0.016022,0.088068,2.188200,-51.895200,0.188394,-113.780000,8.332750,0.841829,0.162158
NYU_0051058_rois_aal,91.336200,46.370700,44.965500,0.051724,0.017241,0.034483,1478.550000,1524.740000,758.937000,23.649500,115.778000,-0.248188,-0.175216,0.021931,0.086344,-0.080040,-242.128000,0.122582,-342.940000,6.331740,0.802699,0.191753
NYU_0051059_rois_aal,96.991400,49.250000,47.741400,0.172414,0.077586,0.094828,1732.980000,1777.800000,895.913000,22.244300,114.940000,-1.165690,-0.522464,0.015094,0.087702,2.491020,-32.230300,0.182003,-70.356500,6.243230,0.854423,0.173374
NYU_0051060_rois_aal,105.155000,53.594800,51.560300,0.034483,0.017241,0.017241,2623.220000,2708.900000,1369.140000,31.712500,115.753000,-0.267098,-0.218595,0.019510,0.088151,1.632760,-30.181900,0.113710,-42.939200,6.387210,0.923388,0.078808
NYU_0051061_rois_aal,90.051700,45.508600,44.543100,0.224138,0.120690,0.103448,1513.340000,1584.630000,802.456000,21.609000,113.883000,-2.400470,-1.437840,0.016605,0.087097,2.433790,-47.389300,0.176393,-105.210000,9.280950,0.794903,0.195554
NYU_0051062_rois_aal,88.991400,44.948300,44.043100,0.077586,0.051724,0.025862,1341.270000,1359.920000,693.747000,19.792100,115.667000,-0.369715,-0.265034,0.020827,0.088744,2.527630,-40.280500,0.091128,-69.932400,7.221080,0.783208,0.225569
NYU_0051063_rois_aal,87.301700,44.258600,43.043100,0.120690,0.051724,0.068965,1397.980000,1371.290000,700.254000,15.734000,115.665000,-0.358436,-0.142767,0.016462,0.087393,-31.704500,-1411.080000,0.148383,-4103.440000,7.522490,0.768816,0.216495
NYU_0051064_rois_aal,103.819000,52.612100,51.206900,0.068965,0.068965,0.000000,2191.500000,2229.840000,1123.870000,25.354000,115.692000,-0.330817,-0.330817,0.018294,0.088136,1.649900,-55.220800,0.162150,-89.555400,5.709520,0.912144,0.104963
NYU_0051065_rois_aal,80.112100,40.879300,39.232800,0.198276,0.129310,0.068965,1188.520000,1208.010000,616.021000,16.087500,114.746000,-1.411850,-0.996364,0.020723,0.087114,0.107702,-210.698000,0.122515,-388.333000,8.680610,0.707646,0.271117
NYU_0051066_rois_aal,110.397000,56.120700,54.275900,0.000000,0.000000,0.000000,2509.370000,2563.540000,1305.630000,25.669600,116.000000,0.000000,0.000000,0.003156,0.090451,4.416060,2.630020,0.424480,3.588050,5.699100,0.968516,0.090075
NYU_0051067_rois_aal,102.060000,51.724100,50.336200,0.043103,0.025862,0.017241,2173.550000,2133.810000,1076.160000,19.773800,115.859000,-0.146489,-0.065578,0.014452,0.086374,1.777250,-58.621700,0.263749,-143.463000,6.045070,0.896402,0.101480
NYU_0051068_rois_aal,106.095000,53.905200,52.189700,0.025862,0.017241,0.008621,2389.330000,2520.520000,1276.770000,28.065200,115.797000,-0.225103,-0.146079,0.018213,0.088863,2.387400,-0.889553,-0.242609,-2.577740,10.255900,0.931334,0.075473
NYU_0051069_rois_aal,86.982800,44.612100,42.370700,0.103448,0.060345,0.043103,1377.120000,1465.290000,752.569000,21.154300,115.219000,-0.907437,-0.555311,0.020835,0.085321,2.555770,-28.930400,0.115477,-48.630700,9.813340,0.765967,0.204460
NYU_0051070_rois_aal,107.155000,54.198300,52.956900,0.017241,0.008621,0.008621,2267.000000,2304.530000,1122.180000,26.360200,115.893000,-0.114590,-0.088229,0.015665,0.089404,2.661820,-6.045320,0.165383,-13.502200,6.769550,0.940480,0.091638
NYU_0051071_rois_aal,104.621000,53.456900,51.163800,0.034483,0.017241,0.017241,2123.420000,2268.720000,1138.930000,26.298500,115.803000,-0.222644,-0.174252,0.017517,0.088340,1.074190,-98.144600,0.139969,-158.936000,7.763860,0.918591,0.082320
NYU_0051072_rois_aal,95.043100,48.698300,46.344800,0.103448,0.043103,0.060345,1747.430000,1772.010000,902.619000,23.629300,115.582000,-0.454464,-0.238367,0.020058,0.084781,-5.390050,-581.204000,0.122245,-953.109000,6.176410,0.836282,0.152429
NYU_0051073_rois_aal,106.440000,54.060300,52.379300,0.034483,0.017241,0.017241,2107.990000,2133.760000,1070.510000,25.151000,115.882000,-0.126365,-0.082798,0.017234,0.088997,-420.592000,-30797.800000,0.199522,-49086.500000,6.908120,0.934333,0.125178
NYU_0051074_rois_aal,102.681000,51.939700,50.741400,0.068965,0.051724,0.017241,2037.700000,2101.300000,1054.760000,25.312100,115.378000,-0.679844,-0.482427,0.018193,0.087797,2.685010,-3.071940,0.085861,-6.046250,6.693930,0.902249,0.091664
NYU_0051075_rois_aal,92.637900,47.051700,45.586200,0.224138,0.120690,0.103448,1614.780000,1603.110000,810.767000,17.514600,114.618000,-1.477730,-0.823793,0.017047,0.087368,2.336990,-48.518500,0.166601,-101.389000,7.187130,0.817841,0.197874
NYU_0051076_rois_aal,91.724100,46.525900,45.198300,0.112069,0.086207,0.025862,1510.860000,1494.980000,756.362000,17.634300,115.300000,-0.750129,-0.672132,0.017978,0.087954,2.914640,-22.667600,0.134726,-47.528900,6.958440,0.807196,0.189395
NYU_0051077_rois_aal,110.853000,56.146600,54.706900,0.008621,0.008621,0.000000,3269.320000,3279.300000,1660.840000,37.010400,115.847000,-0.158622,-0.158622,0.006747,0.090504,3.277320,1.859460,8.800480,2.155810,6.113420,0.972714,0.078908
NYU_0051078_rois_aal,97.620700,48.758600,48.862100,0.094828,0.051724,0.043103,1618.410000,1689.910000,835.610000,19.630200,115.766000,-0.263294,-0.108973,0.017205,0.089252,1.980730,-60.949300,0.176349,-123.766000,6.360330,0.858621,0.164218
NYU_0051079_rois_aal,95.215500,48.310300,46.905200,0.068965,0.034483,0.034483,1719.900000,1701.770000,852.424000,22.376200,115.338000,-0.702516,-0.295690,0.021778,0.087583,1.359510,-111.008000,0.118680,-161.273000,7.600850,0.837031,0.185361
NYU_0051080_rois_aal,80.120700,40.491400,39.629300,0.293103,0.155172,0.137931,1137.960000,1102.070000,557.200000,13.174300,113.876000,-2.290970,-1.238270,0.016467,0.086285,2.875730,-60.459100,0.170365,-169.672000,7.885300,0.709895,0.261508
NYU_0051081_rois_aal,97.155200,49.560300,47.594800,0.077586,0.034483,0.043103,1690.420000,1769.410000,899.571000,19.509200,115.841000,-0.178529,-0.097773,0.015644,0.085827,1.305780,-83.797200,0.192626,-209.944000,5.527870,0.854273,0.175539
NYU_0051082_rois_aal,108.172000,54.887900,53.284500,0.017241,0.017241,0.000000,3075.230000,3208.060000,1628.150000,34.085100,115.840000,-0.173872,-0.173872,0.015730,0.089275,1.945260,-4.436140,0.172341,-9.203620,6.503150,0.949475,0.058354
NYU_0051083_rois_aal,90.560300,45.991400,44.569000,0.155172,0.103448,0.051724,1558.960000,1607.410000,816.234000,20.629400,115.081000,-1.024260,-0.608375,0.018431,0.087756,2.050060,-66.041900,0.185161,-131.771000,6.131790,0.798501,0.219264
NYU_0051084_rois_aal,98.482800,50.258600,48.224100,0.112069,0.068965,0.043103,2099.250000,2113.940000,1074.480000,18.102700,115.162000,-0.892860,-0.482121,0.011679,0.087664,3.075520,-15.977300,0.280051,-52.128400,6.560420,0.866867,0.180893
NYU_0051085_rois_aal,103.284000,52.327600,50.956900,0.060345,0.043103,0.017241,2269.280000,2282.860000,1150.110000,27.804600,115.555000,-0.472006,-0.243790,0.018287,0.087796,2.150380,-16.022300,0.111795,-26.411300,7.314160,0.907196,0.095154
NYU_0051086_rois_aal,110.612000,56.422400,54.189700,0.008621,0.008621,0.000000,2905.150000,3057.080000,1550.620000,33.389000,115.984000,-0.017979,-0.017979,0.019768,0.090103,1.742040,-14.104800,0.152912,-21.572800,6.531790,0.970615,0.061462
NYU_0051087_rois_aal,107.690000,54.482800,53.206900,0.008621,0.008621,0.000000,2306.120000,2352.180000,1184.360000,26.830900,115.897000,-0.110896,-0.110896,0.012839,0.089157,4.689490,2.270340,0.010597,2.408300,8.256060,0.944978,0.078447
NYU_0051088_rois_aal,99.241400,50.198300,49.043100,0.051724,0.017241,0.034483,1774.440000,1790.690000,873.282000,24.032900,115.710000,-0.312746,-0.143483,0.019202,0.087865,2.530660,-16.891800,0.074007,-27.481600,6.150840,0.872114,0.129473
NYU_0051089_rois_aal,101.224000,51.439700,49.784500,0.017241,0.017241,0.000000,1805.060000,1815.270000,911.452000,20.316700,115.931000,-0.074338,-0.074338,0.017883,0.089224,2.922940,-4.360750,0.085550,-9.471910,8.167150,0.888756,0.154214
NYU_0051090_rois_aal,91.965500,46.594800,45.370700,0.172414,0.103448,0.068965,1467.040000,1461.520000,748.385000,16.619200,115.155000,-0.914346,-0.512545,0.016507,0.087752,1.686200,-94.454000,0.141258,-222.077000,7.656610,0.810645,0.187585
NYU_0051091_rois_aal,98.267200,49.836200,48.431000,0.043103,0.034483,0.008621,1755.100000,1820.820000,912.874000,23.786000,115.631000,-0.410008,-0.301906,0.019190,0.089710,2.087900,-46.617600,0.138163,-73.080900,7.334150,0.863418,0.179872
NYU_0051093_rois_aal,102.138000,51.784500,50.353400,0.043103,0.034483,0.008621,2038.820000,2048.830000,1036.350000,24.069400,115.893000,-0.114452,-0.070723,0.018292,0.089773,0.215531,-171.820000,0.174165,-268.908000,4.743510,0.897151,0.170468
NYU_0051094_rois_aal,100.853000,51.284500,49.569000,0.025862,0.008621,0.017241,1814.930000,1850.100000,943.958000,22.071200,115.969000,-0.033981,-0.000588,0.018750,0.089170,-4.416620,-516.958000,0.171197,-843.001000,6.842710,0.885607,0.176628
NYU_0051095_rois_aal,102.707000,52.000000,50.706900,0.077586,0.043103,0.034483,2720.300000,2751.430000,1391.220000,32.273300,115.074000,-0.977805,-0.536519,0.017238,0.087765,2.044670,-14.980800,0.163900,-24.555800,7.973480,0.902849,0.079736
NYU_0051096_rois_aal,88.672400,44.827600,43.844800,0.198276,0.112069,0.086207,1462.820000,1472.010000,738.037000,16.357900,114.759000,-1.356530,-0.749958,0.015378,0.086144,1.731130,-78.375300,0.193264,-240.998000,7.708850,0.782459,0.217992
NYU_0051097_rois_aal,104.914000,53.319000,51.594800,0.068965,0.025862,0.043103,2494.970000,2514.220000,1283.730000,25.088200,115.809000,-0.202195,-0.034366,0.015157,0.089089,-2.754380,-302.076000,0.256314,-610.775000,5.181910,0.921589,0.122009
NYU_0051098_rois_aal,89.353400,45.155200,44.198300,0.189655,0.120690,0.068965,1786.350000,1858.280000,931.810000,24.818800,113.730000,-2.525940,-1.640230,0.017055,0.084001,2.737320,-12.194800,0.146137,-24.076100,8.205380,0.788306,0.180316
NYU_0051099_rois_aal,100.103000,50.405200,49.698300,0.086207,0.060345,0.025862,2017.220000,2020.980000,1009.970000,25.777600,115.350000,-0.690523,-0.545981,0.018127,0.087228,2.364410,-19.690100,0.131886,-29.248900,9.208830,0.880360,0.125917
NYU_0051100_rois_aal,103.672000,52.387900,51.284500,0.086207,0.051724,0.034483,2107.230000,2164.140000,1077.750000,25.261800,115.220000,-0.304043,-0.231461,0.013453,0.088284,-1.646410,-192.365000,0.220651,-496.302000,5.116090,0.911094,0.110472
NYU_0051101_rois_aal,86.137900,43.620700,42.517200,0.258621,0.155172,0.103448,1290.380000,1255.930000,623.375000,15.747000,114.734000,-1.354140,-0.920734,0.017670,0.086820,1.713290,-93.589200,0.167516,-255.999000,7.276350,0.761319,0.219302
NYU_0051102_rois_aal,112.121000,57.094800,55.025900,0.000000,0.000000,0.000000,2852.690000,2911.090000,1483.180000,33.344100,116.000000,0.000000,0.000000,0.002689,0.090262,4.344220,2.394420,0.469803,3.439030,5.485690,0.983358,0.070871
NYU_0051103_rois_aal,95.758600,48.077600,47.681000,0.060345,0.034483,0.025862,1913.140000,1889.940000,938.226000,25.140300,115.544000,-0.479670,-0.334936,0.017151,0.088544,2.297670,-30.824800,0.165444,-59.908600,8.795450,0.841829,0.178946
NYU_0051104_rois_aal,97.767200,49.310300,48.456900,0.077586,0.043103,0.034483,2107.200000,2112.520000,1068.870000,25.690800,115.184000,-0.865483,-0.433744,0.017108,0.086639,2.607280,-14.840600,0.165306,-27.066900,7.884590,0.859820,0.155426
NYU_0051105_rois_aal,109.422000,55.629300,53.793100,0.017241,0.008621,0.008621,2959.890000,3028.060000,1523.880000,33.760500,115.883000,-0.124130,-0.036407,0.015743,0.089540,2.091730,-3.657000,0.147295,-8.239030,8.071570,0.960270,0.052236
NYU_0051106_rois_aal,99.974100,50.637900,49.336200,0.103448,0.068965,0.034483,1807.600000,1854.090000,939.139000,21.869100,115.287000,-0.781568,-0.529636,0.016213,0.088683,2.742800,-10.577700,0.058070,-22.190600,5.969090,0.879460,0.127895
NYU_0051107_rois_aal,110.500000,55.870700,54.629300,0.025862,0.025862,0.000000,2713.890000,2841.460000,1428.200000,31.842600,115.902000,-0.107368,-0.107368,0.016163,0.089873,1.986930,-11.452700,0.181208,-18.393300,6.723030,0.969865,0.060291
NYU_0051109_rois_aal,97.896600,49.913800,47.982800,0.129310,0.068965,0.060345,1842.300000,1836.960000,940.150000,24.011900,115.172000,-0.880625,-0.508630,0.016321,0.087409,0.629989,-123.971000,0.141167,-262.668000,8.782360,0.861469,0.182210
NYU_0051110_rois_aal,102.293000,52.094800,50.198300,0.034483,0.017241,0.017241,2215.320000,2384.740000,1212.700000,29.510900,115.558000,-0.502392,-0.265263,0.020620,0.087945,2.065100,-8.095820,0.054608,-11.318400,8.740090,0.898501,0.091393
NYU_0051111_rois_aal,82.698300,42.086200,40.612100,0.129310,0.068965,0.060345,1321.340000,1325.440000,680.008000,19.568900,115.539000,-0.507333,-0.271769,0.020702,0.088637,0.621373,-147.174000,0.127793,-294.797000,5.753730,0.729085,0.301314
NYU_0051112_rois_aal,106.431000,53.870700,52.560300,0.034483,0.008621,0.025862,2258.660000,2244.460000,1134.140000,24.200200,115.855000,-0.152360,-0.029662,0.015781,0.089286,2.514550,-6.225060,0.118803,-11.623600,6.808870,0.934633,0.105884
NYU_0051113_rois_aal,100.836000,51.112100,49.724100,0.017241,0.008621,0.008621,1780.720000,1835.810000,928.596000,24.374300,115.995000,-0.004969,-0.004043,0.018607,0.088385,-1.756230,-345.064000,0.148507,-532.863000,7.146280,0.885457,0.134184
NYU_0051114_rois_aal,102.284000,52.129300,50.155200,0.068965,0.043103,0.025862,1800.770000,1769.330000,888.892000,20.733800,115.689000,-0.326979,-0.176685,0.015873,0.089421,-2.900980,-367.871000,0.163987,-699.172000,6.359590,0.899100,0.132111
NYU_0051116_rois_aal,105.647000,53.862100,51.784500,0.025862,0.017241,0.008621,2098.930000,2224.980000,1120.720000,26.086700,115.768000,-0.259872,-0.124193,0.018092,0.088368,2.258730,-18.690600,0.144743,-29.536900,9.079310,0.927436,0.085984
NYU_0051117_rois_aal,104.750000,53.629300,51.120700,0.043103,0.025862,0.017241,2107.230000,2129.240000,1073.240000,23.871000,115.736000,-0.282831,-0.159217,0.014925,0.088736,1.916360,-58.177900,0.200064,-116.918000,8.929210,0.919940,0.097192
NYU_0051118_rois_aal,101.466000,51.387900,50.077600,0.051724,0.025862,0.025862,2138.590000,2128.210000,1069.190000,28.493400,115.076000,-0.446490,-0.153893,0.017778,0.087047,2.286450,-7.223700,0.121367,-14.963500,5.248000,0.891304,0.118270
NYU_0051121_rois_aal,101.431000,51.534500,49.896600,0.043103,0.025862,0.017241,1916.700000,2013.270000,1022.070000,23.282700,115.730000,-0.301412,-0.198506,0.018282,0.088351,2.583000,-6.004470,0.110112,-9.243980,6.179290,0.890855,0.135583
NYU_0051122_rois_aal,87.913800,44.551700,43.362100,0.224138,0.137931,0.086207,1432.460000,1375.130000,683.965000,15.524200,114.438000,-1.632070,-0.928851,0.014381,0.087332,0.202142,-103.031000,0.186518,-441.333000,7.488070,0.776012,0.234470
NYU_0051123_rois_aal,105.112000,53.327600,51.784500,0.034483,0.025862,0.008621,2225.670000,2264.010000,1141.680000,27.669300,115.695000,-0.327516,-0.179269,0.020713,0.088289,2.239790,-8.582120,0.072077,-13.436700,6.928010,0.922939,0.093075
NYU_0051124_rois_aal,98.094800,49.405200,48.689700,0.094828,0.060345,0.034483,1784.360000,1845.130000,900.107000,26.152400,115.377000,-0.688811,-0.524275,0.017365,0.086337,1.088030,-106.506000,0.179002,-197.384000,6.891220,0.862969,0.130672
NYU_0051126_rois_aal,93.715500,47.543100,46.172400,0.086207,0.043103,0.043103,1654.790000,1709.710000,874.586000,19.542200,115.625000,-0.416198,-0.207465,0.015663,0.088681,1.183690,-92.617000,0.109103,-235.891000,6.039730,0.824438,0.216979
NYU_0051128_rois_aal,95.586200,48.146600,47.439700,0.362069,0.215517,0.146552,1568.310000,1555.100000,766.693000,16.463300,114.068000,-2.069210,-1.500440,0.013345,0.085422,2.381360,-54.853700,0.210702,-191.102000,7.416560,0.845727,0.149635
NYU_0051129_rois_aal,105.828000,53.887900,51.939700,0.017241,0.017241,0.000000,2208.460000,2372.150000,1201.570000,31.107600,115.962000,-0.043231,-0.043231,0.022395,0.088814,1.969690,-13.202800,0.071995,-17.936800,7.286320,0.929085,0.096069
NYU_0051130_rois_aal,107.940000,54.991400,52.948300,0.034483,0.008621,0.025862,3249.910000,3302.550000,1683.120000,37.150600,115.876000,-0.130316,-0.022377,0.022140,0.088960,1.189250,-46.579800,0.108371,-57.681700,4.866990,0.947826,0.040077
NYU_0051131_rois_aal,88.387900,44.672400,43.715500,0.120690,0.094828,0.025862,1527.560000,1459.230000,744.487000,17.716200,115.302000,-0.721641,-0.639004,0.019425,0.086690,2.395570,-56.366300,0.161163,-118.429000,6.339400,0.778711,0.244475
NYU_0051146_rois_aal,101.629000,51.853400,49.775900,0.077586,0.034483,0.043103,2034.690000,2117.840000,1078.810000,24.092200,115.576000,-0.468352,-0.275398,0.014604,0.086961,0.826713,-92.866600,0.187619,-217.189000,8.294430,0.893103,0.132268
NYU_0051147_rois_aal,95.387900,48.612100,46.775900,0.258621,0.137931,0.120690,1741.010000,1704.090000,869.549000,15.632300,114.510000,-1.563020,-0.719938,0.012093,0.086724,-10.371000,-366.611000,0.346939,-1659.960000,7.122090,0.841979,0.154597
NYU_0051148_rois_aal,99.948300,51.155200,48.793100,0.086207,0.043103,0.043103,1782.120000,1849.000000,934.485000,21.459000,115.534000,-0.517053,-0.318431,0.017452,0.088636,2.709280,-13.346100,0.155208,-27.016000,5.712780,0.878861,0.173763
NYU_0051149_rois_aal,96.491400,48.879300,47.612100,0.086207,0.043103,0.043103,1711.980000,1701.900000,856.870000,21.886500,115.272000,-0.776382,-0.403058,0.018548,0.087628,2.497610,-32.927500,0.151967,-57.607900,6.763040,0.848576,0.163705
NYU_0051150_rois_aal,110.871000,56.362100,54.508600,0.000000,0.000000,0.000000,2947.200000,3049.740000,1543.690000,30.011500,116.000000,0.000000,0.000000,0.002501,0.090552,4.076090,2.268560,0.492620,3.261020,5.498380,0.972564,0.084020
NYU_0051151_rois_aal,112.595000,57.232800,55.362100,0.000000,0.000000,0.000000,2852.940000,2942.700000,1477.930000,29.642200,116.000000,0.000000,0.000000,0.002427,0.090601,4.114270,2.366440,0.470681,3.209900,5.260370,0.987706,0.055838
NYU_0051152_rois_aal,110.060000,56.034500,54.025900,0.008621,0.008621,0.000000,2827.500000,2977.810000,1508.350000,34.375500,115.923000,-0.085034,-0.085034,0.020122,0.089503,2.200000,0.837893,1.158360,-0.052573,6.410340,0.965667,0.054764
NYU_0051153_rois_aal,109.138000,55.181000,53.956900,0.025862,0.017241,0.008621,2609.350000,2637.100000,1334.730000,30.640700,115.878000,-0.129243,-0.117928,0.019072,0.089328,1.741980,-41.454200,0.136678,-59.011500,7.339790,0.957871,0.076877
NYU_0051154_rois_aal,107.060000,54.431000,52.629300,0.008621,0.000000,0.008621,2142.340000,2236.600000,1143.900000,24.884700,115.942000,-0.063856,0.000000,0.022316,0.089033,2.213640,0.159868,-1.225860,-0.706056,7.124050,0.939580,0.098029
NYU_0051155_rois_aal,85.431000,43.344800,42.086200,0.129310,0.068965,0.060345,1393.040000,1427.630000,703.402000,22.045800,114.772000,-1.372880,-0.839232,0.019676,0.084349,2.111200,-66.053900,0.107353,-117.297000,7.655130,0.752924,0.240619
NYU_0051156_rois_aal,102.802000,52.620700,50.181000,0.051724,0.025862,0.025862,2243.340000,2252.050000,1152.210000,24.934300,115.584000,-0.440860,-0.226183,0.017523,0.087058,0.527742,-132.191000,0.172050,-224.479000,5.605030,0.903148,0.102493
