0.0,0.0,0.0,0.0,0.0,0.013329740363299017,0.014034369375921816,0.0,0.0,-0.015360783280327028,0.0,0.0,0.0,0.0,0.0,0.0,-0.014799486638053472,0.0,0.0,0.010038568381039163,0.0,0.0,0.0,0.0,0.0,0.0,0.0,0.0,0.0,0.0,0.0,0.0,0.0,-0.010180244888889644,-0.014218064319149175,0.0,0.0,0.0,0.0,0.0,0.0,0.010640266037559562,0.0,0.0,0.0,0.0,0.0,0.0,0.0,0.0,0.0,-0.012957361888318333,0.0,0.0,0.0,0.0,0.0,0.0,-0.011413224744641995,0.0,0.0,0.0,0.0,0.0,0.0,0.0,0.0,0.0,0.013981317647244348,0.0,0.0,0.0,0.0,0.0,0.0,0.0,0.0,0.0,0.0,0.0,0.0,0.0,0.0,0.0,0.0,0.0,0.0,-0.01114111299149838,0.0,0.0,0.0,0.0,0.0,0.0,0.0,0.0,0.0,0.0,0.0,0.0,0.0,-0.010201516781725255,0.0,0.0,0.0,0.0,0.0,0.0,0.0,0.0,0.0,0.0,0.0,0.0,0.0,0.0
0.0,0.0,0.0,0.0,0.0,0.0,0.0152974566595016,0.0,0.0,0.0,0.0,0.0,0.0,0.0,0.0,0.012537500881670207,0.01089071137201372,0.0,0.0,0.0,0.01985744437342084,0.0,0.012641685908761031,0.0,0.0,0.0,0.0,0.0,0.0,0.0,0.0,0.0,0.015435039791149527,0.0,-0.013193402373876166,0.0,0.0,0.0,0.0,0.012301556671293444,0.0,0.0,0.0,0.0,0.0,0.0,0.0,0.0,0.0,0.0,0.0,0.0,0.0,0.0,0.0,0.0,0.0,0.0,0.0,0.0,0.0,0.011719580904106764,0.0,0.0,0.0,0.0,0.0,0.0,0.01629510277541983,0.0,0.0,0.0,0.0,0.0,0.0,0.013707453200848228,0.0,0.0,0.0,0.0,0.012018334897138392,0.0,0.0,0.0,0.0,0.0,0.0,0.0,0.0,0.0,0.0,0.0,0.0,0.0,0.0,0.0,0.0,0.0,0.0,0.0,0.0,0.0,0.0,0.0,0.0,0.0,0.0,0.0,0.0,0.0,0.0,0.0,0.0,0.0,0.0,0.0
0.0,0.0,0.0,0.0,0.0152492623644602,0.015606993373984664,0.015432705979943392,0.0,0.0,0.0,0.0,-0.012244563246036276,0.0,0.0,0.0,0.0,0.0,0.0,0.0,0.0,0.010966905848354292,0.0,0.0,0.0,0.0,0.0,0.0,0.0,0.0,-0.011410355282463983,0.0,0.0,0.0,-0.01409815798984991,-0.011607668656904196,0.0,0.0,0.0,0.0,0.0,0.010096846242045224,0.0,-0.015442508889898576,0.0,-0.011065417253346189,0.0,-0.015128454550198555,0.0,0.0,0.0,0.0,0.0,0.0,0.0,0.0,-0.010960123238307747,0.0,0.012833663079288711,0.0,-0.01936136833592024,0.0,-0.01637851611451706,0.0,-0.010023685267193416,0.0,0.0,0.0,0.0,0.0,-0.01388288814147682,0.0,0.0,0.0,-0.010443797406024965,0.0,0.0,0.0,0.0,0.0,0.0,0.0,0.0,0.0,0.0,0.0,0.0,0.0,-0.01045120607089666,0.0,0.0,-0.013781879749231575,0.0,0.0,0.0,0.0,0.0,0.0,0.0,0.0,-0.01567755654451254,-0.0137183584542322,-0.019634140535250675,-0.010708153645052456,0.0,0.0,0.0,0.0,0.0,0.0,0.0,0.010678826341447827,0.0,0.0,0.0,0.0,0.015083508287171728
0.0,0.0,0.0,0.0,0.0,0.0,0.0,0.0,0.0,0.0,0.0,-0.012192296471463745,0.0,0.0,0.0,0.011991421349035155,0.0116635786156481,0.012543497449320864,0.0,0.0,0.011993112694169252,0.0,0.010064884758806653,0.010160000678237708,0.0,0.0,0.0,0.0,0.0,0.0,0.0,0.0,0.015671600659123555,0.0,0.0,0.0,0.012527986806945899,0.0,0.0,0.011881454984097447,0.0,0.0,-0.0100398170098967,0.0,-0.015532728443610365,0.0,0.0,0.0,0.0,0.0,-0.010992948387854437,-0.01450966083334251,0.0,0.0,-0.011897888038597527,0.0,0.0,0.0,0.0,-0.010140961122130832,0.0,0.0,0.0,0.0,0.0,0.0,0.0,0.0,0.014246325743983369,0.0,0.0,0.0,0.0,0.0,0.010810038605955785,0.01816769184715292,0.0,0.011336575514212587,0.0,0.0,0.013863678274583659,0.0,0.0,0.0,0.014206338477502443,0.0,0.0,0.0,0.0,0.0,0.0,0.0,0.0,0.0,0.0,0.0,0.0,0.0,0.0,0.0,0.0,-0.01436711740017567,0.0,0.0,0.0,-0.011495708597111187,0.0,0.0,0.0,0.0,0.0,0.0,0.0,0.0,-0.012541351938018207,0.0
0.0,0.0,0.015249262364460187,0.0,0.0,0.0,0.0,-0.01014825553546434,0.0,0.0,0.0,-0.014300551477844429,0.0,0.0,0.0,0.0,0.0,0.0,0.0,0.0,0.0,0.0,0.0,0.0,-0.011005487447829329,0.0,0.0,0.0,0.0,-0.014524359663740832,0.0,0.0,0.0,-0.013553086271591111,-0.012142728573810727,-0.014052317389154531,0.0,0.0,0.0,0.0,0.0,0.0,-0.016894559410072355,-0.011818328622057908,-0.016192949806492062,0.0,0.0,-0.014075479590912487,0.0,0.0,0.0,-0.011420641389400216,0.0,0.0,0.0,-0.010639718310112536,0.0,0.012038331353334342,0.0,0.0,0.0,0.0,0.01174188124920646,0.0,0.0,0.0,0.0,0.0,0.0,-0.010503407500281978,0.0,0.0,0.0,0.0,0.0,0.0,0.0,0.0,-0.014698595139315556,0.0,0.0,0.0,0.0,0.0,0.0,0.0,0.0,0.0,0.0,0.0,0.0,0.0,0.0,0.0,0.0,0.0,0.0,0.0,0.0,0.0,0.0,-0.01698493381883729,-0.010269860384925354,0.0,0.0,0.0,0.0,0.0,0.0,0.0,0.0,-0.010414862250931516,-0.010951819720567165,0.0,0.0,0.0
0.013329740363299168,0.0,0.015606993373984664,0.0,0.0,0.0,0.01276337739317242,0.0,0.0,0.0,0.010647932590488006,-0.011918194192057276,0.0,0.0,0.0,0.0,0.0,0.0,0.0,0.0,0.0,0.0,0.0,0.0,0.0,0.0,0.010247438717565723,0.0,0.0,0.0,0.0,0.011350669744144472,0.0,0.0,-0.018476536598008596,0.0,0.0,0.0,0.0,0.0,0.0,0.0,0.0,0.0,0.0,0.0,0.0,0.0,0.0,0.0,0.0,0.0,0.0,0.0,0.0,0.0,0.0,0.0,0.0,-0.010522991893101685,0.01217091204148806,0.0,0.0,0.0,0.0,0.0,0.0,0.0,0.015000309829069356,-0.010627661002475685,0.0,0.0,0.0,0.0,0.0,0.011382276656700111,0.0,0.0,0.0,0.0,0.01037451034079544,0.0,0.0,0.0,0.0,0.0,0.0,0.0,0.0,0.0,0.0,0.0,0.0,0.0,0.0,0.0,0.0,0.0,0.0,0.0,-0.013468397420603028,0.0,0.0,0.011500391090894058,0.0101864573498558,0.0,0.0,0.014546954464335932,0.011379377203399432,0.0,0.0,0.0,0.0,0.0,0.0,0.0
0.01403436937592184,0.01529745665950156,0.015432705979943392,0.0,0.0,0.012763377393172412,0.0,0.014713876444938736,0.0,0.0,0.013137475514368993,0.0,-0.010481597927409428,0.0,0.0,0.0,0.0,0.0,0.0,0.013097984866694548,0.011098093772539726,0.0,0.0,0.0,0.0,0.0,0.0,0.0,0.0,0.0,0.0,0.0,0.013320813570932332,0.0,0.0,0.0,0.0,0.0,0.0,0.0,0.0,0.011739946277553271,0.0,0.0,0.0,0.014176845549536736,0.0,0.0,0.0,0.0,0.0,0.0,0.0,0.0,-0.012041625114480252,0.0,0.0,0.0,0.0,0.0,0.0,0.010149578081252376,0.0,0.0,0.0,0.013417606772427922,0.0,0.0,0.013159427025728072,0.0,0.0,0.0,0.0,0.0,0.0,0.01581552994917177,0.0,0.0,0.0,0.0,0.0,0.0,0.0,0.0,0.011127017394786111,0.0,0.0,0.0,0.0,0.0,0.013025494839382219,0.0,0.0,0.0,0.0,0.0,0.0,0.0,0.0,0.0,0.0,0.0,0.0,0.0,0.0,0.0,0.0,0.0,0.0,0.0,0.0,0.0,0.0,0.0,0.0,0.0
0.0,0.0,0.0,0.0,-0.010148255535464336,0.0,0.014713876444938736,0.0,0.0,0.0,0.010759630047120508,0.0,0.0,0.0,0.0,0.0,0.0,0.0,0.0,0.014233296697313677,0.016746089218280143,0.0,0.0,0.0,0.0,0.0,0.0,0.0,0.012133138899899802,0.0,0.0,0.0,-0.01326922310345478,0.0,0.0,0.0,0.0,0.0,0.012065347660389527,0.010708120461132627,0.0,0.010284923498276588,0.0,0.0,0.0,0.0,0.0,0.011720516568959435,0.010251613695083964,0.0,0.0,0.0,0.0,0.0,0.0,0.0,0.0123921858448103,0.015101091118277355,0.0,0.0,0.0,0.0,-0.011456940846432624,0.0,0.0,0.0,0.0,0.0,0.01671153485626976,0.0,0.0,0.0,0.0,0.0,0.0,0.0,0.012495212814965203,0.012189774624454128,0.0,0.0,0.0,0.0,0.0,0.0,0.0,0.0,0.0,0.0,0.0,0.0,0.0,0.0,0.0,0.0,0.0,0.0,0.010129841027799704,0.0,0.0,0.0,0.0,0.0,0.0,0.0,0.0,0.0,0.0,0.014921472838125364,0.0,0.010012467906859671,0.010988294773031947,0.0,0.0,0.0,0.0,0.012249873914647689
0.0,0.0,0.0,0.0,0.0,0.0,0.0,0.0,0.0,0.0,0.0,0.0,0.0,0.0,0.010920227170274698,0.0,-0.013069379406568368,0.0,0.0,0.0,0.0,0.0,0.0,0.0,0.0,0.0,0.0,0.0,0.0,0.0,0.0,0.011751830333182868,0.0,0.0,0.0,0.0,0.0,0.0,0.0,0.0,0.0,0.0,0.0,0.0,0.0,0.0,0.0,0.0,0.0,0.0,0.0,0.0,0.0,0.0,0.0,0.0,0.0,0.0,0.0,0.0,0.0,0.0,0.0,0.0,0.0,0.0,0.0,0.0,0.0,0.0,0.0,0.0,0.0,0.0,0.0,0.0,0.0,0.0,0.0,0.0,0.0,0.0,0.0,0.0,0.0,0.0,0.0,0.0,0.0,0.0,0.0,0.0,0.0,0.0,0.0,0.011426091613347225,0.0,0.0,0.0,0.0,0.0,0.0,0.0,0.0,0.0,0.0,0.0,0.0,0.0,0.0,0.0,0.0,0.0,0.0,-0.010064590958045792,0.010519258117861755
-0.01536078328032686,0.0,0.0,0.0,0.0,0.0,0.0,0.0,0.0,0.0,0.0,0.0,0.0,0.0,0.0,0.013837445833970927,0.0,0.0,0.0,0.0,0.0,0.0,0.0,0.0,0.0,0.0,0.0,0.0,0.0,0.0,0.0,0.01404614927227491,0.0,0.0,0.0,0.0,0.0,0.0,0.0,0.012956286383537656,0.0,0.0,0.0,0.0,0.0,0.0,0.0,-0.012127293848869236,0.0,0.0,0.0,0.0,0.0,0.0,0.0,0.0,0.0,0.0,-0.010785071863533684,0.0,0.0,0.0,0.0,0.0,0.0,0.0,0.0,0.0,0.0,0.0,0.0,0.0,0.0,0.0,0.0,0.0,0.0,0.0,0.0,0.0,0.0,0.0,0.0,0.0,0.0,0.0,0.0,0.0,0.0,0.0,0.0,0.0,0.0,0.0,0.0,0.0,0.0,0.0,0.0,0.0,0.0,-0.015034914222613592,0.0,0.0,0.0,0.0,-0.01166998020748722,0.0,0.0,0.0,0.0,0.0,0.0,0.0,0.0,0.0
0.0,0.0,0.0,0.0,0.0,0.010647932590488008,0.013137475514368994,0.010759630047120505,0.0,0.0,0.0,0.0,0.0,0.0,0.011960295375199012,0.0,0.0,0.0,0.016205597889587812,0.010247420891760476,0.01623719085408537,0.0,0.0,0.0,0.0,0.0,0.0,0.0,0.0,0.0,0.0,0.0,0.0,0.013978739961470883,-0.018931972307283624,0.0,0.01391369482674768,0.0,0.0,0.0,0.0,0.0,0.0,0.0,0.0,0.0,0.0,0.0,0.016452641910824843,0.0,0.0,0.0,0.0,0.0,0.0,0.0,0.0,0.0,0.0,0.0,0.0,0.0,-0.012487331899157128,0.0,0.0,0.0,0.0,0.0,0.012933629801818187,0.0,0.0,0.0,0.0,0.0,0.0,0.0,0.0,0.0,0.013213109659383888,0.0,0.0,0.0,0.0,0.0,0.0,0.0,0.0,0.0,-0.01440060452767106,0.0,-0.012079009855219487,0.0,0.0,0.0,0.0,0.013750531805109482,0.010811229421057675,0.0,0.010479901205338522,0.0,0.0,-0.020481633713191012,-0.01266212522594494,0.0,0.01205144305074158,0.0,0.0,0.0,0.0,0.0,0.0,0.010790068670140566,0.0,0.0,0.0,0.0
0.0,0.0,-0.01224456324603628,-0.012192296471463747,-0.014300551477844432,-0.01191819419205728,0.0,0.0,0.0,0.0,0.0,0.0,0.0,0.0,0.0,0.0,0.0,0.0,0.0,0.0,0.015755085051574982,0.0,0.0,0.0,0.0,0.0,-0.013361160455925628,0.0,0.0,0.0,0.0,0.0,-0.01618946161489258,0.0,0.0,0.0,0.0,0.0,0.0,0.0,0.0,0.0,-0.013384414368015492,0.0,0.010592538124213612,0.0,0.0,0.0,0.0,0.0,-0.011856838654987016,0.0,0.0,-0.010438508001171055,0.0,0.0,0.0,0.0,0.0,0.0,0.0,0.0,0.0,0.0,0.0,0.0,0.0,0.0,0.0,-0.013324942334088768,0.0,0.0,0.0,0.0,0.0,0.0,0.0,0.0,0.0,0.0,0.0,0.0,0.0,0.0,0.0,0.0,0.0,0.0,0.0,0.0,0.0,-0.010394395640334427,0.0,0.0,0.0,0.0,0.0,0.0,0.0,0.0,0.0,-0.013386560655235942,0.0,0.0,0.0,0.0,0.0,0.0,0.0,0.0,0.0,0.0,0.0,0.0,0.0,0.0
0.0,0.0,0.0,0.0,0.0,0.0,-0.010481597927409434,0.0,0.0,0.0,0.0,0.0,0.0,0.0,0.0,0.0,0.0,-0.019247392579151094,0.0,-0.018925881401998884,0.010506496542778144,0.0,0.0,0.0,0.0,0.0,0.0,0.0,0.0,0.0,-0.012793149726245843,0.0,-0.018300296228978545,-0.011650060976582293,-0.020760345602512807,0.0,0.0,0.0,0.0,0.0,0.0,0.0,0.0,0.0,0.0,0.0,0.0,0.0,0.0,0.0,0.0,0.0,0.0,0.0,0.0,-0.016462939197815094,0.0,0.0,0.0,-0.014487981781563889,0.0,-0.01250610491205914,0.0,0.0,0.0,-0.011493202520487368,0.0,0.0,0.0,-0.020843449365914264,0.0,-0.014133225090746672,0.0,-0.016178082102601535,-0.022410518344216656,-0.012787556265185348,0.0,-0.01438285217418066,0.0,0.0,0.0,0.0,0.0,0.010804095423823606,0.0,0.0,0.0,0.0,0.0,0.0,0.0,-0.022458166674875567,0.0,0.0,0.0,-0.01033635698186,0.0,0.0,0.0,0.0,0.0,-0.015828619030624533,0.0,0.0,-0.010487880001983004,-0.021304539426066665,0.0,0.0,-0.010469607873843972,0.0,0.0,0.0,0.0,-0.010994240490683435,0.0,0.0
0.0,0.0,0.0,0.0,0.0,0.0,0.0,0.0,0.0,0.0,0.0,0.0,0.0,0.0,0.0,0.0,0.0,0.0,0.0,-0.010534454487474528,0.012338470902647768,0.0,0.0,0.010268936241421637,0.0,0.0,0.0,0.0,0.0,0.0,0.0,0.0,0.0,0.0,-0.022470244851179936,0.0,0.0,0.0,0.0,0.0,0.0,0.0,0.0,0.0,0.0,0.0,0.0,0.0,0.0,0.0,0.0,0.0,0.0,-0.015693969614621193,0.0,0.0,0.01839597576795856,0.0,0.0,-0.010530779636184297,0.0,0.0,0.0,0.010272941293863655,0.0,0.0,0.0,0.0,0.0,-0.010123270674571545,-0.013553555588928515,-0.015032355751458504,0.0,0.0,0.0,0.0,0.0,-0.010639838159667889,0.0,0.0,0.0,0.0,0.0,0.0,0.0,0.0,0.0,0.0,0.0,0.0,0.0,-0.011007693314783355,0.0,0.0,0.012683994950394809,0.0,0.0,0.0,0.0,0.0,-0.012666913099233283,-0.018411471973397944,0.0,0.0,0.0,0.0,0.0,0.0,0.0,0.0,0.0,0.0,0.0,0.0,0.01709501523582404,0.01184373040938327
0.0,0.0,0.0,0.0,0.0,0.0,0.0,0.0,0.010920227170274703,0.0,0.011960295375199007,0.0,0.0,0.0,0.0,0.0,-0.01881403348163955,0.014142391431342516,0.0,0.0,0.0,0.0,0.0,0.0,0.0,0.0,0.0,0.0,0.0,0.0,0.0,0.0,0.0,0.0,0.0,0.0,0.0,0.0,0.0,0.0,0.0,0.0,0.0,0.0,0.0,0.0,0.0,0.0,0.0,0.0,0.0,-0.012829624161865368,0.0,0.0,0.0,0.0,0.0,0.0,0.0,-0.010054927301800524,-0.013921741036290436,-0.01015530336443907,-0.010899744664853743,0.0,0.0,0.0,0.0,0.0,0.0,0.0,0.0,0.0,-0.010493689034479772,0.0,0.0,0.0,0.0,0.0,0.0,0.0,0.0,0.0,0.0,0.0,0.0,0.0,0.0,0.0,0.0,0.0,0.0,0.0,0.0,0.0,0.0,0.011258651218104883,0.0,0.0,0.0,0.0,0.0,0.0,0.0,0.0,0.0,0.0,0.0,0.0,0.0,0.0,0.0,0.0,0.0,0.0,0.0,0.0
0.0,0.012537500881670213,0.0,0.01199142134903515,0.0,0.0,0.0,0.0,0.0,0.01383744583397093,0.0,0.0,0.0,0.0,0.0,0.0,0.0,0.0,0.0,-0.012887242919591306,0.012182023781972912,0.0,0.0,0.0,0.0,0.0,0.0,0.0,0.0,0.0,0.0,0.0,0.0,0.015090456244691623,-0.01138695406878244,0.0,0.0,0.0,0.0,0.0,0.0,0.0,0.0,0.0,0.0,0.0,0.0,0.0,0.0,0.0,0.0,0.0,0.0,0.0,0.0,0.0,0.0,0.0,0.0,0.0,0.0,0.0,0.0,0.0,0.0,0.0,0.0,0.0,0.0,0.0,0.0,0.0,0.0,0.0,0.0,0.0,0.0,0.0,0.0,0.0,0.0,0.0,0.0,0.0,0.0,0.0,0.0,0.0,0.0,0.01207277773032141,0.0,0.0,0.0,0.0,0.0,0.012723331697831564,0.0,0.0,0.0,0.0,0.0,-0.012661228505333444,0.0,0.0,0.0,-0.012460262021349132,0.0,0.0,0.0,0.0,0.0,0.010984633853519011,0.0,0.0,0.0,0.0
-0.014799486638053465,0.010890711372013763,0.0,0.011663578615648106,0.0,0.0,0.0,0.0,-0.013069379406568372,0.0,0.0,0.0,0.0,0.0,-0.01881403348163955,0.0,0.0,0.0,-0.012164432369177844,0.0,0.0,0.0,0.0,0.0,0.0,0.012704936803411391,0.011760626039982056,0.0,-0.013631047755106304,0.0,0.0,0.0,0.0,0.0,0.0,0.0,-0.014529181034819504,0.0,0.0,0.0,0.0,0.0,0.0,0.0,0.0,0.0,0.0,-0.015022248252846263,0.0,0.0,-0.011669602177815671,-0.02146892043863022,0.0,0.0,-0.018450145695779376,0.0,0.0,0.0,0.0,0.0,0.0,0.0,0.0,0.0,0.0,0.0,-0.013183443961480242,-0.010510637856511832,0.0,0.0,0.0,0.0,-0.011042790825715115,0.0,0.01060926343372669,0.0,0.0,0.0,-0.012380176872694037,0.0,0.0,0.0,0.0,0.0,0.012731578916144721,0.0,0.0,0.0,0.0,0.0,0.0,0.0,0.0,0.0,0.0,0.0,0.0,0.0,-0.016218940684109576,-0.013222499682203789,0.0,0.0,0.0,0.0,0.0,0.0,-0.01785568101065409,0.0,0.0,0.0,0.0,0.0,0.0,0.0,-0.01835854224738073,0.0
0.0,0.0,0.0,0.012543497449320864,0.0,0.0,0.0,0.0,0.0,0.0,0.0,0.0,-0.019247392579151094,0.0,0.014142391431342516,0.0,0.0,0.0,0.0,0.0,0.0,0.0,0.0,0.0,0.0,0.0,0.0,0.0,0.0,-0.011121826367951103,0.0,0.0,0.0,0.0,0.0,0.0,0.0,0.0,0.0,0.0,0.0,0.0,0.012273535428559842,0.0,0.014029782047164645,0.0,0.0,0.0,0.0,0.0,-0.015535246391123098,0.0,0.0,0.0,0.0,0.011733582721977437,0.0,0.0,0.010740916237142947,0.0,0.0,0.0,0.0,0.01689835982640389,0.0,0.0,0.0,0.014224333125017556,0.0,0.0,-0.014788718401676908,0.0,0.0,0.0,0.0,0.0,0.0,0.0,0.014600529444286716,0.010052810163430351,0.0,0.013482709163950444,0.0,0.01481949744240332,0.016142907646266032,0.0,0.0,0.0,0.0,0.0,0.0,0.0,0.01894347451614689,0.022000864558032664,0.0,0.011050323827233068,0.019832011989411157,0.0,0.013021737994708677,0.012405293778102807,0.010792895191309927,0.0,0.0,0.0,0.0,0.0,0.0,0.0,0.0,0.0,-0.01152082273398315,0.0,0.0,0.0,0.0,-0.01721945214112258
0.0,0.0,0.0,0.0,0.0,0.0,0.0,0.0,0.0,0.0,0.016205597889587812,0.0,0.0,0.0,0.0,0.0,-0.01216443236917784,0.0,0.0,0.0,0.011383136021562016,0.0,0.0,0.0,-0.011159935431182252,0.0,0.0,0.0,-0.012048997944226631,0.0,0.0,-0.010377198726610394,0.0,0.0,0.0,0.0,0.0,0.0,0.0,0.0,0.0,0.010045455720264175,0.0,0.01027370780756889,0.0,0.0,0.0,0.0,0.0,0.0,0.0,0.0,0.0,0.0,0.01160346398972174,0.0,0.0,0.0,0.0,0.0,0.0,0.0,0.0,0.0,0.0,0.0,0.0,0.0,0.0,0.0,0.0,0.0,0.0,0.0,0.0,0.0,0.0,0.0,0.0,0.0,0.0,0.0,0.0,0.0,0.0,0.0,0.0,0.0,0.0,0.0,0.0,0.0,0.0,0.0,0.0,0.0,0.01013941400967466,-0.011627869380917644,0.0,0.0,0.0,0.0,0.0,0.0,0.0,0.0,0.0,0.0,-0.015905450990927925,0.0,-0.010103074166017372,0.0,0.0,0.0,0.0,0.0
0.010038568381039156,0.0,0.0,0.0,0.0,0.0,0.013097984866694548,0.01423329669731368,0.0,0.0,0.010247420891760478,0.0,-0.018925881401998888,-0.010534454487474528,0.0,-0.0128872429195913,0.0,0.0,0.0,0.0,0.01830265807082953,0.0,0.0,0.0,0.0,0.0,0.0,0.0,0.0,0.0,0.0,0.0,0.0,0.0,-0.010825624604961377,0.0,0.0,0.0,0.0,0.0,0.0,0.01427594223316922,0.0,0.0,0.011858925287469017,0.0,0.0,0.0,0.0,0.0,0.0,0.0,0.0,0.0,0.0,0.0,0.0,0.011568152473364792,0.0,0.0,0.0,0.0,0.0,0.0,0.0,0.0,0.0,0.0,0.012469215672497952,0.0,0.0,0.0,0.0,-0.016873776811081896,0.0,0.0,0.0,0.0,0.0,0.0,-0.018763957426027704,0.0,-0.011977141668385328,0.0,0.0,0.0,0.0,0.0,0.0,0.0,0.0,-0.010341414096723652,0.0,0.0,0.0,0.0,0.01176669510767643,0.0,0.0,0.0,0.0,0.0,0.0,0.0123992596936441,0.010239246174211285,-0.011949111489707665,0.0,0.0,0.0,0.012253901999075912,0.0,0.0,0.0,0.0,0.0,0.0
0.0,0.01985744437342084,0.010966905848354292,0.01199311269416926,0.0,0.0,0.011098093772539725,0.01674608921828014,0.0,0.0,0.01623719085408537,0.015755085051574982,0.010506496542778148,0.012338470902647771,0.0,0.01218202378197291,0.0,0.0,0.011383136021562008,0.01830265807082953,0.0,0.0,0.0,0.0,0.0,0.0,0.0,0.011907173855583411,0.0,0.0,0.0,-0.011534312358387307,0.014987024915000856,0.0,0.0,-0.01053914058805558,0.0,0.0,0.0,0.0,0.0,0.011982096845704048,0.014833570637985972,0.018426398701827315,0.02582261289470124,0.0,0.0,0.0,0.0,0.0,0.0,0.0,0.0,0.0,0.0,0.0,0.0,0.0,0.0,0.0,0.0,0.0,-0.011285938115882289,0.0,0.0,0.0,0.0,0.0,0.0,0.0,0.012494250195491151,0.0,0.0,0.0,0.0,0.0,0.0,0.0,-0.01312186688504072,0.0,0.0,0.0,0.0,0.0,0.0,0.0,0.0,0.0,0.0,0.0,0.01231997192989448,0.0,0.0,0.0,0.0,0.0,0.0,-0.014323598254689079,0.0,0.0,0.0,0.0,0.0,0.015890563051968884,0.01635739957834549,0.0,0.0,0.0,0.0,0.0,0.0,0.0,0.0,0.0,0.0,0.014774334574462963
0.0,0.0,0.0,0.0,0.0,0.0,0.0,0.0,0.0,0.0,0.0,0.0,0.0,0.0,0.0,0.0,0.0,0.0,0.0,0.0,0.0,0.0,0.0,0.0,0.0,0.0,0.0,0.0,0.0,0.0,0.0,0.0,0.0,0.0,0.0,0.0,0.0,0.0,0.0,0.0,0.0,0.0,0.0,0.0,-0.010147058393975372,-0.010269939230150796,0.0,0.0,0.0,0.0,0.0,0.0,0.0,0.0,0.0,-0.01112072873197726,0.0,0.0,0.0,-0.011089895521094677,0.0,0.0,-0.016619033225567653,0.0,-0.011802431461335259,-0.017751801700844845,0.0,0.0,0.0,-0.011765046120461375,0.0,-0.01711898387686609,0.0,0.0,0.0,0.0,0.0,0.0,0.0,0.0,0.0,0.0,0.0,0.0,0.0,0.0,0.0,0.0,0.0,0.010624899323191389,0.0,0.0,0.0,0.0,0.0,0.0,0.0,0.0,0.0,0.0,0.0,-0.011634604606988811,0.0,0.0,0.0,0.0,0.0,0.01487359101790011,0.0,0.0,0.0,0.0,0.0,0.0,0.0,0.0
0.0,0.012641685908761033,0.0,0.010064884758806654,0.0,0.0,0.0,0.0,0.0,0.0,0.0,0.0,0.0,0.0,0.0,0.0,0.0,0.0,0.0,0.0,0.0,0.0,0.0,0.0,0.0,0.0,0.0,-0.014517092378745572,0.0,0.0,0.011848108181561696,0.0,0.011577513705441637,0.0,0.0,0.0,0.0,0.0,0.01171732759000026,-0.010386758277057744,0.0,-0.011129676276926452,0.0,-0.011658512705843104,0.0,-0.011751391329940415,0.0,0.0,0.0,0.0,-0.011964492047964933,-0.010758441904539033,0.0,0.0,0.0,0.0,0.0,0.0,0.0,0.0,0.0,0.0,-0.010451649595934635,0.0,0.0,-0.012020887715341648,-0.015078718905811243,0.0,0.0,0.0,0.0,0.0,-0.012472679814111511,0.0,0.0,0.0,0.0,0.0,0.0,0.013869292482302911,0.0,0.0,0.0,0.0,0.0,0.0,0.0,0.0,0.0,0.0,0.0,0.010124878794368464,0.0,0.0,0.0,0.0,0.0,-0.01284248643094989,0.0,-0.010606935713977458,0.0,-0.013126264372773913,-0.01205644020384964,0.0,0.0,0.0,0.0,0.0,0.0,0.0,0.0,0.0,0.0,0.0,0.0,0.0
0.0,0.0,0.0,0.010160000678237708,0.0,0.0,0.0,0.0,0.0,0.0,0.0,0.0,0.0,0.01026893624142164,0.0,0.0,0.0,0.0,0.0,0.0,0.0,0.0,0.0,0.0,0.0,0.0,0.0,0.0,0.0,0.011417406824098655,0.016126182013801046,0.0,0.0,0.0,0.0,0.0,0.0,0.0,0.0,-0.010371229319115865,0.0,0.0,0.0,0.0,0.0,0.0,0.0,0.0,0.0,0.0,0.0,0.0,0.0,0.0,0.014657916349802343,0.0,0.011244421963079227,0.0,0.0,0.0,0.0,0.0,0.0,0.0,0.0,-0.010777330905556413,0.0,0.0,0.0,0.0,0.0,0.0,0.0,0.0,0.0,0.0,0.0,0.0,-0.010976436341338996,0.0,0.0,0.0,0.0,0.0,0.0,0.0,0.0,0.0,0.0,0.0,0.0,0.0,0.0,0.0,0.0,0.0,0.0,0.0,0.0,0.0,0.0,-0.01012079883179897,0.0,0.014778708488988952,0.0,0.0,0.01116334956125944,0.01761334453079602,0.01106238520057004,0.01199461779382613,0.0,0.0,0.019011951318528206,0.0,0.0,0.013803163266832045
0.0,0.0,0.0,0.0,-0.011005487447829329,0.0,0.0,0.0,0.0,0.0,0.0,0.0,0.0,0.0,0.0,0.0,0.0,0.0,-0.011159935431182256,0.0,0.0,0.0,0.0,0.0,0.0,0.0,0.0,0.0,0.0,0.0,0.0,0.0,0.0,0.0,0.0,0.0,-0.010079504048717864,0.0,0.0,0.0,0.0,0.0,0.0,0.0,0.0,0.0,0.0,0.0,0.0,0.0,0.0,-0.012810367987811483,0.0,0.0,0.0,-0.014667762071993596,0.0,0.0,0.0,0.0,0.0,0.0,-0.015489002101502104,0.0,-0.014213157947140332,-0.013459741903024708,0.0,0.0,0.0,0.0,0.0,0.0,-0.013106710563998125,0.0,0.0,0.0,0.0,0.0,0.0,0.0,0.0,0.0,0.0,0.0,0.010787465452459592,0.0,0.0,0.0,0.0,0.0,0.0,0.0,0.0,0.0,0.0,-0.014971070230293012,0.0,0.0,0.0,-0.01063262831277993,0.0,-0.01000322922263694,-0.01928665812151112,0.0,-0.011445066203069744,0.0,-0.010164875994396439,0.0,0.0,0.0,0.0,0.0,0.0,0.0,0.0,0.0
0.0,0.0,0.0,0.0,0.0,0.0,0.0,0.0,0.0,0.0,0.0,0.0,0.0,0.0,0.0,0.0,0.012704936803411391,0.0,0.0,0.0,0.0,0.0,0.0,0.0,0.0,0.0,0.0,0.0,0.0,0.0,0.0,0.0,0.0,0.012033420147544372,0.0,0.0,0.0,0.0,0.0,0.0,0.0,0.0,0.0,0.0,0.0,-0.011714218858695363,0.0,0.0,0.0,0.0,-0.012351837690655024,0.0,0.0,0.0,0.0,0.0,0.0,0.0,0.0,0.0,0.011738423062668424,0.0,-0.013810366591582355,0.0,-0.011461174709352142,-0.01966518524089019,0.0,0.0,0.0,0.0,0.0,-0.011715721887785696,0.0,-0.010013205057213476,0.0,0.0,0.0,0.0,0.0,0.010877553925834735,0.0,0.0,0.0,0.0,0.0,0.0,0.0,0.0,0.0,0.0,0.0,0.0,0.0,0.0,0.0,0.0,0.0,0.0,0.0,0.0,0.0,-0.015643585986923725,-0.015395106512385607,0.0,0.0,0.0,0.0,0.0,0.0,0.0,0.0,0.0,0.0,0.010643272548973836,0.0,0.0
0.0,0.0,0.0,0.0,0.0,0.010247438717565727,0.0,0.0,0.0,0.0,0.0,-0.01336116045592563,0.0,0.0,0.0,0.0,0.011760626039982056,0.0,0.0,0.0,0.0,0.0,0.0,0.0,0.0,0.0,0.0,0.0,0.0,0.02196360579600645,0.011736464185489064,0.0,0.0,0.0,0.0,-0.011911746116284538,0.0,0.0,0.0,0.0,0.0,0.0,0.0,0.0,0.0,0.0,0.0,0.0,0.0,0.0,0.0,0.0,0.0,0.0,0.0,-0.012867614196692911,0.0,0.0,0.0,0.0,0.0,0.0,-0.010418120330799184,0.0,0.0,0.0,0.0,0.0,0.0,-0.012391788811349724,-0.01244788210336202,-0.011708675170045719,0.0,-0.013610359690089972,0.0,0.0,0.0,0.0,0.0,0.0,0.0,0.0,0.0,-0.014354885195328626,0.0,0.0,0.0,0.013089445513178836,0.0,0.0,0.0,0.0,0.0,0.0,0.0,0.0,0.0,0.0,0.0,0.0,0.0,0.0,-0.017151810126016593,0.0,0.0,0.0,0.0,0.0,0.0,0.0,0.0,0.0,0.010006193199310825,0.0,-0.010866242903726692,0.0
0.0,0.0,0.0,0.0,0.0,0.0,0.0,0.0,0.0,0.0,0.0,0.0,0.0,0.0,0.0,0.0,0.0,0.0,0.0,0.0,0.01190717385558342,0.0,-0.01451709237874557,0.0,0.0,0.0,0.0,0.0,0.01127886892388484,0.0,0.0,0.0,0.0,0.0,0.0,0.0,0.0,0.0,0.0,0.0,0.0,0.011550513599868813,0.0,0.0,0.0,0.0,0.011400107462296884,0.0,0.0,0.0,0.0,0.0,0.0,0.0,0.0,0.0,0.0,0.0,0.0,-0.010550897033859136,0.0,0.0,0.0,0.0,-0.015151054358496757,0.0,0.0,0.0,0.0,-0.010788200034760664,0.0,-0.01048265543429476,0.0,-0.01490474158156136,0.0,0.0,0.0,0.0,0.0,0.0,-0.01576971750690018,0.0,-0.013763199625766965,-0.017032933060098406,0.0,-0.014214046622007844,0.012950949447173425,0.0,0.0,0.0,0.0,0.0,0.0,0.0,0.0,0.0,0.012585958538262172,0.0,0.0,0.0,0.0,0.0,0.0,0.017529680820388818,0.0,0.0,0.0,0.0,0.0,0.0,0.0,0.0,0.0,0.0,0.0,0.0
0.0,0.0,0.0,0.0,0.0,0.0,0.0,0.012133138899899807,0.0,0.0,0.0,0.0,0.0,0.0,0.0,0.0,-0.0136310477551063,0.0,-0.012048997944226631,0.0,0.0,0.0,0.0,0.0,0.0,0.0,0.0,0.011278868923884836,0.0,0.0,0.0,0.0,0.0,0.0,0.0,0.0,0.0,0.0,0.0,0.0,0.0,0.0,0.0,0.0,0.0,0.01053235011421148,0.0,-0.01234821178050496,0.0,0.0,0.0,0.0,0.0,0.0,0.0,0.0,0.0,0.010949338520421544,0.0,0.0,0.0,0.0,0.0,0.0,0.0,0.0,0.0,0.0,0.0,0.0,0.0,0.0,0.0,0.0,0.0,0.0,0.0,0.0,0.0,0.0,0.0,0.0,0.0,0.0,0.0,0.0,0.0,0.0,0.0,0.0,0.0,0.0,0.0,0.0,0.0,0.0,0.0,0.0,0.0,0.0,0.0,0.0,0.0,0.0,0.0,0.0,0.0,0.0,0.0,0.0,0.0,0.0,0.0,0.0,0.0,0.0
0.0,0.0,-0.01141035528246399,0.0,-0.01452435966374083,0.0,0.0,0.0,0.0,0.0,0.0,0.0,0.0,0.0,0.0,0.0,0.0,-0.011121826367951107,0.0,0.0,0.0,0.0,0.0,0.01141740682409865,0.0,0.0,0.021963605796006445,0.0,0.0,0.0,0.0,0.0,0.0,0.0,0.0,0.0,0.0,0.0,0.0,0.012212625476798057,0.011689748272794691,0.0,0.0,0.0,-0.010523534089804235,0.015248588529750284,0.0,0.0,0.0,0.010235835049868197,0.0,0.0,0.0,0.0,0.0,0.0,0.0,0.0,0.0,0.0,0.0,0.0,0.0,0.017091448887520188,0.0,0.0,0.0,0.0,0.016855608918132228,0.0,0.0,0.0,0.0,0.0,0.0,0.0,0.0,0.010762184987297694,0.0,0.0,0.0,0.0,0.0,0.016650902556684333,0.019394959915497948,0.0,0.0,0.01526827850805464,0.0,0.0,0.0,0.0,0.0,0.0,0.0,0.0,0.0,0.0,0.0,0.0,0.0,0.0,0.0,0.0,0.0,0.010496631453573048,0.0,0.0,0.0,0.0,0.0,0.0,0.0,0.0,0.0,0.0
0.0,0.0,0.0,0.0,0.0,0.0,0.0,0.0,0.0,0.0,0.0,0.0,-0.012793149726245843,0.0,0.0,0.0,0.0,0.0,0.0,0.0,0.0,0.0,0.011848108181561694,0.016126182013801046,0.0,0.0,0.01173646418548906,0.0,0.0,0.0,0.0,-0.01485884582929398,0.01446410783373342,0.0,0.0,0.0,0.0,0.0,0.0,0.0,0.0,0.0,0.0,-0.011706639964316482,-0.0126503977150719,0.015394704132408744,0.010931722564438627,0.0,0.0,0.0,0.0,0.0,0.01025610757199144,0.0,0.0,0.0,0.0,0.0,0.0,0.0,0.0,0.013394429743042382,0.0,0.013273485097390897,0.0,0.0,0.0,0.0,0.014090297709735187,0.0,0.0,0.0,0.0,0.0,0.010182163299311583,0.0125713381633776,0.0,0.01033252386003803,-0.010881866825622234,0.0,0.011829636012365755,0.0,0.013373652459887612,0.014378987347163304,0.0179208276917907,0.0,0.0,0.0,0.0,0.0,0.0,0.010469426815735393,0.0,0.0,0.0,0.0,0.0,0.0,0.0,0.0,0.0,0.0,0.0,0.010255781062068292,0.0,0.0,0.0,0.0,0.01209024644686772,0.0,0.013167882739545325,0.0,0.0,0.0,0.0,0.0
0.0,0.0,0.0,0.0,0.0,0.011350669744144467,0.0,0.0,0.011751830333182865,0.014046149272274912,0.0,0.0,0.0,0.0,0.0,0.0,0.0,0.0,-0.010377198726610396,0.0,-0.011534312358387302,0.0,0.0,0.0,0.0,0.0,0.0,0.0,0.0,0.0,-0.014858845829293968,0.0,0.0,0.0,0.0,0.0,0.0,0.0,0.0,0.012422827783336955,0.0,0.0,0.0,0.0,0.0,0.0,0.0,0.0,0.0,0.0,0.0,-0.011403890736615477,-0.010310151768088176,0.0,0.0,-0.01119840458875698,-0.014961526590972477,0.0,0.0,0.0,0.0,0.0,0.0,0.0,0.0,0.0,0.0,0.0,0.0,0.0,0.0,0.0,0.0,0.0,0.0,0.0,0.0,0.0,-0.012032853426351083,0.0,0.0,0.0,0.0,0.0,0.0,0.0,0.0,0.0,0.0,-0.010374971819598792,0.0,0.0,0.0,0.0,0.0,0.0,0.0,0.0,0.0,0.0,0.0,0.0,0.0,0.0,0.0,0.0,-0.013073570691742368,0.0,0.0,0.0,0.0,0.0,0.0,0.0,0.0,0.0
0.0,0.01543503979114952,0.0,0.015671600659123555,0.0,0.0,0.013320813570932332,-0.013269223103454787,0.0,0.0,0.0,-0.01618946161489258,-0.01830029622897853,0.0,0.0,0.0,0.0,0.0,0.0,0.0,0.014987024915000865,0.0,0.011577513705441637,0.0,0.0,0.0,0.0,0.0,0.0,0.0,0.01446410783373342,0.0,0.0,0.0,-0.01077827604386542,0.0,0.0,0.0,0.0,0.0,0.0,0.0,-0.014114576283945848,-0.011851056884313172,0.0,0.0,0.0,0.0,0.0,0.0,0.0,0.0,0.0,0.0,0.0,0.0,0.0,0.0,0.0,0.0,0.0,0.017381091050775566,0.0,0.0,0.0,0.0,0.0,0.0,0.0,-0.012687091784405387,-0.01388523172749103,-0.013592807810701714,0.0,0.0,0.0,0.010376975131869711,0.0,0.0,0.0,0.0,0.0,0.0,0.0,0.0,0.0,0.0,-0.012708281331708903,0.0,0.0,0.0,0.0,0.0,0.0,0.0,0.0,0.0,0.0,0.0,0.0,0.0,-0.01864990215177231,-0.026089143936842807,-0.012227674534503519,0.010586306325228964,0.014399783116135347,0.0,0.0,0.0,0.0,0.0,0.0,0.0,0.0,0.0,0.0,0.0
-0.010180244888889687,0.0,-0.014098157989849916,0.0,-0.013553086271591111,0.0,0.0,0.0,0.0,0.0,0.013978739961470884,0.0,-0.011650060976582293,0.0,0.0,0.015090456244691627,0.0,0.0,0.0,0.0,0.0,0.0,0.0,0.0,0.0,0.01203342014754438,0.0,0.0,0.0,0.0,0.0,0.0,0.0,0.0,0.0,0.010536386704856966,0.0,0.0,0.0,0.0,0.0,0.0,0.0,0.0,0.0,0.0,0.0,0.0,0.0,0.0,-0.010506997112095486,0.0,0.0,0.0,0.0,0.0,0.0,0.0,0.0,0.0,0.0,0.0,-0.01741387426369374,0.0,0.0,-0.01069602727853553,0.0,0.0,0.0,0.0,0.0,0.0,0.0,0.0,0.0,0.0,0.0,0.0,0.0,0.0,0.0,0.0,0.0,0.0,0.013465846739911335,0.0,0.0,0.0,0.0,0.0,0.0,0.0,0.01289981407972883,0.016062139490908955,0.0,0.0,0.012919783723420983,0.010298347459379652,0.0,0.0,0.0,-0.01016083743658587,0.0,0.0,0.0,0.0,0.0,0.0,0.0,0.0,0.0,0.010584269572615636,0.0,0.010226395378344256,0.010061052146915616,0.0
-0.014218064319149107,-0.013193402373876171,-0.011607668656904196,0.0,-0.012142728573810725,-0.018476536598008596,0.0,0.0,0.0,0.0,-0.018931972307283624,0.0,-0.020760345602512807,-0.022470244851179936,0.0,-0.011386954068782443,0.0,0.0,0.0,-0.010825624604961377,0.0,0.0,0.0,0.0,0.0,0.0,0.0,0.0,0.0,0.0,0.0,0.0,-0.01077827604386542,0.0,0.0,0.0,0.0,0.0,0.0,0.0,-0.012498215135739671,0.0,-0.011735656517863676,0.0,0.0,0.0,0.0,-0.017756891990227477,-0.011104842917841412,0.0,0.0,0.0,0.0,0.0,0.0,0.0,-0.012854997473070092,0.0,0.0,0.0,-0.01961753136066005,-0.011314826211786078,-0.010870951577450346,0.0,0.0,-0.011692275453896313,0.0,0.0,0.0,0.0,-0.013551771759977708,-0.02286091198064178,0.0,0.0,0.0,0.0,0.0,0.0,0.0,0.0,0.0,0.0,0.0,0.0,0.0,0.0,0.0,0.0,0.0,0.0,0.0,0.0,-0.012145289871137138,0.0,0.0,0.0,0.0,0.0,-0.011547545708409046,0.0,0.0,0.0,0.0,-0.012449759629613796,0.0,-0.011125595965625684,0.0,0.0,0.0,0.0,0.0,0.0,0.0,0.0,0.0,0.0
0.0,0.0,0.0,0.0,-0.01405231738915454,0.0,0.0,0.0,0.0,0.0,0.0,0.0,0.0,0.0,0.0,0.0,0.0,0.0,0.0,0.0,-0.01053914058805558,0.0,0.0,0.0,0.0,0.0,-0.011911746116284528,0.0,0.0,0.0,0.0,0.0,0.0,0.010536386704856971,0.0,0.0,0.0,-0.010535681129857102,0.0,0.0,0.0,0.0,0.0,0.0,0.0,0.0,0.0,0.0,0.0,0.0,-0.01132292075630836,0.0,0.0,0.011948653174466955,0.0,0.0,0.012456822131371215,0.010885568087317568,0.0,-0.017625784343122168,0.0,-0.01683570083914221,-0.01204008734350546,0.0,0.0,0.0,0.0,0.0,0.0,0.0,-0.01412562004609326,-0.011392511536392702,0.0,0.0,0.0,0.0,0.0,0.0,-0.011012152636005992,0.0,0.0,0.0,0.0,0.0,0.0,0.0,0.0,0.0,0.0,0.0,-0.01278799329985696,0.0,0.0,0.0,0.0,0.0,0.0,0.0,0.0,0.0,0.0,-0.013596182793035117,0.0,0.0,0.011323910361367892,0.0,0.0,0.0,0.0,0.0,0.013457480249500617,0.0,0.0,0.0,0.0,0.0
0.0,0.0,0.0,0.012527986806945904,0.0,0.0,0.0,0.0,0.0,0.0,0.013913694826747683,0.0,0.0,0.0,0.0,0.0,-0.014529181034819504,0.0,0.0,0.0,0.0,0.0,0.0,0.0,-0.010079504048717864,0.0,0.0,0.0,0.0,0.0,0.0,0.0,0.0,0.0,0.0,0.0,0.0,0.012998824711469755,0.0,0.016063915259489882,0.0,0.0,0.0,0.0,0.0,0.0,0.0,0.0,0.0,0.0,0.0,0.0,-0.010253967997394515,0.0,0.0,0.0,0.0,0.0,-0.010444185187119207,-0.010863025182849675,0.0,0.0,0.0,0.0,0.0,0.0,0.0,-0.013217461232491711,0.01075281788095968,0.0,0.0,0.0,0.0,0.0,0.0,0.0,0.0,0.0,-0.013719225604159316,0.0,0.0,0.0,0.0,0.0,0.0,0.0,0.0,0.0,0.0,0.0,0.0,0.0,0.0,0.0,0.0,0.0,0.0,0.0,0.0,0.0,0.0,0.0,0.0,0.010256774844447574,0.01353640243061405,0.0,0.0,0.0,0.0,0.0,0.0,0.0,0.0,0.0,-0.012976082377844004,0.0
0.0,0.0,0.0,0.0,0.0,0.0,0.0,0.0,0.0,0.0,0.0,0.0,0.0,0.0,0.0,0.0,0.0,0.0,0.0,0.0,0.0,0.0,0.0,0.0,0.0,0.0,0.0,0.0,0.0,0.0,0.0,0.0,0.0,0.0,0.0,-0.010535681129857097,0.012998824711469757,0.0,0.013378980813521839,0.01581555903218514,0.011870234704365162,0.0,0.0,0.0,0.0,0.0,0.0,0.0,0.0,0.0,0.0,0.0,0.0,0.0,0.0,0.0,0.0,-0.013240144164385428,0.0,-0.013050347851029476,-0.011185714441279075,0.0,0.0,0.0,0.0,0.0,0.014521922144932463,0.0,0.0,0.0,0.0,-0.010585216426895512,0.017449808479277358,0.0,0.0,0.0,0.0,0.0,0.0,0.0,0.0,0.0,0.0,-0.01052236594867483,0.0,0.0,0.0,0.0,0.0,0.0158441311289085,0.0,0.0,0.011100024961696112,0.0,0.0,0.0,0.0,0.0,0.010137703085080607,0.0,0.0,0.0,0.0,0.0,0.0,0.0,0.0,0.0,0.0,0.0,0.0,0.0,0.014905140494214146,0.0,-0.01075164806712198,0.0
0.0,0.0,0.0,0.0,0.0,0.0,0.0,0.012065347660389532,0.0,0.0,0.0,0.0,0.0,0.0,0.0,0.0,0.0,0.0,0.0,0.0,0.0,0.0,0.011717327590000264,0.0,0.0,0.0,0.0,0.0,0.0,0.0,0.0,0.0,0.0,0.0,0.0,0.0,0.0,0.013378980813521842,0.0,0.020075744530455148,0.012090764723255652,0.0120212752832468,0.013881097011565544,0.0,0.0,0.0,0.0,0.0,0.013087447042614792,0.0,-0.014884379984111467,0.0,0.0,0.0,0.0,0.0,0.0,0.0,0.0,0.0,0.0,0.0,0.0,0.0,0.0,0.011746315084599248,0.0,0.0,0.011381171379459668,0.0,0.0,0.0,0.0,0.0,0.0,0.0,0.0,0.011223746696441404,0.0,0.0,0.014572461087775202,0.01470597691914729,0.01759402080144619,0.0,0.0,0.0,0.0,0.0,0.0,0.0,0.0,0.011727945296327784,0.012692034550986196,0.0,0.0,0.0,0.0,0.0,0.010354139209852503,0.0,0.015330642382065347,0.0,0.0104083955290137,0.0,0.0,0.0,0.011989448801544738,0.0,-0.013282054918699404,0.0,0.0,0.0,0.01767677399118653,0.01217466478230982,0.0,0.0
0.0,0.012301556671293448,0.0,0.011881454984097452,0.0,0.0,0.0,0.010708120461132627,0.0,0.01295628638353765,0.0,0.0,0.0,0.0,0.0,0.0,0.0,0.0,0.0,0.0,0.0,0.0,-0.010386758277057751,-0.010371229319115865,0.0,0.0,0.0,0.0,0.0,0.012212625476798055,0.0,0.012422827783336952,0.0,0.0,0.0,0.0,0.0160639152594899,0.015815559032185147,0.020075744530455138,0.0,0.011578696575298808,0.0,0.0,0.0,0.0,0.0,0.0,0.0,0.0,0.0,0.0,0.0,0.0,0.0,0.0,0.0,0.0,0.0,0.0,0.0,0.0,0.0,0.0,0.0,0.0,0.0,0.0,0.0,0.0,0.0,0.0,0.0,0.0,0.0,0.0,0.0,0.0,0.0,0.0,0.0,0.0,0.0,0.0,0.0,0.0,-0.013352366689797475,0.0,0.0,0.0,0.01763504293743481,0.0,0.0,0.0,0.0,0.014053028619274759,0.019749072933956367,0.013725712388181963,0.0,0.0,0.0,0.0,0.0,0.0,0.0,0.0,0.0,0.0,0.0,0.0,0.0,0.0,0.0,0.0,0.0,0.0,0.0
0.0,0.0,0.010096846242045224,0.0,0.0,0.0,0.0,0.0,0.0,0.0,0.0,0.0,0.0,0.0,0.0,0.0,0.0,0.0,0.0,0.0,0.0,0.0,0.0,0.0,0.0,0.0,0.0,0.0,0.0,0.011689748272794691,0.0,0.0,0.0,0.0,-0.012498215135739675,0.0,0.0,0.011870234704365172,0.012090764723255664,0.011578696575298813,0.0,0.0,0.0,0.0,0.0,0.0,0.0,0.0,0.0,0.0,-0.010239283341437132,0.0,0.0,0.0,0.0,0.0,0.0,0.0,0.0,0.0,0.0,0.0,0.0,0.0,0.0,0.0,0.0,0.0,0.0,0.0,0.0,0.0,0.0,0.0,0.0,0.0,0.0,-0.011271977063285593,0.0,0.0,0.0,0.0,0.0,0.0,0.0,0.0,-0.012335157261016296,0.0,0.0,0.011154001897920183,0.0,0.0,0.0,0.0,0.0,0.0,0.0,0.0,0.0,0.0,0.0,0.0,0.0,0.0,0.010466141221323288,0.0,-0.010837033070373075,0.0,0.0,0.0,0.0,0.0,0.0,0.0,0.0,0.0
0.010640266037559812,0.0,0.0,0.0,0.0,0.0,0.011739946277553277,0.010284923498276588,0.0,0.0,0.0,0.0,0.0,0.0,0.0,0.0,0.0,0.0,0.010045455720264176,0.014275942233169227,0.011982096845704051,0.0,-0.011129676276926447,0.0,0.0,0.0,0.0,0.011550513599868808,0.0,0.0,0.0,0.0,0.0,0.0,0.0,0.0,0.0,0.0,0.012021275283246797,0.0,0.0,0.0,0.0,0.0,0.01093088544760366,0.0,0.0,0.0,0.0,0.0,0.0,0.0,0.012994111585596725,0.0,-0.014656946683116848,0.0,0.015056638645327868,0.011918307033545015,0.0,0.0,0.0,0.0,0.0,0.0,0.0,0.0,0.0,0.0,0.0,0.0,0.0,0.0,0.0,0.0,0.0,0.0,0.0,0.0,0.0,0.0,0.0,0.0,0.0,0.0,0.0,0.0,0.0,0.0,0.0,0.0,0.0,0.0,0.0,0.0,0.0,0.0,0.0,0.0,0.0,0.0,0.0,0.0,0.0,0.0,0.0,0.0,0.0,0.0,0.0,0.0,0.018108436390107587,0.0,0.0,0.0,0.0,0.015066254738329673
0.0,0.0,-0.015442508889898576,-0.0100398170098967,-0.016894559410072355,0.0,0.0,0.0,0.0,0.0,0.0,-0.01338441436801548,0.0,0.0,0.0,0.0,0.0,0.012273535428559844,0.0,0.0,0.014833570637985972,0.0,0.0,0.0,0.0,0.0,0.0,0.0,0.0,0.0,0.0,0.0,-0.014114576283945857,0.0,-0.011735656517863676,0.0,0.0,0.0,0.013881097011565544,0.0,0.0,0.0,0.0,0.0,0.0,0.0,0.0,0.0,0.0,0.0,0.0,0.0,0.0,0.0,0.0,0.0,0.0,0.0,0.0,-0.013922712584581736,0.0,0.0,-0.015010918811692944,0.0,0.0,-0.010902696978807157,0.0,0.0,0.0,-0.014129995896845953,0.0,0.0,0.0,0.0,0.0,0.0,0.0,0.0,0.0,0.0,0.0,0.0,0.0,0.0,0.0,0.0,0.0,0.0,0.0,0.0,0.0,0.0,0.0,0.0,0.010542157555846723,0.0,0.010026499309873428,0.0,0.0,0.0,-0.012887426936746996,0.0,0.0,0.01192790789134416,0.0,0.0,0.0,0.011016547629540782,0.0,0.012347815363637988,0.0,0.0,0.013643585965446911,0.0,0.0,0.0
0.0,0.0,0.0,0.0,-0.011818328622057906,0.0,0.0,0.0,0.0,0.0,0.0,0.0,0.0,0.0,0.0,0.0,0.0,0.0,0.010273707807568892,0.0,0.018426398701827308,0.0,-0.011658512705843114,0.0,0.0,0.0,0.0,0.0,0.0,0.0,-0.011706639964316484,0.0,-0.01185105688431317,0.0,0.0,0.0,0.0,0.0,0.0,0.0,0.0,0.0,0.0,0.0,0.013728895733788792,0.0,0.0,0.0,0.010175616967021772,0.0,0.0,0.0,0.0,0.0,0.0,0.0,0.0,0.0,0.0,0.0,0.0,0.0,0.0,0.0,0.0,0.0,0.0,0.0,0.0,0.0,0.010384658868760156,0.0,0.0,0.0,0.0,0.0,0.0,0.0,0.0,0.0,0.0,0.0,0.0,0.0,0.0,0.0,0.0,0.0,0.0,0.0,0.0,0.0,0.0,0.0,0.0,0.0,0.0,0.0,0.0,0.0,0.0,0.0,0.0,0.0,0.0,0.0,0.0,0.0,0.0,0.0,0.0,0.0,0.011705385788010777,0.0,0.0,0.0
0.0,0.0,-0.011065417253346184,-0.015532728443610356,-0.016192949806492062,0.0,0.0,0.0,0.0,0.0,0.0,0.010592538124213615,0.0,0.0,0.0,0.0,0.0,0.014029782047164652,0.0,0.011858925287469008,0.025822612894701235,-0.010147058393975368,0.0,0.0,0.0,0.0,0.0,0.0,0.0,-0.01052353408980424,-0.012650397715071898,0.0,0.0,0.0,0.0,0.0,0.0,0.0,0.0,0.0,0.0,0.010930885447603667,0.0,0.013728895733788792,0.0,0.0,0.0,0.0,0.0,0.0,0.0,0.0,0.0,0.0,0.0,0.010227570383238143,0.0,0.0,0.0,0.0,0.0,0.0,-0.012221212818639011,0.0,0.0,0.0,0.0,0.0,0.021335228174515095,0.0,0.0,0.0,0.0,0.0,0.0,0.0,0.0,0.0,0.0,0.0,0.0,0.0,0.0,0.0,0.0,0.0,0.0,0.0,0.0,0.0,0.0,0.0,0.0,0.0,0.0,0.0,0.01523923231549459,0.0,0.0,0.0,0.0,0.0,0.011110138497600168,0.0,0.0,0.013133935193000676,0.0,0.0,0.0,0.0,0.0,0.0,0.0,0.0,0.0,0.0
0.0,0.0,0.0,0.0,0.0,0.0,0.014176845549536736,0.0,0.0,0.0,0.0,0.0,0.0,0.0,0.0,0.0,0.0,0.0,0.0,0.0,0.0,-0.010269939230150788,-0.011751391329940422,0.0,0.0,-0.011714218858695372,0.0,0.0,0.01053235011421148,0.015248588529750284,0.015394704132408739,0.0,0.0,0.0,0.0,0.0,0.0,0.0,0.0,0.0,0.0,0.0,0.0,0.0,0.0,0.0,0.0,0.0,0.0,0.0,0.0,0.0,0.0,0.0,0.0,0.0,0.0,0.0,0.0,0.0,0.0,0.0,-0.015138369465051493,0.0,0.0,0.0,0.0,0.0,0.0,0.0,0.0,0.0,0.0,0.0,0.0,0.0,0.0,0.0,0.0,0.0,0.0,0.0,0.0,0.0,0.0,0.0,0.01004829157824204,0.0,0.0,0.0,0.0,0.0,0.0,0.0,0.0,0.0,0.0,0.0,0.0,-0.014534821185995833,0.0,-0.010277315783696738,-0.010379645311669523,0.0,0.0,0.0,0.0,0.0,0.0,0.0,0.0,0.0,0.0,0.0,0.0,0.0
0.0,0.0,-0.015128454550198551,0.0,0.0,0.0,0.0,0.0,0.0,0.0,0.0,0.0,0.0,0.0,0.0,0.0,0.0,0.0,0.0,0.0,0.0,0.0,0.0,0.0,0.0,0.0,0.0,0.011400107462296884,0.0,0.0,0.010931722564438633,0.0,0.0,0.0,0.0,0.0,0.0,0.0,0.0,0.0,0.0,0.0,0.0,0.0,0.0,0.0,0.0,0.0,0.0,0.0,0.0,0.0,0.0,0.013442677706203918,0.0,0.0,0.0,0.0,0.0,0.0,0.0,0.0,0.0,0.0,0.0,0.0,0.0,0.0,0.0,0.0,0.0,0.0,0.0,0.0,0.0,0.0,0.0,0.0,0.0,0.0,0.0,0.0,0.0,0.0,0.0,0.0,0.0,0.0,0.0,0.0,0.0,0.0,0.0,0.0,0.0,0.0,0.0,0.0,0.0,0.0,0.012944852921128267,0.0,0.0,0.0,0.0,0.0,0.016171193949853155,0.0,0.0,0.0,0.0,0.0,0.0,0.0,0.0,0.0
0.0,0.0,0.0,0.0,-0.014075479590912494,0.0,0.0,0.011720516568959432,0.0,-0.012127293848869236,0.0,0.0,0.0,0.0,0.0,0.0,-0.01502224825284627,0.0,0.0,0.0,0.0,0.0,0.0,0.0,0.0,0.0,0.0,0.0,-0.01234821178050496,0.0,0.0,0.0,0.0,0.0,-0.017756891990227477,0.0,0.0,0.0,0.0,0.0,0.0,0.0,0.0,0.0,0.0,0.0,0.0,0.0,0.0,0.0,0.0,0.0,0.0,0.0,0.0,0.0,0.0,0.0,-0.015809472052051313,0.0,0.0,0.0,0.0,-0.011392118596704647,-0.010155378207518446,0.0,0.0,-0.014889135044980647,0.0,0.0,0.0,-0.012842472881705334,0.0,0.0,-0.01656678889250859,0.0,0.0,0.011255462099291444,0.0,0.0,0.0,0.0,0.0,0.0,0.0,0.0,0.0,0.0,-0.010056991248510389,-0.01581063374789147,0.0,0.0,0.0,0.0,0.0,0.0,0.0,0.0,0.0,0.0,0.0,0.0,0.0,0.0,0.0,0.0,0.0,-0.010456538721802857,0.0,0.0,0.0,0.0,0.0,0.0,0.010239989746330207,0.0
0.0,0.0,0.0,0.0,0.0,0.0,0.0,0.010251613695083955,0.0,0.0,0.016452641910824843,0.0,0.0,0.0,0.0,0.0,0.0,0.0,0.0,0.0,0.0,0.0,0.0,0.0,0.0,0.0,0.0,0.0,0.0,0.0,0.0,0.0,0.0,0.0,-0.01110484291784141,0.0,0.0,0.0,0.0130874470426148,0.0,0.0,0.0,0.0,0.010175616967021772,0.0,0.0,0.0,0.0,0.0,0.0,0.0,0.0,0.0,-0.01324912272142068,0.0,0.011427112835113122,0.0,0.0,0.0,0.0,0.0,0.0,-0.010226397792034167,0.0,-0.010629308429691717,0.0,0.0,0.0,0.0,0.0,0.0,0.0,0.0,0.0,0.0,0.0,0.0,0.0,0.0,0.0,0.0,0.0,0.0,0.0,0.0,0.0,0.0,0.0,0.0,0.0,0.0,0.0,0.0,0.0,0.0,0.0,0.01341100729694978,0.0,0.0,0.0,0.0,0.0,0.0,0.011979724880782179,0.014013119081770912,0.011870225268877344,0.0,0.0,0.0,0.0,0.0,0.0,0.015136650174221248,0.0,0.0,0.0
0.0,0.0,0.0,0.0,0.0,0.0,0.0,0.0,0.0,0.0,0.0,0.0,0.0,0.0,0.0,0.0,0.0,0.0,0.0,0.0,0.0,0.0,0.0,0.0,0.0,0.0,0.0,0.0,0.0,0.010235835049868188,0.0,0.0,0.0,0.0,0.0,0.0,0.0,0.0,0.0,0.0,0.0,0.0,0.0,0.0,0.0,0.0,0.0,0.0,0.0,0.0,0.0,0.0,0.0,0.0,0.0,0.0,0.0,0.0,0.0,-0.01182171643910122,0.0,-0.013333183068457276,-0.01066697743771148,0.0,-0.010930689085924176,0.0,0.0,0.0,0.0,0.0,0.0,0.0,-0.01050427385615627,0.0,0.0,0.0,0.0,0.0,-0.012789474377638332,0.0,0.0,0.0,0.0,-0.010789353054994393,0.0,0.0,0.0,0.0,-0.010131387739590188,0.0,0.0,0.0,0.0,0.0,0.0,0.0,0.0,0.0,0.0,-0.01025804946965366,0.0,-0.013027824221405708,-0.011723117681521435,0.0,0.0,0.0,0.0,0.015930872076716295,0.0,0.010520856683386487,0.0,0.0,0.0,0.0,0.0,0.0
0.0,0.0,0.0,-0.010992948387854425,0.0,0.0,0.0,0.0,0.0,0.0,0.0,-0.01185683865498702,0.0,0.0,0.0,0.0,-0.011669602177815677,-0.015535246391123103,0.0,0.0,0.0,0.0,-0.01196449204796493,0.0,0.0,-0.01235183769065503,0.0,0.0,0.0,0.0,0.0,0.0,0.0,-0.010506997112095488,0.0,-0.011322920756308363,0.0,0.0,-0.014884379984111467,0.0,-0.010239283341437132,0.0,0.0,0.0,0.0,0.0,0.0,0.0,0.0,0.0,0.0,0.012189939732224552,0.0,0.016719499016080115,0.0,0.0,0.0,0.010068446142992621,0.0,0.0,0.0,0.0,0.0,0.0,0.0,0.0,0.0,0.0,0.0,-0.013021359759141432,0.0,0.0,-0.010957747437758443,0.0,0.0,0.0,-0.015742918759061857,0.0,-0.012341589497362216,0.0,0.0,0.0,0.0,-0.01059710480700286,0.0,0.0,0.0,0.0,0.0,0.0,0.0,0.0,0.0,0.0,0.0,-0.01522352907271756,0.0,0.0,0.0,0.0,0.0,-0.016362217060000333,-0.018323840419160888,0.0,0.0,0.0,0.0,0.0,0.0,0.011804017584691576,0.01231682696204978,0.0,0.0,-0.01597865090301165,0.010534516847350402,0.0
-0.012957361888318288,0.0,0.0,-0.01450966083334251,-0.011420641389400216,0.0,0.0,0.0,0.0,0.0,0.0,0.0,0.0,0.0,-0.012829624161865368,0.0,-0.02146892043863022,0.0,0.0,0.0,0.0,0.0,-0.010758441904539033,0.0,-0.01281036798781149,0.0,0.0,0.0,0.0,0.0,0.0,-0.011403890736615482,0.0,0.0,0.0,0.0,0.0,0.0,0.0,0.0,0.0,0.0,0.0,0.0,0.0,0.0,0.0,0.0,0.0,0.0,0.01218993973222455,0.0,0.0,0.0,0.0,0.0,0.0,0.0,-0.011592594247272565,-0.010797872320837775,0.0,-0.01198345734704694,0.0,0.0,-0.014461003307563612,0.0,0.0,0.0,0.0,0.0,0.0,0.0,-0.012633910619126531,0.0,0.0,0.0,0.0,0.0,0.0,0.0,0.0,0.0,0.0,0.0,0.0,0.0,0.0,0.0,-0.013829018284571427,-0.01188579247828224,-0.011565975076014935,0.0,0.0,0.0,0.0,0.0,0.0,-0.01116116848860422,0.0,0.0,0.010552353633402603,-0.013001158117964153,-0.012353148086484366,0.0,0.0,0.0,0.0,0.0,0.0,0.0,0.0,0.0,0.0,-0.013371150803921835,0.0,0.0
0.0,0.0,0.0,0.0,0.0,0.0,0.0,0.0,0.0,0.0,0.0,0.0,0.0,0.0,0.0,0.0,0.0,0.0,0.0,0.0,0.0,0.0,0.0,0.0,0.0,0.0,0.0,0.0,0.0,0.0,0.010256107571991432,-0.010310151768088171,0.0,0.0,0.0,0.0,-0.010253967997394515,0.0,0.0,0.0,0.0,0.01299411158559672,0.0,0.0,0.0,0.0,0.0,0.0,0.0,0.0,0.0,0.0,0.0,0.011330234145289244,0.0,-0.01260233713662179,0.0,0.018592899515026625,0.0,0.0,0.0,0.0,0.0,0.0,-0.012807688751492408,0.0,0.0,0.0,0.0,0.0,0.0,0.0,0.0,0.0,0.0,0.0,0.0,0.0,0.0,0.0,0.0,0.0,0.0,0.0,0.0,0.0,0.0,0.0,0.0,0.0,0.0,0.0,0.0,0.0,0.0,-0.012790511563132849,0.0,0.0,0.0,0.0,0.0,-0.014232376974563615,0.0,0.0,0.0,0.0,0.0,0.0,0.0,0.0,0.0,0.01168578024732114,0.0,0.0,0.0,0.012039232784023437
0.0,0.0,0.0,0.0,0.0,0.0,0.0,0.0,0.0,0.0,0.0,-0.010438508001171057,0.0,-0.015693969614621193,0.0,0.0,0.0,0.0,0.0,0.0,0.0,0.0,0.0,0.0,0.0,0.0,0.0,0.0,0.0,0.0,0.0,0.0,0.0,0.0,0.0,0.011948653174466948,0.0,0.0,0.0,0.0,0.0,0.0,0.0,0.0,0.0,0.0,0.013442677706203913,0.0,-0.013249122721420682,0.0,0.016719499016080122,0.0,0.011330234145289247,0.0,0.0,0.0,0.0,0.0,0.013481966787713828,0.0,0.0,0.015350153716239087,0.0,0.0,0.0,0.0,0.0,0.0,0.0,0.0,0.0,0.0,0.0,0.0,0.0,0.0,0.0,0.0,0.0,0.0,0.012135035079001016,0.0,0.0,0.0,0.0,0.0,0.012353386780133053,0.0,0.0,0.0,0.01982683279950832,0.011713073450304697,0.0,0.013083117013727295,0.0,0.011489522154807225,0.012193137389983712,0.0,0.0,0.0,0.013366727234956608,-0.01366690594392558,0.0,0.0,0.0,0.0,0.0,0.0,0.0,0.0,0.0,0.0,0.0,0.0,0.0,0.0
0.0,0.0,0.0,-0.011897888038597518,0.0,0.0,-0.012041625114480252,0.0,0.0,0.0,0.0,0.0,0.0,0.0,0.0,0.0,-0.018450145695779383,0.0,0.01160346398972174,0.0,0.0,0.0,0.0,0.014657916349802336,0.0,0.0,0.0,0.0,0.0,0.0,0.0,0.0,0.0,0.0,0.0,0.0,0.0,0.0,0.0,0.0,0.0,-0.014656946683116848,0.0,0.0,0.0,0.0,0.0,0.0,0.0,0.0,0.0,0.0,0.0,0.0,0.0,0.0,0.0,0.0,0.0,-0.015294077713632616,0.0,-0.012419711616647774,-0.010889347332798085,0.0,0.0,0.0,0.0,0.0,0.0,0.0,0.0,0.0,0.0,-0.014748592344896769,0.0,0.0,0.0,0.0,-0.016205677142180516,0.0,0.0,0.0,0.0,0.0,0.0,0.011818596895671952,0.0,0.0,0.0,0.0,0.0,0.0,0.0,0.0,0.0,0.0,0.0,0.0,0.0,0.0,0.0,0.0,0.0,0.0,0.0,0.0,0.01096038536503795,0.0,0.0,0.0,0.0,0.0,0.0,0.0,0.0,0.0
0.0,0.0,-0.010960123238307747,0.0,-0.010639718310112536,0.0,0.0,0.0,0.0,0.0,0.0,0.0,-0.01646293919781509,0.0,0.0,0.0,0.0,0.011733582721977442,0.0,0.0,0.0,-0.01112072873197726,0.0,0.0,-0.0146677620719936,0.0,-0.012867614196692918,0.0,0.0,0.0,0.0,-0.01119840458875698,0.0,0.0,0.0,0.0,0.0,0.0,0.0,0.0,0.0,0.0,0.0,0.0,0.01022757038323814,0.0,0.0,0.0,0.01142711283511312,0.0,0.0,0.0,-0.012602337136621788,0.0,0.0,0.0,0.0,0.012609261588414212,0.0,0.0,0.0,0.0,-0.012289001690054093,0.0,0.0,0.0,0.0,0.0,0.011744610636015732,0.0,-0.011109823642701872,0.0,0.0,-0.013245565422202591,-0.01218972949098563,0.0,0.0,0.0,0.0,0.0,-0.014877448449792264,0.0,-0.011883422938531096,0.0,0.0,0.0,0.0,0.0,0.0,0.0,0.0,0.0,0.0,0.0,0.0,0.0,0.0,0.0,0.0,0.0,0.0,0.0,0.0,0.0,0.0,0.0,0.0,0.0,0.0,0.0,0.0,0.0,0.0,0.0,0.0,0.0
0.0,0.0,0.0,0.0,0.0,0.0,0.0,0.012392185844810303,0.0,0.0,0.0,0.0,0.0,0.01839597576795856,0.0,0.0,0.0,0.0,0.0,0.0,0.0,0.0,0.0,0.01124442196307923,0.0,0.0,0.0,0.0,0.0,0.0,0.0,-0.014961526590972482,0.0,0.0,-0.012854997473070095,0.012456822131371222,0.0,0.0,0.0,0.0,0.0,0.015056638645327868,0.0,0.0,0.0,0.0,0.0,0.0,0.0,0.0,0.0,0.0,0.0,0.0,0.0,0.0,0.0,0.0,0.0,0.0,0.0,-0.010283313786765133,0.0,0.0,-0.011898703555713793,0.0,0.0,0.0,0.011042118760556524,0.0,0.0,0.0,0.0,0.0,0.0,0.0,0.0,0.0,0.0,0.0,0.010141164331565295,0.0,0.010136480002211708,0.0,0.014295086079209951,0.014126103887167916,0.0,0.0,-0.011049802619215425,0.0,0.0,0.0,0.0,0.0,0.0,0.0,0.0,0.0,0.0,0.0,0.0,0.0,0.0,0.0,0.0,-0.01005249986787024,0.0,0.0,0.0,0.0,0.0,0.0,0.0,0.0,0.0,0.0
0.0,0.0,0.0128336630792887,0.0,0.012038331353334344,0.0,0.0,0.01510109111827736,0.0,0.0,0.0,0.0,0.0,0.0,0.0,0.0,0.0,0.0,0.0,0.01156815247336479,0.0,0.0,0.0,0.0,0.0,0.0,0.0,0.0,0.010949338520421547,0.0,0.0,0.0,0.0,0.0,0.0,0.010885568087317572,0.0,-0.013240144164385428,0.0,0.0,0.0,0.011918307033545012,0.0,0.0,0.0,0.0,0.0,0.0,0.0,0.0,0.010068446142992628,0.0,0.018592899515026615,0.0,0.0,0.012609261588414217,0.0,0.0,0.0,-0.010463596287012492,0.0,-0.01301958846570907,0.0,0.0,-0.01213461520503533,0.0,0.0,0.0,0.0,0.0,0.0,-0.010392266816515838,0.0,0.0,0.0,0.0,0.0,0.0,0.0,0.0,0.0,0.0,0.0,0.0,-0.010245837601961594,0.0,0.010709063862366582,0.0,0.0,0.0,0.0,0.0,0.0,0.0,0.0,0.0,0.0,0.0,0.0,0.0,0.0,-0.015092761985663427,0.0,0.0,0.0,0.0,0.0,0.0,0.0,0.0,0.0,0.0,0.0,0.0,0.0,0.0
-0.011413224744642084,0.0,0.0,0.0,0.0,0.0,0.0,0.0,0.0,-0.010785071863533688,0.0,0.0,0.0,0.0,0.0,0.0,0.0,0.010740916237142944,0.0,0.0,0.0,0.0,0.0,0.0,0.0,0.0,0.0,0.0,0.0,0.0,0.0,0.0,0.0,0.0,0.0,0.0,-0.01044418518711921,0.0,0.0,0.0,0.0,0.0,0.0,0.0,0.0,0.0,0.0,-0.015809472052051313,0.0,0.0,0.0,-0.011592594247272566,0.0,0.013481966787713828,0.0,0.0,0.0,0.0,0.0,0.0,0.0,0.0,0.0,0.012181085164699108,0.0,0.0,0.0,-0.011059945965540873,0.0,0.010942978827453192,0.0,0.0,0.0,0.0,0.0,0.0,0.0,0.0,0.0,0.0,0.0,0.0,0.0,0.0,0.0,0.0,0.0,0.0,-0.011397588406287969,0.0,0.0,0.0,0.0,0.0,0.0,-0.010906593049627093,0.0,0.0,0.0,0.0,0.0,0.0,0.0,0.0,0.0,0.0,0.0,0.0,0.0,0.0,0.0,0.0,0.0,0.0,0.0,0.0
0.0,0.0,-0.019361368335920233,-0.01014096112213083,0.0,-0.010522991893101684,0.0,0.0,0.0,0.0,0.0,0.0,-0.014487981781563884,-0.010530779636184292,-0.010054927301800524,0.0,0.0,0.0,0.0,0.0,0.0,-0.011089895521094678,0.0,0.0,0.0,0.0,0.0,-0.010550897033859136,0.0,0.0,0.0,0.0,0.0,0.0,0.0,-0.017625784343122168,-0.01086302518284968,-0.01305034785102948,0.0,0.0,0.0,0.0,-0.01392271258458174,0.0,0.0,0.0,0.0,0.0,0.0,-0.01182171643910122,0.0,-0.010797872320837763,0.0,0.0,-0.015294077713632616,0.0,0.0,-0.010463596287012496,0.0,0.0,0.0,0.0,-0.01256139288627993,0.0,0.0,0.0,0.0,0.0,0.0,0.01116462901669208,0.0,0.0,0.0,0.0,0.0,0.0,0.0,0.0,0.0,0.0,0.0,0.0,0.0,0.0,0.0,0.0,0.0,0.0,0.0,0.0,0.0,0.0,0.0,0.0,0.0,0.0,0.0,0.0,0.0,0.0,0.0,-0.018476465104582247,-0.013544620165515367,0.0,0.0,0.0,0.0,0.0,-0.011267901037547271,0.0,0.0,0.0,0.0,0.0,0.0,0.0
0.0,0.0,0.0,0.0,0.0,0.012170912041488064,0.0,0.0,0.0,0.0,0.0,0.0,0.0,0.0,-0.013921741036290436,0.0,0.0,0.0,0.0,0.0,0.0,0.0,0.0,0.0,0.0,0.011738423062668427,0.0,0.0,0.0,0.0,0.0,0.0,0.0,0.0,-0.01961753136066005,0.0,0.0,-0.011185714441279075,0.0,0.0,0.0,0.0,0.0,0.0,0.0,0.0,0.0,0.0,0.0,0.0,0.0,0.0,0.0,0.0,0.0,0.0,0.0,0.0,0.0,0.0,0.0,-0.011619768283408168,0.0,0.0,0.0,0.0,0.0,0.0,0.013140093670088018,0.0,0.0,0.0,0.0,0.0,0.0,0.0,0.011477888948391779,0.0,0.010788833788179263,0.0,0.0,0.0,0.01025338985051368,0.01786041507282015,0.0,0.0,0.0,-0.01060627494085066,-0.012114136089000572,0.0,0.0,0.0,0.0,0.0,0.0,-0.010142599547419726,0.0,0.0,0.0,-0.017167514810938533,0.0,-0.01389860722933159,0.0,0.0,0.0,-0.013601846761902667,0.0,0.0,0.0,0.0,0.0,0.0,-0.013389423423310072,0.0,0.015286663094697006,0.0
0.0,0.01171958090410676,-0.01637851611451705,0.0,0.0,0.0,0.01014957808125238,0.0,0.0,0.0,0.0,0.0,-0.012506104912059135,0.0,-0.01015530336443907,0.0,0.0,0.0,0.0,0.0,0.0,0.0,0.0,0.0,0.0,0.0,0.0,0.0,0.0,0.0,0.013394429743042384,0.0,0.017381091050775562,0.0,-0.011314826211786078,-0.016835700839142202,0.0,0.0,0.0,0.0,0.0,0.0,0.0,0.0,0.0,0.0,0.0,0.0,0.0,-0.013333183068457276,0.0,-0.01198345734704694,0.0,0.015350153716239087,-0.01241971161664777,0.0,-0.010283313786765133,-0.013019588465709067,0.0,0.0,-0.011619768283408173,0.0,0.0,0.0,0.0,0.014408489030141552,0.0,0.0,0.0,0.0,-0.010435300643696651,0.0,0.0,0.0,0.0,0.01148979642757634,0.0,0.0,0.0,0.0,0.011522115183312757,0.0,0.0,0.0,0.0,0.0,0.0,-0.014899668771674892,0.0,0.0,0.0,0.0,0.0,0.0,-0.01456844129708139,0.0,0.0,0.0,0.0,-0.010340938739035856,0.0,0.0,0.0,0.0,0.0,-0.010950497454594059,0.0,0.0,0.0,0.0,0.0,0.0,0.0,0.0,-0.012769970986517604,0.0
0.0,0.0,0.0,0.0,0.01174188124920646,0.0,0.0,-0.011456940846432624,0.0,0.0,-0.012487331899157116,0.0,0.0,0.0,-0.010899744664853736,0.0,0.0,0.0,0.0,0.0,-0.011285938115882284,-0.016619033225567653,-0.010451649595934632,0.0,-0.0154890021015021,-0.013810366591582359,-0.01041812033079918,0.0,0.0,0.0,0.0,0.0,0.0,-0.017413874263693743,-0.010870951577450348,-0.012040087343505458,0.0,0.0,0.0,0.0,0.0,0.0,-0.015010918811692949,0.0,-0.012221212818639015,-0.015138369465051496,0.0,0.0,-0.010226397792034173,-0.010666977437711483,0.0,0.0,0.0,0.0,-0.010889347332798076,-0.012289001690054088,0.0,0.0,0.0,-0.012561392886279932,0.0,0.0,0.0,0.0,0.0,0.0,0.0,0.0,0.0,0.0,0.0,0.0,0.0,0.0,0.0,0.0,0.0,0.0,-0.010345775255364278,0.0,0.0,0.0,0.0,0.0,-0.011296045940335812,0.0,0.0,-0.01758799801400321,0.0,0.0,0.0,0.0,0.0,0.0,-0.011676662164236167,-0.01043701587192204,0.0,0.0,0.0,-0.010366788061046708,0.0,-0.011384430376965314,-0.015532769964374376,-0.01589107547874128,-0.010826041353748428,0.0,0.0,0.0,-0.0154606387715605,0.0,0.0,0.0,0.0,0.0,0.0,0.0
0.0,0.0,-0.010023685267193412,0.0,0.0,0.0,0.0,0.0,0.0,0.0,0.0,0.0,0.0,0.010272941293863651,0.0,0.0,0.0,0.01689835982640389,0.0,0.0,0.0,0.0,0.0,0.0,0.0,0.0,0.0,0.0,0.0,0.017091448887520188,0.013273485097390895,0.0,0.0,0.0,0.0,0.0,0.0,0.0,0.0,0.0,0.0,0.0,0.0,0.0,0.0,0.0,0.0,-0.011392118596704647,0.0,0.0,0.0,0.0,0.0,0.0,0.0,0.0,0.0,0.0,0.012181085164699108,0.0,0.0,0.0,0.0,0.0,0.0,0.0,0.0,0.0,0.0,0.0,0.0,0.0,0.0,0.0,0.0,0.0105943866778363,0.0,0.0,0.0,0.0,0.0,0.0,0.0,0.0,0.0,0.0,0.0,0.0,0.0,0.0,0.0,0.012012397020592133,0.0,0.0,0.0,0.0,0.0,0.0,0.0,-0.010342747300475512,0.0,0.0,0.01074448423531032,0.0,0.0,0.0,0.0,0.011966818314726974,0.0,0.0,0.0,0.0,0.0,0.0,0.0,0.0
0.0,0.0,0.0,0.0,0.0,0.0,0.0,0.0,0.0,0.0,0.0,0.0,0.0,0.0,0.0,0.0,0.0,0.0,0.0,0.0,0.0,-0.011802431461335259,0.0,0.0,-0.014213157947140332,-0.011461174709352144,0.0,-0.015151054358496757,0.0,0.0,0.0,0.0,0.0,0.0,0.0,0.0,0.0,0.0,0.0,0.0,0.0,0.0,0.0,0.0,0.0,0.0,0.0,-0.010155378207518445,-0.010629308429691706,-0.01093068908592418,0.0,-0.01446100330756361,-0.012807688751492408,0.0,0.0,0.0,-0.011898703555713788,-0.01213461520503533,0.0,0.0,0.0,0.0,0.0,0.0,0.0,0.0,0.0,0.0,0.0,0.0,0.0,0.0,0.0,0.0,0.0,0.0,0.0,0.0,0.0,-0.012247349884463748,0.0,0.0,-0.0112057637424144,-0.013078432283693759,0.0,-0.01641311412320701,0.0,0.0,0.0,0.0,0.0,0.0,0.0,0.0,0.0,0.0,0.0,0.0,0.0,-0.013063796601296666,0.0,0.0,0.0,0.0,0.0,0.0,0.0,0.0,0.0,0.0,0.0,0.0,0.0,-0.011223397573902272,-0.01812693460812772,0.0
0.0,0.0,0.0,0.0,0.0,0.0,0.01341760677242792,0.0,0.0,0.0,0.0,0.0,-0.011493202520487368,0.0,0.0,0.0,0.0,0.0,0.0,0.0,0.0,-0.017751801700844845,-0.012020887715341644,-0.010777330905556402,-0.013459741903024708,-0.01966518524089019,0.0,0.0,0.0,0.0,0.0,0.0,0.0,-0.010696027278535532,-0.011692275453896311,0.0,0.0,0.0,0.01174631508459924,0.0,0.0,0.0,-0.010902696978807157,0.0,0.0,0.0,0.0,0.0,0.0,0.0,0.0,0.0,0.0,0.0,0.0,0.0,0.0,0.0,0.0,0.0,0.0,0.014408489030141561,0.0,0.0,0.0,0.0,0.0,0.01065171807848133,0.0,0.0,0.0,0.0,0.0,0.0,0.0,0.0,0.0,0.0,0.0,-0.015563219660910782,0.0,0.0,-0.013478030208519872,-0.014418650455375848,-0.014261653921521967,-0.010616852494322525,0.0,0.0,0.0,0.0,0.01270874510009934,0.0,0.0,0.0,0.0,0.0,0.0,0.0,0.0,0.0,0.0,0.0,0.0,0.0,0.0,0.0,0.0,0.0,0.0,0.0,0.012945998403682116,0.0,0.0,0.0,0.0,0.0
0.0,0.0,0.0,0.0,0.0,0.0,0.0,0.0,0.0,0.0,0.0,0.0,0.0,0.0,0.0,0.0,-0.013183443961480247,0.0,0.0,0.0,0.0,0.0,-0.015078718905811249,0.0,0.0,0.0,0.0,0.0,0.0,0.0,0.0,0.0,0.0,0.0,0.0,0.0,0.0,0.014521922144932463,0.0,0.0,0.0,0.0,0.0,0.0,0.0,0.0,0.0,0.0,0.0,0.0,0.0,0.0,0.0,0.0,0.0,0.0,0.0,0.0,0.0,0.0,0.0,0.0,0.0,0.0,0.0,0.0,0.0,-0.010532778918591565,0.0,0.0,0.0,0.0,0.0,0.0,0.0,0.0,0.0,0.0,0.0,0.0,0.0,0.0,0.0,0.0,0.0,0.0,0.0,0.0,0.0,0.0,0.0,0.0,0.0,0.0,0.0,0.0,0.0,0.0,0.0,0.0,0.0,0.0,0.0,0.0,0.0,0.0,0.0,0.0,0.0,0.0,0.0,0.0,0.0,0.0,-0.011886048716617447,0.0
0.0,0.0,0.0,0.0,0.0,0.0,0.0,0.0,0.0,0.0,0.0,0.0,0.0,0.0,0.0,0.0,-0.010510637856511826,0.014224333125017554,0.0,0.0,0.0,0.0,0.0,0.0,0.0,0.0,0.0,0.0,0.0,0.0,0.0,0.0,0.0,0.0,0.0,0.0,-0.013217461232491717,0.0,0.0,0.0,0.0,0.0,0.0,0.0,0.0,0.0,0.0,-0.014889135044980647,0.0,0.0,0.0,0.0,0.0,0.0,0.0,0.0,0.0,0.0,-0.011059945965540883,0.0,0.0,0.0,0.0,0.0,0.0,0.01065171807848133,-0.010532778918591565,0.0,0.012172951246829967,0.0,0.0,0.0,0.0,0.0,0.0,0.0,0.0,0.0,0.0,0.0,0.0,0.0,0.0,0.0,0.0,0.0,0.0,0.0,0.0,0.0,0.0,0.010051883926757798,0.0,0.0,0.0,0.0,0.0,0.0,0.0,0.0,0.0,0.0,0.0,0.0,0.0,0.0,0.0,0.0,0.0,0.0,0.0,-0.013718667772022736,0.0,0.0,0.0,0.0
0.013981317647244368,0.016295102775419835,0.0,0.014246325743983369,0.0,0.015000309829069351,0.013159427025728072,0.01671153485626976,0.0,0.0,0.012933629801818183,0.0,0.0,0.0,0.0,0.0,0.0,0.0,0.0,0.012469215672497952,0.0,0.0,0.0,0.0,0.0,0.0,0.0,0.0,0.0,0.016855608918132228,0.014090297709735187,0.0,0.0,0.0,0.0,0.0,0.010752817880959683,0.0,0.011381171379459668,0.0,0.0,0.0,0.0,0.0,0.0213352281745151,0.0,0.0,0.0,0.0,0.0,0.0,0.0,0.0,0.0,0.0,0.01174461063601573,0.011042118760556522,0.0,0.0,0.0,0.013140093670088015,0.0,0.0,0.0,0.0,0.0,0.0,0.012172951246829964,0.0,0.0,0.0,0.0,0.0,0.0,0.0,0.012876751395106118,0.0,0.0,0.0,0.0,0.0,0.0,0.0,0.0,0.0,0.0,0.0,0.0,0.0,0.0,0.0,0.0,0.015102437710201196,0.0,0.0,0.0,0.011618347647458168,0.0,0.010460547158548036,0.0,0.0,-0.012730868439228627,0.0,0.016582793323401315,0.01831301635905243,0.0,0.0,0.01431755311201912,0.0,0.016071070714448164,0.0,0.018136681913650303,0.0,0.01730331115499726,0.0,0.02028597846397079
0.0,0.0,-0.01388288814147682,0.0,-0.01050340750028198,-0.010627661002475686,0.0,0.0,0.0,0.0,0.0,-0.013324942334088772,-0.020843449365914257,-0.010123270674571552,0.0,0.0,0.0,0.0,0.0,0.0,0.0,-0.011765046120461376,0.0,0.0,0.0,0.0,-0.012391788811349723,-0.010788200034760664,0.0,0.0,0.0,0.0,-0.01268709178440538,0.0,0.0,0.0,0.0,0.0,0.0,0.0,0.0,0.0,-0.014129995896845948,0.0,0.0,0.0,0.0,0.0,0.0,0.0,-0.013021359759141428,0.0,0.0,0.0,0.0,0.0,0.0,0.0,0.010942978827453192,0.011164629016692075,0.0,0.0,0.0,0.0,0.0,0.0,0.0,0.0,0.0,0.0,-0.01826038981560544,-0.022987300635088526,0.0,0.0,0.0,0.0,0.0,0.0,0.0,0.0,0.0,0.0,0.0,0.0,0.0,0.0,0.0,0.0,0.0,0.01206866244580261,0.0,0.0,0.0,0.0,0.0,0.0,0.0,0.0,0.0,0.0,0.0,-0.01890379109855233,0.0,0.0,0.0,0.0,0.0,0.0,0.0,0.0,0.0,0.0,0.0,0.0,0.0,0.0
0.0,0.0,0.0,0.0,0.0,0.0,0.0,0.0,0.0,0.0,0.0,0.0,0.0,-0.01355355558892852,0.0,0.0,0.0,-0.014788718401676906,0.0,0.0,0.012494250195491158,0.0,0.0,0.0,0.0,0.0,-0.012447882103362012,0.0,0.0,0.0,0.0,0.0,-0.013885231727491018,0.0,-0.013551771759977701,-0.014125620046093256,0.0,0.0,0.0,0.0,0.0,0.0,0.0,0.01038465886876016,0.0,0.0,0.0,0.0,0.0,0.0,0.0,0.0,0.0,0.0,0.0,-0.01110982364270187,0.0,0.0,0.0,0.0,0.0,-0.010435300643696648,0.0,0.0,0.0,0.0,0.0,0.0,0.0,-0.01826038981560544,0.0,0.0,0.0,-0.014418429148726436,-0.012231782758653224,0.0,0.0,-0.012473398183894376,0.0,0.0,0.0,0.0,0.0,0.0,0.0,0.0,0.0,0.0,0.0,0.010110470585975811,0.0,-0.025751801485131454,0.0,0.0,0.0,0.0,0.0,0.0,0.0,0.0,0.0,-0.013386009188600133,0.0,0.0,0.0,-0.015748037604306205,0.0,0.0,0.0,0.0,0.0,0.0,0.0,0.0,0.0,0.0
0.0,0.0,0.0,0.0,0.0,0.0,0.0,0.0,0.0,0.0,0.0,0.0,-0.014133225090746672,-0.015032355751458504,0.0,0.0,0.0,0.0,0.0,0.0,0.0,-0.017118983876866094,0.0,0.0,0.0,-0.011715721887785696,-0.011708675170045712,-0.010482655434294759,0.0,0.0,0.0,0.0,-0.013592807810701713,0.0,-0.02286091198064178,-0.011392511536392702,0.0,-0.010585216426895508,0.0,0.0,0.0,0.0,0.0,0.0,0.0,0.0,0.0,-0.012842472881705336,0.0,0.0,0.0,0.0,0.0,0.0,0.0,0.0,0.0,-0.01039226681651584,0.0,0.0,0.0,0.0,0.0,0.0,0.0,0.0,0.0,0.0,0.0,-0.02298730063508853,0.0,0.0,0.0,-0.011554988381568269,0.0,0.0,0.0,-0.01399229703884038,0.0,0.0,0.0,-0.010230483441805232,0.0,0.0,0.0,0.0,0.0,0.0,0.0,0.0,0.0,0.0,0.0,0.0,0.0,0.0,0.0,0.0,0.0,0.0,0.0,-0.017149655292301853,-0.01004947268553286,0.0,0.0,0.0,0.0,0.0,0.0,0.0,0.0,0.0,0.0,0.0,0.0,0.0
0.0,0.0,0.0,0.0,0.0,0.0,0.0,0.0,0.0,0.0,0.0,0.0,0.0,0.0,-0.010493689034479767,0.0,-0.011042790825715116,0.0,0.0,0.0,0.0,0.0,-0.012472679814111511,0.0,-0.013106710563998125,0.0,0.0,0.0,0.0,0.0,0.0,0.0,0.0,0.0,0.0,0.0,0.0,0.017449808479277358,0.0,0.0,0.0,0.0,0.0,0.0,0.0,0.0,0.0,0.0,0.0,-0.010504273856156272,-0.01095774743775844,-0.012633910619126536,0.0,0.0,0.0,0.0,0.0,0.0,0.0,0.0,0.0,0.0,0.0,0.0,0.0,0.0,0.0,0.0,0.0,0.0,0.0,0.0,0.0,0.0,0.0,0.0,0.0,0.0,0.0,0.0,0.0,0.0,0.0,-0.014662697118024664,0.0,0.0,0.0,0.0,0.0,0.0,0.0,0.0,0.0,0.0,0.0,0.0,0.0,0.0,0.0,0.0,0.0,0.0,0.0,0.0,0.0,0.0,0.0,0.0,0.0,0.0,0.0,0.0,0.0,0.0,-0.019034627982331007,0.01471632309404076
0.0,0.0,-0.010443797406024965,0.0,0.0,0.0,0.0,0.0,0.0,0.0,0.0,0.0,-0.016178082102601535,0.0,0.0,0.0,0.0,0.0,0.0,-0.016873776811081907,0.0,0.0,0.0,0.0,0.0,-0.01001320505721348,-0.013610359690089975,-0.01490474158156135,0.0,0.0,0.0,0.0,0.0,0.0,0.0,0.0,0.0,0.0,0.0,0.0,0.0,0.0,0.0,0.0,0.0,0.0,0.0,0.0,0.0,0.0,0.0,0.0,0.0,0.0,-0.014748592344896764,-0.013245565422202586,0.0,0.0,0.0,0.0,0.0,0.0,0.0,0.0,0.0,0.0,0.0,0.0,0.0,0.0,-0.014418429148726444,-0.011554988381568265,0.0,0.0,0.0,0.0,0.0,0.0,0.0,0.0,0.0,0.0,0.0,0.0,0.0,-0.011419605539157615,0.0,0.0,0.0,0.0,0.0,0.0,0.0,0.0,0.0,0.01829080475065898,0.0,-0.011617786747272789,0.0,0.0,0.0,-0.015174999282054309,-0.014011529731684787,0.0,0.0,-0.010062598945174915,0.0,0.0,0.0,0.0,0.0,0.013884193625699435,-0.011023874410851316,0.0,0.0,0.0
0.0,0.0,0.0,0.01081003860595578,0.0,0.0,0.0,0.0,0.0,0.0,0.0,0.0,-0.02241051834421665,0.0,0.0,0.0,0.010609263433726692,0.0,0.0,0.0,0.0,0.0,0.0,0.0,0.0,0.0,0.0,0.0,0.0,0.0,0.010182163299311585,0.0,0.0,0.0,0.0,0.0,0.0,0.0,0.0,0.0,0.0,0.0,0.0,0.0,0.0,0.0,0.0,-0.01656678889250859,0.0,0.0,0.0,0.0,0.0,0.0,0.0,-0.012189729490985632,0.0,0.0,0.0,0.0,0.0,0.0,0.0,0.0,0.0,0.0,0.0,0.0,0.0,0.0,-0.012231782758653224,0.0,0.0,0.0,0.0,0.0,0.0,0.0,0.0,0.0,0.0,0.0,0.0,0.0,0.0,0.0,0.0,0.0,0.0,0.0,0.0,0.0,0.0,0.0,0.0,0.0,0.0,0.0,0.0,0.0,0.0,0.0,0.0,0.0,0.0,0.0,0.0,0.0,0.0,0.0,-0.010755011486170708,0.0,0.0,0.0,0.0,0.0
0.0,0.013707453200848239,0.0,0.018167691847152917,0.0,0.011382276656700108,0.015815529949171767,0.0,0.0,0.0,0.0,0.0,-0.012787556265185351,0.0,0.0,0.0,0.0,0.0,0.0,0.0,0.0,0.0,0.0,0.0,0.0,0.0,0.0,0.0,0.0,0.0,0.012571338163377596,0.0,0.010376975131869708,0.0,0.0,0.0,0.0,0.0,0.0,0.0,0.0,0.0,0.0,0.0,0.0,0.0,0.0,0.0,0.0,0.0,0.0,0.0,0.0,0.0,0.0,0.0,0.0,0.0,0.0,0.0,0.0,0.011489796427576342,0.0,0.010594386677836303,0.0,0.0,0.0,0.0,0.012876751395106117,0.0,0.0,0.0,0.0,0.0,0.0,0.0,0.0,0.0,0.0,0.0,0.0,0.0,0.0,0.0,0.0,0.0,0.0,0.0,0.0,0.0,0.0,0.0,0.0,0.0,0.0,0.0,0.0,0.0,0.0,0.0,0.0,0.0,0.0,0.0,0.0,0.0,0.0,0.0,0.0,0.0,0.0,0.0,0.0,0.0,0.0,-0.010620020341656673
0.0,0.0,0.0,0.0,0.0,0.0,0.0,0.012495212814965198,0.0,0.0,0.0,0.0,0.0,0.0,0.0,0.0,0.0,0.0,0.0,0.0,0.0,0.0,0.0,0.0,0.0,0.0,0.0,0.0,0.0,0.0,0.0,0.0,0.0,0.0,0.0,0.0,0.0,0.0,0.0,0.0,0.0,0.0,0.0,0.0,0.0,0.0,0.0,0.0,0.0,0.0,-0.015742918759061864,0.0,0.0,0.0,0.0,0.0,0.0,0.0,0.0,0.0,0.011477888948391784,0.0,0.0,0.0,0.0,0.0,0.0,0.0,0.0,0.0,0.0,0.0,0.0,0.0,0.0,0.0,0.0,0.0,0.01101185323767225,0.0,0.0,0.0,0.0,0.0,0.0,0.0,0.0,0.0,0.0,0.0,0.0,0.0,0.0,0.0,0.0,0.0,0.0,0.0,0.0,0.0,0.012780507298514465,0.0,0.0,0.0,0.0,0.0,0.0,0.0,0.0,0.0,0.0,0.0,0.0,0.0,0.0,0.0
0.0,0.0,0.0,0.011336575514212584,0.0,0.0,0.0,0.012189774624454131,0.0,0.0,0.0,0.0,-0.014382852174180654,-0.010639838159667892,0.0,0.0,0.0,0.0,0.0,0.0,0.0,0.0,0.0,0.0,0.0,0.0,0.0,0.0,0.0,0.010762184987297696,0.010332523860038023,0.0,0.0,0.0,0.0,0.0,0.0,0.0,0.0112237466964414,0.0,-0.011271977063285593,0.0,0.0,0.0,0.0,0.0,0.0,0.011255462099291442,0.0,0.0,0.0,0.0,0.0,0.0,0.0,0.0,0.0,0.0,0.0,0.0,0.0,0.0,0.0,0.0,0.0,0.0,0.0,0.0,0.0,0.0,-0.012473398183894372,-0.013992297038840388,0.0,0.0,0.0,0.0,0.0,0.0,0.0,0.0,0.0,0.0,0.0,0.0,0.0,0.0,0.0,0.0,0.0,0.0,0.0,0.0,0.010751286394292925,0.0,0.0,0.0,0.015351967716727304,-0.013692314517523013,0.0,0.0,0.0,0.0,0.0,0.0,0.0,0.0,0.0,0.0,0.0,0.0,0.0,0.0,0.0,0.0,0.0,0.0
0.0,0.0,0.0,0.0,-0.014698595139315556,0.0,0.0,0.0,0.0,0.0,0.013213109659383883,0.0,0.0,0.0,0.0,0.0,-0.012380176872694031,0.014600529444286713,0.0,0.0,-0.01312186688504072,0.0,0.0,-0.010976436341339005,0.0,0.0,0.0,0.0,0.0,0.0,-0.01088186682562223,-0.01203285342635108,0.0,0.0,0.0,-0.011012152636005992,-0.01371922560415932,0.0,0.0,0.0,0.0,0.0,0.0,0.0,0.0,0.0,0.0,0.0,0.0,-0.012789474377638336,-0.012341589497362212,0.0,0.0,0.0,-0.016205677142180522,0.0,0.0,0.0,0.0,0.0,0.01078883378817926,0.0,-0.010345775255364283,0.0,0.0,0.0,0.0,0.0,0.0,0.0,0.0,0.0,0.0,0.0,0.0,0.0,0.01101185323767226,0.0,0.0,0.0,0.0,-0.011066391755936,0.0,0.0,0.0,-0.014511586526648607,0.0,0.0,-0.01049196234022002,0.0,0.0,0.0,0.0,0.0,0.0,0.0,0.0,-0.02141337094695108,0.0,0.0,0.0,0.0,0.0,0.0,0.0,0.0,0.0,0.0,0.0,0.0,0.0,0.0,0.0,0.0,-0.010994637230718496,0.0
0.0,0.0,0.0,0.0,0.0,0.0,0.0,0.0,0.0,0.0,0.0,0.0,0.0,0.0,0.0,0.0,0.0,0.010052810163430353,0.0,0.0,0.0,0.0,0.013869292482302904,0.0,0.0,0.01087755392583475,0.0,0.0,0.0,0.0,0.0,0.0,0.0,0.0,0.0,0.0,0.0,0.0,0.0,0.0,0.0,0.0,0.0,0.0,0.0,0.0,0.0,0.0,0.0,0.0,0.0,0.0,0.0,0.0,0.0,0.0,0.0,0.0,0.0,0.0,0.0,0.0,0.0,0.0,-0.012247349884463748,-0.015563219660910784,0.0,0.0,0.0,0.0,0.0,0.0,0.0,0.0,0.0,0.0,0.0,0.0,0.0,0.0,0.0,0.0,0.0,0.0,0.0,0.0,0.0,0.0,0.0,0.0,0.0,0.0,0.0,0.0,0.0,0.0,0.0,0.0,0.0,0.0,0.011051285562658292,0.0,0.0,0.010214504248221914,0.0,0.0,0.010270699346669193,0.015543485667129537,0.0,0.0,0.0,0.0,0.012281088460119336,0.0,0.0,0.0
0.0,0.012018334897138397,0.0,0.01386367827458366,0.0,0.010374510340795439,0.0,0.0,0.0,0.0,0.0,0.0,0.0,0.0,0.0,0.0,0.0,0.0,0.0,-0.018763957426027697,0.0,0.0,0.0,0.0,0.0,0.0,0.0,-0.015769717506900177,0.0,0.0,0.011829636012365755,0.0,0.0,0.0,0.0,0.0,0.0,0.0,0.014572461087775207,0.0,0.0,0.0,0.0,0.0,0.0,0.0,0.0,0.0,0.0,0.0,0.0,0.0,0.0,0.012135035079001016,0.0,-0.014877448449792262,0.010141164331565297,0.0,0.0,0.0,0.0,0.011522115183312752,0.0,0.0,0.0,0.0,0.0,0.0,0.0,0.0,0.0,0.0,0.0,0.0,0.0,0.0,0.0,0.0,0.0,0.0,0.0,0.0,0.0,0.0,0.0,0.0,0.0,0.0,0.0,0.0,0.0,0.0,0.0,0.0,0.0,0.0,0.010404558269733945,0.0,0.0,0.0,0.0,-0.013198904894139989,0.0,0.0,0.0,0.0,0.0,0.0,0.0,0.013340423752872033,0.0,0.016718006783666764,0.0,0.01065736196887195,0.010774581359520176,0.0
0.0,0.0,0.0,0.0,0.0,0.0,0.0,0.0,0.0,0.0,0.0,0.0,0.0,0.0,0.0,0.0,0.0,0.013482709163950444,0.0,0.0,0.0,0.0,0.0,0.0,0.0,0.0,0.0,0.0,0.0,0.0,0.0,0.0,0.0,0.0,0.0,0.0,0.0,0.0,0.014705976919147285,0.0,0.0,0.0,0.0,0.0,0.0,0.0,0.0,0.0,0.0,0.0,0.0,0.0,0.0,0.0,0.0,0.0,0.0,0.0,0.0,0.0,0.0,0.0,0.0,0.0,0.0,0.0,0.0,0.0,0.0,0.0,0.0,-0.010230483441805226,0.0,0.0,0.0,0.0,0.0,0.0,-0.011066391755936,0.0,0.0,0.0,0.0,0.0,0.0,0.0,0.0,0.0,0.0,0.0,0.0,0.0,0.0,0.0,0.0,0.0,0.010711891372950245,0.0,0.0,0.0,0.011382998913161965,0.0,0.0,0.0,0.0,0.0,0.0,0.015767775063610052,0.0,0.0,0.0,0.0,0.01043632225243632,0.0,0.0,0.0
0.0,0.0,0.0,0.0,0.0,0.0,0.0,0.0,0.0,0.0,0.0,0.0,0.0,0.0,0.0,0.0,0.0,0.0,0.0,-0.011977141668385325,0.0,0.0,0.0,0.0,0.0,0.0,0.0,-0.013763199625766956,0.0,0.0,0.013373652459887612,0.0,0.0,0.0,0.0,0.0,0.0,0.0,0.017594020801446182,0.0,0.0,0.0,0.0,0.0,0.0,0.0,0.0,0.0,0.0,0.0,0.0,0.0,0.0,0.0,0.0,-0.011883422938531094,0.0101364800022117,0.0,0.0,0.0,0.01025338985051369,0.0,0.0,0.0,-0.011205763742414396,-0.013478030208519879,0.0,0.0,0.0,0.0,0.0,0.0,0.0,0.0,0.0,0.0,0.0,0.0,0.0,0.0,0.0,0.0,0.0,0.0,0.0,0.0,0.0,0.0,0.0,0.0,0.0,0.0,0.0,0.01081759874613076,0.0,0.0,0.0,0.0,0.0,0.0,0.0,-0.011744001341894812,-0.011403946978775404,0.0,0.0,0.0,0.0,0.0,0.0,0.0,0.0,0.0,0.012858381769949958,0.0,0.0,0.0
0.0,0.0,0.0,0.0,0.0,0.0,0.0,0.0,0.0,0.0,0.0,0.0,0.010804095423823604,0.0,0.0,0.0,0.0,0.01481949744240332,0.0,0.0,0.0,0.0,0.0,0.0,0.0,0.0,-0.014354885195328628,-0.017032933060098412,0.0,0.01665090255668434,0.014378987347163292,0.0,0.0,0.0,0.0,0.0,0.0,-0.010522365948674828,0.0,0.0,0.0,0.0,0.0,0.0,0.0,0.0,0.0,0.0,0.0,-0.010789353054994384,-0.01059710480700286,0.0,0.0,0.0,0.0,0.0,0.0,0.0,0.0,0.0,0.017860415072820157,0.0,0.0,0.0,-0.013078432283693755,-0.014418650455375851,0.0,0.0,0.0,0.0,0.0,0.0,-0.014662697118024664,0.0,0.0,0.0,0.0,0.0,0.0,0.0,0.0,0.0,0.0,0.0,0.0,-0.011047153344802043,0.0,0.0,0.0,0.0,0.0,0.0,0.0,0.0,0.0,-0.010459987179539396,0.0,0.0,0.0,0.0,0.0,0.0,-0.01822007701196522,0.0,0.0,0.0,0.0,0.0,0.0,0.0,0.0,0.013817220717883685,0.011105753057455717,0.0,0.0,0.0
0.0,0.0,0.0,0.014206338477502443,0.0,0.0,0.011127017394786111,0.0,0.0,0.0,0.0,0.0,0.0,0.0,0.0,0.0,0.012731578916144716,0.016142907646266032,0.0,0.0,0.0,0.0,0.0,0.0,0.010787465452459592,0.0,0.0,0.0,0.0,0.019394959915497948,0.017920827691790694,0.0,0.0,0.013465846739911335,0.0,0.0,0.0,0.0,0.0,0.0,0.0,0.0,0.0,0.0,0.0,0.0,0.0,0.0,0.0,0.0,0.0,0.0,0.0,0.0,0.0,0.0,0.014295086079209951,-0.010245837601961592,0.0,0.0,0.0,0.0,-0.011296045940335812,0.0,0.0,-0.014261653921521972,0.0,0.0,0.0,0.0,0.0,0.0,0.0,0.0,0.0,0.0,0.0,0.0,0.0,0.0,0.0,0.0,0.0,0.0,0.0,0.0,0.0,0.015123790923691954,0.0,0.0,0.0,0.0,0.0,0.0,0.0,0.0,0.0,0.0,0.0,0.0,0.0,0.0,0.0,0.0,0.0,0.0,0.0,0.0,0.0,0.0,0.0,0.010282877848105276,0.020017362128272057,0.010740510008357648,0.0,-0.011318679950772449
0.0,0.0,0.0,0.0,0.0,0.0,0.0,0.0,0.0,0.0,0.0,0.0,0.0,0.0,0.0,0.0,0.0,0.0,0.0,0.0,0.0,0.0,0.0,0.0,0.0,0.0,0.0,-0.014214046622007847,0.0,0.0,0.0,0.0,0.0,0.0,0.0,0.0,0.0,0.0,0.0,-0.013352366689797472,0.0,0.0,0.0,0.0,0.0,0.0,0.0,0.0,0.0,0.0,0.0,0.0,0.0,0.0,0.01181859689567195,0.0,0.014126103887167916,0.0,0.0,0.0,0.0,0.0,0.0,0.0,-0.016413114123207007,-0.010616852494322532,0.0,0.0,0.0,0.0,0.0,0.0,0.0,-0.011419605539157612,0.0,0.0,0.0,0.0,-0.01451158652664861,0.0,0.0,0.0,0.0,-0.011047153344802049,0.0,0.0,0.0,0.0,0.0,0.0,0.0,0.0,0.0,0.0,0.0,0.0,0.01007037189154011,0.0,0.0,0.0,0.0,0.0,-0.0135141755179537,0.0,0.0,0.0,0.0,0.0,0.0,0.0,-0.011260267636197724,0.0,0.01829487534945925,0.0,0.0,0.0
0.0,0.0,0.0,0.0,0.0,0.0,0.0,0.0,0.0,0.0,0.0,0.0,0.0,0.0,0.0,0.0,0.0,0.0,0.0,0.0,0.0,0.0,0.0,0.0,0.0,0.0,0.0,0.01295094944717342,0.0,0.0,0.0,0.0,-0.012708281331708903,0.0,0.0,0.0,0.0,0.0,0.0,0.0,-0.012335157261016288,0.0,0.0,0.0,0.0,0.010048291578242038,0.0,0.0,0.0,0.0,0.0,0.0,0.0,0.012353386780133048,0.0,0.0,0.0,0.010709063862366584,0.0,0.0,0.0,0.0,0.0,0.0,0.0,0.0,0.0,0.0,0.0,0.0,0.0,0.0,0.0,0.0,0.0,0.0,0.0,0.0,0.0,0.0,0.0,0.0,0.0,0.0,0.0,0.0,0.0,0.0,0.0,0.0,0.0,0.0,0.0,0.010560387722778373,0.0,0.0,0.0,0.0,0.0,0.0,0.0,0.0,0.0,0.0,0.0,0.0,0.0,0.0,0.0,0.012126609004094435,0.0,0.0,0.0,0.0,0.0,0.0
-0.011141112991498383,0.0,-0.010451206070896656,0.0,0.0,0.0,0.0,0.0,0.0,0.0,0.0,0.0,0.0,0.0,0.0,0.0,0.0,0.0,0.0,0.0,0.0,0.0,0.0,0.0,0.0,0.0,0.01308944551317884,0.0,0.0,0.015268278508054643,0.0,0.0,0.0,0.0,0.0,0.0,0.0,0.0,0.0,0.0,0.0,0.0,0.0,0.0,0.0,0.0,0.0,0.0,0.0,0.0,0.0,0.0,0.0,0.0,0.0,0.0,0.0,0.0,0.0,0.0,-0.01060627494085066,-0.014899668771674895,-0.017587998014003212,0.0,0.0,0.0,0.0,0.0,0.0,0.0,0.0,0.0,0.0,0.0,0.0,0.0,0.0,0.0,0.0,0.0,0.0,0.0,0.0,0.0,0.015123790923691956,0.0,0.0,0.0,-0.018127599432995006,0.0,-0.011341968596485548,0.0,0.0,0.0,0.0,0.0,0.0,0.0,0.0,0.0,0.0,0.0,-0.01685186455593366,0.0,0.0,0.012108064898761414,0.0,0.0,0.0,0.0,0.0,0.01036519450824146,0.01085512821067588,0.0,0.0,0.010235753287158023
0.0,0.0,0.0,0.0,0.0,0.0,0.0,0.0,0.0,0.0,-0.01440060452767106,0.0,0.0,0.0,0.0,0.0,0.0,0.0,0.0,0.0,0.0,0.0,0.0,0.0,0.0,0.0,0.0,0.0,0.0,0.0,0.0,0.0,0.0,0.0,0.0,0.0,0.0,0.0,0.0,0.0,0.0,0.0,0.0,0.0,0.0,0.0,0.0,-0.010056991248510389,0.0,-0.010131387739590192,0.0,-0.01382901828457143,0.0,0.0,0.0,0.0,-0.011049802619215425,0.0,-0.01139758840628797,0.0,-0.012114136089000572,0.0,0.0,0.0,0.0,0.0,0.0,0.0,0.0,0.0,0.0,0.0,0.0,0.0,0.0,0.0,0.0,0.0,-0.010491962340220025,0.0,0.0,0.0,0.0,0.0,0.0,0.0,0.0,-0.018127599432995,0.0,0.0,0.0,0.0,0.0,0.0,0.0,0.0,0.0,0.010516418580259408,0.0,0.0,0.0,0.0,0.0,0.0,0.0,0.0,0.0,0.0,0.0,0.0,0.0,0.0,0.0,0.0,0.0,-0.012750880122292588
0.0,0.0,0.0,0.0,0.0,0.0,0.0,0.0,0.0,0.0,0.0,0.0,0.0,0.0,0.0,0.012072777730321413,0.0,0.0,0.0,0.0,0.0,0.01062489932319139,0.0,0.0,0.0,0.0,0.0,0.0,0.0,0.0,0.0,-0.0103749718195988,0.0,0.0,0.0,0.0,0.0,0.0158441311289085,0.0,0.017635042937434817,0.011154001897920186,0.0,0.0,0.0,0.0,0.0,0.0,-0.01581063374789146,0.0,0.0,0.0,-0.011885792478282246,0.0,0.0,0.0,0.0,0.0,0.0,0.0,0.0,0.0,0.0,0.0,0.0,0.0,0.0,0.0,0.0,0.0,0.012068662445802614,0.010110470585975816,0.0,0.0,0.0,0.0,0.0,0.0,0.0,0.0,0.0,0.0,0.0,0.0,0.0,0.0,0.0,0.0,0.0,0.0,0.0,0.0,0.0,0.0,0.01163541808604694,0.0,0.0,0.0,0.0,0.0,0.0,0.0,0.0,0.0,0.0,0.0,0.012186904095981619,0.0,0.0,0.0,0.0,0.0,0.0,0.0,0.0,0.0,0.0
0.0,0.0,-0.013781879749231568,0.0,0.0,0.0,0.013025494839382219,0.0,0.0,0.0,-0.01207900985521949,0.0,0.0,0.0,0.0,0.0,0.0,0.0,0.0,0.0,0.01231997192989448,0.0,0.0,0.0,0.0,0.0,0.0,0.0,0.0,0.0,0.0,0.0,0.0,0.0,0.0,-0.012787993299856956,0.0,0.0,0.0,0.0,0.0,0.0,0.0,0.0,0.0,0.0,0.0,0.0,0.0,0.0,0.0,-0.011565975076014938,0.0,0.01982683279950832,0.0,0.0,0.0,0.0,0.0,0.0,0.0,0.0,0.0,0.0,0.0,0.01270874510009934,0.0,0.0,0.0,0.0,0.0,0.0,0.0,0.0,0.0,0.0,0.0,0.0,0.0,0.0,0.0,0.0,0.0,0.0,0.0,0.0,0.0,-0.011341968596485548,0.0,0.0,0.0,0.0,0.0,0.0,0.0,0.0,0.0,0.0,0.0,0.0,0.0,0.0,0.0,0.0,0.0,0.0,0.0,0.0,0.0,0.0,0.0,0.017806128599283825,0.0,0.0,0.0,-0.020076197881537645
0.0,0.0,0.0,0.0,0.0,0.0,0.0,0.0,0.0,0.0,0.0,-0.010394395640334423,-0.022458166674875567,-0.011007693314783355,0.0,0.0,0.0,0.0,0.0,-0.010341414096723652,0.0,0.0,0.01012487879436847,0.0,0.0,0.0,0.0,0.0,0.0,0.0,0.010469426815735393,0.0,0.0,0.0,0.0,0.0,0.0,0.0,0.01172794529632778,0.0,0.0,0.0,0.0,0.0,0.0,0.0,0.0,0.0,0.0,0.0,0.0,0.0,0.0,0.011713073450304692,0.0,0.0,0.0,0.0,0.0,0.0,0.0,0.0,0.0,0.012012397020592128,0.0,0.0,0.0,0.010051883926757797,0.0,0.0,-0.025751801485131454,0.0,0.0,0.0,0.0,0.0,0.0,0.0,0.0,0.0,0.0,0.0,0.0,0.0,0.0,0.0,0.0,0.0,0.0,0.0,0.0,0.0,0.01311992703214732,0.0,0.0,0.0,0.016083918207830814,0.0,0.0,0.0,0.0,-0.014684961544914946,0.0,0.010273707986056877,0.0,0.0,0.0,0.0,0.0,0.0,0.0,0.0,0.0,0.0,0.0,0.0
0.0,0.0,0.0,0.0,0.0,0.0,0.0,0.0,0.0,0.0,0.0,0.0,0.0,0.0,0.0,0.0,0.0,0.018943474516146894,0.0,0.0,0.0,0.0,0.0,0.0,0.0,0.0,0.0,0.0,0.0,0.0,0.0,0.0,0.0,0.01289981407972884,-0.012145289871137135,0.0,0.0,0.011100024961696106,0.01269203455098619,0.0,0.0,0.0,0.0,0.0,0.0,0.0,0.0,0.0,0.0,0.0,0.0,0.0,0.0,0.0,0.0,0.0,0.0,0.0,0.0,0.0,0.0,0.0,0.0,0.0,0.0,0.0,0.0,0.0,0.015102437710201193,0.0,0.0,0.0,0.0,0.0,0.0,0.0,0.0,0.01075128639429292,0.0,0.0,0.0,0.0,0.0,0.0,0.0,0.0,0.0,0.0,0.0,0.0,0.0,0.013119927032147316,0.0,0.0,0.0,0.0,0.0,0.0,0.0,0.0,0.0,0.0,0.0,0.0,0.0,0.0,0.0,0.0,0.0,0.011177216066650179,0.0,0.0,0.0,0.0,0.0,0.012524530219802755
0.0,0.0,0.0,0.0,0.0,0.0,0.0,0.0,0.0,0.0,0.0,0.0,0.0,0.0,0.0,0.0,0.0,0.022000864558032646,0.0,0.0,0.0,0.0,0.0,0.0,0.0,0.0,0.0,0.0,0.0,0.0,0.0,0.0,0.0,0.01606213949090896,0.0,0.0,0.0,0.0,0.0,0.0,0.0,0.0,0.0,0.0,0.0,0.0,0.0,0.0,0.0,0.0,0.0,0.0,0.0,0.013083117013727299,0.0,0.0,0.0,0.0,0.0,0.0,0.0,0.0,0.0,0.0,0.0,0.0,0.0,0.0,0.0,0.0,0.0,0.0,0.0,0.0,0.0,0.0,0.0,0.0,0.0,0.0,0.0,0.0,0.010817598746130756,0.0,0.0,0.0,0.010560387722778376,0.0,0.0,0.011635418086046947,0.0,0.0,0.0,0.0,0.0,0.0,0.0,0.0,0.0,0.0,0.0,0.0,0.0,0.0,0.0,-0.01311676567981372,0.0,0.0,0.0,0.0,0.0,0.0,0.0,0.0,0.0,-0.019168812553299632
0.0,0.0,0.0,0.0,0.0,0.0,0.0,0.0,0.0,0.0,0.0,0.0,0.0,0.012683994950394812,0.0,0.0,0.0,0.0,0.0,0.0,0.0,0.0,0.0,0.0,0.0,0.0,0.0,0.0,0.0,0.0,0.0,0.0,0.0,0.0,0.0,0.0,0.0,0.0,0.0,0.014053028619274759,0.0,0.0,0.010542157555846726,0.0,0.0,0.0,0.0,0.0,0.0,0.0,0.0,0.0,0.0,0.0,0.0,0.0,0.0,0.0,0.0,0.0,0.0,-0.014568441297081392,-0.011676662164236174,0.0,0.0,0.0,0.0,0.0,0.0,0.0,0.0,0.0,0.0,0.0,0.0,0.0,0.0,0.0,0.0,0.0,0.0,0.0,0.0,0.0,0.0,0.0,0.0,0.0,0.0,0.0,0.0,0.0,0.0,0.0,0.0,0.0,0.0,0.0,0.0,0.0,0.0,0.0,0.0,0.0,0.012424124183377312,0.0,0.0,0.0,0.0,0.0,0.0,0.0,0.0,0.0,0.0,0.0
0.0,0.0,0.0,0.0,0.0,0.0,0.0,0.0,0.011426091613347225,0.0,0.013750531805109477,0.0,-0.010336356981860004,0.0,0.011258651218104886,0.012723331697831564,0.0,0.011050323827233068,0.0,0.0,0.0,0.0,0.0,0.0,-0.014971070230293019,0.0,0.0,0.0,0.0,0.0,0.0,0.0,0.0,0.0,0.0,0.0,0.0,0.0,0.0,0.019749072933956374,0.0,0.0,0.0,0.0,0.0,0.0,0.0,0.0,0.0,0.0,-0.015223529072717555,0.0,-0.012790511563132847,0.011489522154807221,0.0,0.0,0.0,0.0,-0.010906593049627097,0.0,-0.010142599547419737,0.0,-0.01043701587192204,0.0,0.0,0.0,0.0,0.0,0.0,0.0,0.0,0.0,0.0,0.018290804750658987,0.0,0.0,0.0,0.0,0.0,0.0,0.0,0.0,0.0,-0.0104599871795394,0.0,0.0,0.0,0.0,0.0,0.0,0.0,0.0,0.0,0.0,0.0,0.0,0.0,0.0,0.0,0.0,0.0,0.0,0.0,0.0,0.0,0.0,0.0,0.0,-0.019854538877379223,0.0,0.0,0.0,0.0,0.0,0.0,-0.012144158405148988
0.0,0.0,0.0,0.0,0.0,0.0,0.0,0.010129841027799695,0.0,0.0,0.010811229421057672,0.0,0.0,0.0,0.0,0.0,0.0,0.019832011989411143,0.010139414009674655,0.011766695107676424,0.0,0.0,0.0,0.0,0.0,0.0,0.0,0.012585958538262172,0.0,0.0,0.0,0.0,0.0,0.012919783723420983,0.0,0.0,0.0,0.0,0.0,0.013725712388181963,0.0,0.0,0.010026499309873435,0.0,0.015239232315494594,0.0,0.0,0.0,0.013411007296949771,0.0,0.0,0.0,0.0,0.012193137389983712,0.0,0.0,0.0,0.0,0.0,0.0,0.0,0.0,0.0,0.0,0.0,0.0,0.0,0.0,0.011618347647458165,0.0,0.0,0.0,0.0,0.0,0.0,0.0,0.0,0.015351967716727304,0.0,0.0,0.010404558269733948,0.010711891372950245,0.0,0.0,0.0,0.010070371891540112,0.0,0.0,0.0,0.0,0.0,0.016083918207830818,0.0,0.0,0.0,0.0,0.0,0.0,0.0,0.0,0.015037902766010436,0.0,0.012034830874168316,0.015627918869204647,0.0,0.0,0.01813184872820173,0.0,0.0,0.0,0.0,0.0,0.0,0.0,0.0,0.0
0.0,0.0,0.0,0.0,0.0,0.0,0.0,0.0,0.0,0.0,0.0,0.0,0.0,0.0,0.0,0.0,0.0,0.0,-0.011627869380917649,0.0,-0.014323598254689075,0.0,-0.012842486430949889,0.0,0.0,0.0,0.0,0.0,0.0,0.0,0.0,0.0,0.0,0.010298347459379655,0.0,0.0,0.0,0.0,0.0,0.0,0.0,0.0,0.0,0.0,0.0,0.0,0.0,0.0,0.0,0.0,0.0,-0.011161168488604219,0.0,0.0,0.0,0.0,0.0,0.0,0.0,0.0,0.0,0.0,0.0,0.0,0.0,0.0,0.0,0.0,0.0,0.0,0.0,0.0,0.0,-0.011617786747272787,0.0,0.0,0.0,-0.013692314517523008,-0.021413370946951088,0.0,0.0,0.0,0.0,0.0,0.0,0.0,0.0,0.0,0.010516418580259411,0.0,0.0,0.0,0.0,0.0,0.0,0.0,0.0,0.0,0.0,0.0,0.0,0.0,0.0,0.0,0.0,0.0,-0.011539045379547896,0.0,0.0,0.0,-0.01329939793495092,0.0,0.0,0.0,-0.016168032613867185,0.0
0.0,0.0,0.0,0.0,0.0,0.0,0.0,0.0,0.0,0.0,0.01047990120533852,0.0,0.0,0.0,0.0,0.0,-0.01621894068410958,0.013021737994708677,0.0,0.0,0.0,0.0,0.0,0.0,0.0,0.0,0.0,0.0,0.0,0.0,0.0,0.0,0.0,0.0,-0.011547545708409046,0.0,0.0,0.01013770308508061,0.010354139209852498,0.0,0.0,0.0,0.0,0.0,0.0,0.0,0.0,0.0,0.0,0.0,0.0,0.0,0.0,0.0,0.0,0.0,0.0,0.0,0.0,0.0,0.0,0.0,0.0,0.0,0.0,0.0,0.0,0.0,0.010460547158548031,0.0,0.0,0.0,0.0,0.0,0.0,0.0,0.0,0.0,0.0,0.0,0.0,0.0,0.0,0.0,0.0,0.0,0.0,0.0,0.0,0.0,0.0,0.0,0.0,0.0,0.0,0.0,0.0,0.0,0.0,0.0,0.0,0.0,0.0,0.0,0.0,0.0,0.0,0.0,0.0,0.0,0.0,0.0,0.0,-0.010544041339306412,-0.01122045884024081,0.0
0.0,0.0,-0.01567755654451254,0.0,0.0,0.0,0.0,0.0,0.0,0.0,0.0,0.0,0.0,0.0,0.0,0.0,-0.013222499682203792,0.012405293778102813,0.0,0.0,0.0,0.0,-0.01060693571397746,0.0,-0.010632628312779929,0.0,0.0,0.0,0.0,0.0,0.0,0.0,0.0,0.0,0.0,0.0,0.0,0.0,0.0,0.0,0.0,0.0,0.0,0.0,0.0,-0.01453482118599584,0.0,0.0,0.0,-0.010258049469653663,0.0,0.0,0.0,0.0,0.0,0.0,0.0,0.0,0.0,0.0,-0.017167514810938533,-0.010340938739035856,-0.010366788061046704,-0.010342747300475512,-0.013063796601296668,0.0,0.0,0.0,0.0,0.0,0.0,0.0,0.0,0.0,0.0,0.0,0.0,0.0,0.0,0.0,0.0,0.0,0.0,0.0,0.0,0.0,0.0,0.0,0.0,0.0,0.0,0.0,0.0,0.0,0.0,0.0,0.0,0.0,0.0,0.0,0.0,0.0,0.0,0.0,0.0,0.0,0.01425235838952078,0.0,0.0,0.0,0.0,0.0,0.0,0.0,0.0,0.0
0.0,0.0,-0.013718358454232204,0.0,0.0,-0.013468397420603037,0.0,0.0,0.0,0.0,0.0,0.0,0.0,-0.012666913099233292,0.0,0.0,0.0,0.010792895191309927,0.0,0.0,0.0,0.0,0.0,0.0,0.0,0.0,0.0,0.0,0.0,0.0,0.0,0.0,-0.018649902151772313,0.0,0.0,0.0,0.0,0.0,0.01533064238206535,0.0,0.0,0.0,-0.012887426936746988,0.0,0.0,0.0,0.012944852921128264,0.0,0.0,0.0,0.0,0.0105523536334026,0.0,0.013366727234956605,0.0,0.0,0.0,0.0,0.0,0.0,0.0,0.0,0.0,0.0,0.0,0.0,0.0,0.0,0.0,0.0,0.0,0.0,0.0,0.0,0.0,0.0,0.012780507298514467,0.0,0.0,0.011051285562658287,0.0,0.01138299891316196,0.0,0.0,0.0,0.0,0.0,0.0,0.0,0.0,0.0,0.0,0.0,0.0,0.0,0.0,0.015037902766010436,0.0,0.0,0.0,0.0,0.0,0.0,0.012912578910969266,0.0,0.0,0.013596010474066642,0.016646336998600075,0.0,0.0117310060153192,0.0,0.0,0.0,0.0,0.0,0.0
-0.010201516781725272,0.0,-0.019634140535250675,-0.01436711740017568,-0.01698493381883729,0.0,0.0,0.0,0.0,-0.015034914222613596,-0.020481633713191012,-0.013386560655235942,-0.015828619030624536,-0.01841147197339794,0.0,-0.012661228505333449,0.0,0.0,0.0,0.0,0.0,-0.011634604606988813,-0.013126264372773916,-0.010120798831798967,-0.010003229222636932,-0.015643585986923725,0.0,0.0,0.0,0.0,0.0,0.0,-0.026089143936842803,-0.010160837436585869,0.0,-0.013596182793035117,0.0,0.0,0.0,0.0,0.0,0.0,0.0,0.0,0.0,-0.010277315783696735,0.0,0.0,0.0,-0.01302782422140571,-0.016362217060000336,-0.013001158117964153,-0.014232376974563615,-0.013666905943925589,0.0,0.0,0.0,-0.015092761985663432,0.0,-0.018476465104582247,-0.013898607229331584,0.0,-0.011384430376965314,0.0,0.0,0.0,0.0,0.0,-0.01273086843922863,-0.018903791098552336,-0.013386009188600148,-0.017149655292301856,0.0,-0.015174999282054312,0.0,0.0,0.0,0.0,0.0,0.0,-0.013198904894139983,0.0,-0.011744001341894812,0.0,0.0,0.0,0.0,0.0,0.0,0.0,0.0,-0.01468496154491494,0.0,0.0,0.0,0.0,0.0,0.0,0.0,0.0,0.0,0.0,0.0,0.0,-0.012514790473073512,0.0,0.0,0.0,-0.020613732053368212,0.0,0.0,0.0,0.014333442971365932,0.0,0.0,0.0
0.0,0.0,-0.010708153645052464,0.0,-0.010269860384925356,0.0,0.0,0.0,0.0,0.0,-0.012662125225944945,0.0,0.0,0.0,0.0,0.0,0.0,0.0,0.0,0.0,0.0,0.0,-0.012056440203849637,0.0,-0.01928665812151112,-0.015395106512385615,-0.017151810126016603,0.0,0.0,0.0,0.0,0.0,-0.012227674534503515,0.0,0.0,0.0,0.0,0.0,0.010408395529013698,0.0,0.0,0.0,0.0,0.0,0.011110138497600168,-0.01037964531166952,0.0,0.0,0.0,-0.011723117681521436,-0.01832384041916089,-0.012353148086484368,0.0,0.0,0.0,0.0,0.0,0.0,0.0,-0.013544620165515359,0.0,0.0,-0.015532769964374376,0.01074448423531032,0.0,0.0,0.0,0.0,0.0,0.0,0.0,-0.01004947268553286,0.0,-0.01401152973168479,0.0,0.0,0.0,0.0,0.0,0.0,0.0,0.0,-0.0114039469787754,-0.018220077011965225,0.0,-0.013514175517953713,0.0,-0.016851864555933665,0.0,0.0,0.0,0.0,0.0,0.0,0.0,0.0,0.01203483087416832,0.0,0.0,0.0,0.0,0.0,0.0,0.0,-0.010768256193166296,0.0,0.0,0.0,-0.015156209391376255,0.0,0.0,0.0,0.0,0.0,0.0,0.0
0.0,0.0,0.0,0.0,0.0,0.011500391090894053,0.0,0.0,0.0,0.0,0.0,0.0,0.0,0.0,0.0,0.0,0.0,0.0,0.0,0.0123992596936441,0.01589056305196888,0.0,0.0,0.014778708488988952,0.0,0.0,0.0,0.017529680820388832,0.0,0.0,0.010255781062068292,0.0,0.010586306325228957,0.0,-0.0124497596296138,0.0,0.01025677484444757,0.0,0.0,0.0,0.0,0.0,0.01192790789134416,0.0,0.0,0.0,0.0,0.0,0.01197972488078218,0.0,0.0,0.0,0.0,0.0,0.0,0.0,0.0,0.0,0.0,0.0,0.0,0.0,-0.015891075478741273,0.0,0.0,0.0,0.0,0.0,0.01658279332340131,0.0,0.0,0.0,0.0,0.0,0.0,0.0,0.0,0.0,0.0,0.010214504248221913,0.0,0.0,0.0,0.0,0.0,0.0,0.0,0.0,0.0,0.0,0.0,0.01027370798605688,0.0,0.0,0.0,0.0,0.01562791886920465,0.0,0.0,0.0,0.01291257891096926,0.0,0.0,0.0,0.0,0.0,0.0,0.0,0.0,0.0,0.0,0.0,0.0,0.0,0.0,0.0
0.0,0.0,0.0,0.0,0.0,0.010186457349855797,0.0,0.0,0.0,0.0,0.012051443050741576,0.0,-0.010487880001983007,0.0,0.0,0.0,0.0,0.0,0.0,0.01023924617421128,0.016357399578345484,0.0,0.0,0.0,-0.01144506620306974,0.0,0.0,0.0,0.0,0.0,0.0,0.0,0.01439978311613535,0.0,0.0,0.011323910361367887,0.01353640243061405,0.0,0.0,0.0,0.010466141221323291,0.0,0.0,0.0,0.0,0.0,0.0,0.0,0.014013119081770912,0.0,0.0,0.0,0.0,0.0,0.0,0.0,0.0,0.0,0.0,0.0,0.0,0.0,-0.010826041353748424,0.0,0.0,0.0,0.0,0.0,0.01831301635905243,0.0,0.0,0.0,0.0,0.0,0.0,0.0,0.0,0.0,0.0,0.0,0.0,0.0,0.0,0.0,0.0,0.0,0.0,0.0,0.0,0.0,0.0,0.0,0.0,0.0,0.012424124183377312,0.0,0.0,0.0,0.0,0.0,0.0,-0.012514790473073512,-0.010768256193166296,0.0,0.0,0.0,0.0,0.0,0.0,0.0,0.0,0.0,0.0,0.0,0.0,0.0
0.0,0.0,0.0,-0.011495708597111187,0.0,0.0,0.0,0.0,0.0,0.0,0.0,0.0,-0.02130453942606666,0.0,0.0,-0.012460262021349136,0.0,0.0,0.0,-0.011949111489707663,0.0,0.0,0.0,0.0,0.0,0.0,0.0,0.0,0.0,0.010496631453573048,0.0,0.0,0.0,0.0,-0.011125595965625693,0.0,0.0,0.0,0.0,0.0,0.0,0.0,0.0,0.0,0.01313393519300067,0.0,0.0,0.0,0.011870225268877342,0.0,0.0,0.0,0.0,0.0,0.0,0.0,-0.010052499867870239,0.0,0.0,0.0,-0.013601846761902667,-0.010950497454594064,0.0,0.0,0.0,0.0,0.0,0.0,0.0,0.0,-0.015748037604306205,0.0,0.0,-0.010062598945174911,0.0,0.0,0.0,0.0,0.0,0.0,0.0,0.0,0.0,0.0,0.0,0.0,0.0,0.012108064898761414,0.0,0.012186904095981615,0.0,0.0,0.0,-0.013116765679813723,0.0,0.0,0.0,0.0,0.0,0.0,0.0,0.0,0.0,0.0,0.0,0.0,0.0,0.0,0.0,0.0,0.0,0.0,0.0,0.0,0.0,0.0
0.0,0.0,0.0,0.0,0.0,0.0,0.0,0.0,0.0,-0.01166998020748722,0.0,0.0,0.0,0.0,0.0,0.0,-0.01785568101065409,0.0,0.0,0.0,0.0,0.0,0.0,0.011163349561259441,-0.010164875994396435,0.0,0.0,0.0,0.0,0.0,0.0,-0.013073570691742371,0.0,0.0,0.0,0.0,0.0,0.0,0.011989448801544737,0.0,-0.010837033070373077,0.0,0.0,0.0,0.0,0.0,0.016171193949853155,0.0,0.0,0.0,0.0,0.0,0.0,0.0,0.010960385365037944,0.0,0.0,0.0,0.0,0.0,0.0,0.0,0.0,0.0,0.0,0.0,0.0,0.0,0.0,0.0,0.0,0.0,0.0,0.0,0.0,0.0,0.0,0.0,0.0,0.010270699346669193,0.0,0.0,0.0,0.0,0.0,0.0,0.0,0.0,0.0,0.0,0.0,0.0,0.0,0.0,0.0,0.0,0.018131848728201727,-0.01153904537954789,0.0,0.014252358389520776,0.013596010474066639,0.0,0.0,0.0,0.0,0.0,0.0,0.0,0.0,0.0,0.0,0.0,0.0,0.0,0.010623398393212347,0.01127012647237429
0.0,0.0,0.0,0.0,0.0,0.014546954464335937,0.0,0.014921472838125364,0.0,0.0,0.0,0.0,0.0,0.0,0.0,0.0,0.0,0.0,0.0,0.0,0.0,0.014873591017900116,0.0,0.017613344530796014,0.0,0.0,0.0,0.0,0.0,0.0,0.0,0.0,0.0,0.0,0.0,0.0,0.0,0.0,0.0,0.0,0.0,0.0,0.011016547629540784,0.0,0.0,0.0,0.0,-0.010456538721802853,0.0,0.015930872076716285,0.0,0.0,0.0,0.0,0.0,0.0,0.0,0.0,0.0,0.0,0.0,0.0,0.0,0.01196681831472698,0.0,0.0,0.0,0.0,0.014317553112019123,0.0,0.0,0.0,0.0,0.0,0.0,0.0,0.0,0.0,0.0,0.015543485667129533,0.0,0.01576777506361006,0.0,0.0,0.0,0.0,0.0,0.0,0.0,0.0,0.0,0.0,0.0,0.0,0.0,0.0,0.0,0.0,0.0,0.0,0.016646336998600075,0.0,0.0,0.0,0.0,0.0,0.0,0.0,0.0,0.0,-0.01009355111144018,0.0,0.0,0.0,0.0,0.0
0.0,0.0,0.0,0.0,0.0,0.011379377203399424,0.0,0.0,0.0,0.0,0.0,0.0,-0.010469607873843972,0.0,0.0,0.0,0.0,0.0,-0.015905450990927918,0.0,0.0,0.0,0.0,0.01106238520057004,0.0,0.0,0.0,0.0,0.0,0.0,0.012090246446867724,0.0,0.0,0.0,0.0,0.0,0.0,0.0,-0.013282054918699403,0.0,0.0,0.0,0.0,0.0,0.0,0.0,0.0,0.0,0.0,0.0,0.0,0.0,0.0,0.0,0.0,0.0,0.0,0.0,0.0,-0.011267901037547275,0.0,0.0,-0.0154606387715605,0.0,0.0,0.0,0.0,0.0,0.0,0.0,0.0,0.0,0.0,0.0,0.0,0.0,0.0,0.0,0.0,0.0,0.0,0.0,0.0,0.0,0.0,0.0,0.0,0.0,0.0,0.0,0.0,0.0,0.0,0.0,0.0,-0.019854538877379223,0.0,0.0,0.0,0.0,0.0,-0.020613732053368212,-0.015156209391376255,0.0,0.0,0.0,0.0,0.0,0.0,0.0,0.0,0.0,0.0,-0.011891217627665016,-0.010697648180974004,0.0
0.0,0.0,0.0,0.0,0.0,0.0,0.0,0.010012467906859671,0.0,0.0,0.0,0.0,0.0,0.0,0.0,0.0,0.0,0.0,0.0,0.012253901999075917,0.0,0.0,0.0,0.011994617793826132,0.0,0.0,0.0,0.0,0.0,0.0,0.0,0.0,0.0,0.0,0.0,0.0,0.0,0.0,0.0,0.0,0.0,0.0,0.012347815363637984,0.0,0.0,0.0,0.0,0.0,0.0,0.010520856683386495,0.011804017584691576,0.0,0.0,0.0,0.0,0.0,0.0,0.0,0.0,0.0,0.0,0.0,0.0,0.0,0.0,0.0,0.0,0.0,0.016071070714448167,0.0,0.0,0.0,0.0,0.0,0.0,0.0,0.0,0.0,0.0,0.0,0.013340423752872027,0.0,0.0,0.0,0.0,0.0,0.012126609004094431,0.0,0.0,0.0,0.0,0.0,0.011177216066650184,0.0,0.0,0.0,0.0,0.0,0.0,0.0,0.011731006015319201,0.0,0.0,0.0,0.0,0.0,0.0,0.0,0.0,0.0,0.0,0.0,0.0,0.0,0.0,0.0
0.0,0.0,0.010678826341447827,0.0,0.0,0.0,0.0,0.01098829477303194,0.0,0.0,0.0,0.0,0.0,0.0,0.0,0.0,0.0,-0.011520822733983147,-0.01010307416601737,0.0,0.0,0.0,0.0,0.0,0.0,0.0,0.0,0.0,0.0,0.0,0.013167882739545325,0.0,0.0,0.0,0.0,0.013457480249500617,0.0,0.0,0.0,0.0,0.0,0.01810843639010759,0.0,0.0,0.0,0.0,0.0,0.0,0.0,0.0,0.01231682696204978,0.0,0.0,0.0,0.0,0.0,0.0,0.0,0.0,0.0,0.0,0.0,0.0,0.0,0.0,0.012945998403682116,0.0,0.0,0.0,0.0,0.0,0.0,0.0,0.0,-0.010755011486170711,0.0,0.0,0.0,0.0,0.0,0.0,0.0,0.0,0.0,0.0,-0.011260267636197715,0.0,0.0,0.0,0.0,0.0,0.0,0.0,0.0,0.0,0.0,0.0,-0.01329939793495092,0.0,0.0,0.0,0.0,0.0,0.0,0.0,0.0,0.0,-0.01009355111144018,0.0,0.0,0.0,0.0,-0.023407763002954732,0.0,0.0,0.0
0.0,0.0,0.0,0.0,-0.01041486225093152,0.0,0.0,0.0,0.0,0.0,0.010790068670140571,0.0,0.0,0.0,0.0,0.010984633853519008,0.0,0.0,0.0,0.0,0.0,0.0,0.0,0.0,0.0,0.0,0.0,0.0,0.0,0.0,0.0,0.0,0.0,0.010584269572615636,0.0,0.0,0.0,0.0,0.0,0.0,0.0,0.0,0.0,0.0,0.0,0.0,0.0,0.0,0.0,0.0,0.0,0.0,0.01168578024732114,0.0,0.0,0.0,0.0,0.0,0.0,0.0,0.0,0.0,0.0,0.0,0.0,0.0,0.0,-0.01371866777202274,0.018136681913650296,0.0,0.0,0.0,0.0,0.013884193625699428,0.0,0.0,0.0,0.0,0.0,0.0,0.016718006783666757,0.0,0.0,0.013817220717883686,0.01028287784810528,0.0,0.0,0.010365194508241464,0.0,0.0,0.017806128599283825,0.0,0.0,0.0,0.0,0.0,0.0,0.0,0.0,0.0,0.0,0.0,0.0,0.0,0.0,0.0,0.0,0.0,0.0,0.0,0.0,0.0,-0.013074060254495652,0.0,0.0,0.0
0.0,0.0,0.0,0.0,-0.01095181972056716,0.0,0.0,0.0,0.0,0.0,0.0,0.0,0.0,0.0,0.0,0.0,0.0,0.0,0.0,0.0,0.0,0.0,0.0,0.0190119513185282,0.0,0.0,0.010006193199310825,0.0,0.0,0.0,0.0,0.0,0.0,0.0,0.0,0.0,0.0,0.014905140494214146,0.01767677399118653,0.0,0.0,0.0,0.013643585965446915,0.011705385788010772,0.0,0.0,0.0,0.0,0.015136650174221247,0.0,0.0,0.0,0.0,0.0,0.0,0.0,0.0,0.0,0.0,0.0,-0.013389423423310063,0.0,0.0,0.0,0.0,0.0,0.0,0.0,0.0,0.0,0.0,0.0,0.0,-0.01102387441085132,0.0,0.0,0.0,0.0,0.0,0.01228108846011934,0.0,0.01043632225243632,0.012858381769949963,0.011105753057455712,0.020017362128272057,0.01829487534945925,0.0,0.01085512821067588,0.0,0.0,0.0,0.0,0.0,0.0,0.0,0.0,0.0,0.0,0.0,0.0,0.0,0.014333442971365932,0.0,0.0,0.0,0.0,0.0,0.0,0.0,0.0,-0.023407763002954732,-0.013074060254495656,0.0,0.0,0.0,0.0
0.0,0.0,0.0,0.0,0.0,0.0,0.0,0.0,0.0,0.0,0.0,0.0,-0.010994240490683437,0.0,0.0,0.0,0.0,0.0,0.0,0.0,0.0,0.0,0.0,0.0,0.0,0.01064327254897383,0.0,0.0,0.0,0.0,0.0,0.0,0.0,0.010226395378344248,0.0,0.0,0.0,0.0,0.012174664782309816,0.0,0.0,0.0,0.0,0.0,0.0,0.0,0.0,0.0,0.0,0.0,-0.01597865090301165,-0.013371150803921844,0.0,0.0,0.0,0.0,0.0,0.0,0.0,0.0,0.0,0.0,0.0,0.0,-0.011223397573902272,0.0,0.0,0.0,0.01730331115499726,0.0,0.0,0.0,0.0,0.0,0.0,0.0,0.0,0.0,0.0,0.0,0.010657361968871952,0.0,0.0,0.0,0.010740510008357655,0.0,0.0,0.0,0.0,0.0,0.0,0.0,0.0,0.0,0.0,0.0,0.0,0.0,-0.010544041339306408,0.0,0.0,0.0,0.0,0.0,0.0,0.0,0.0,0.0,-0.011891217627665016,0.0,0.0,0.0,0.0,0.0,0.0,0.0
0.0,0.0,0.0,-0.0125413519380182,0.0,0.0,0.0,0.0,-0.010064590958045789,0.0,0.0,0.0,0.0,0.017095015235824042,0.0,0.0,-0.018358542247380732,0.0,0.0,0.0,0.0,0.0,0.0,0.0,0.0,0.0,-0.01086624290372669,0.0,0.0,0.0,0.0,0.0,0.0,0.010061052146915616,0.0,0.0,-0.012976082377844011,-0.01075164806712198,0.0,0.0,0.0,0.0,0.0,0.0,0.0,0.0,0.0,0.010239989746330207,0.0,0.0,0.010534516847350402,0.0,0.0,0.0,0.0,0.0,0.0,0.0,0.0,0.0,0.015286663094697011,-0.012769970986517607,0.0,0.0,-0.018126934608127716,0.0,-0.01188604871661745,0.0,0.0,0.0,0.0,0.0,-0.019034627982331,0.0,0.0,0.0,0.0,0.0,-0.010994637230718493,0.0,0.010774581359520172,0.0,0.0,0.0,0.0,0.0,0.0,0.0,0.0,0.0,0.0,0.0,0.0,0.0,0.0,0.0,0.0,-0.016168032613867178,-0.01122045884024081,0.0,0.0,0.0,0.0,0.0,0.0,0.0,0.010623398393212344,0.0,-0.010697648180974,0.0,0.0,0.0,0.0,0.0,0.0,0.01181955528527877
0.0,0.0,0.015083508287171732,0.0,0.0,0.0,0.0,0.012249873914647684,0.010519258117861755,0.0,0.0,0.0,0.0,0.01184373040938327,0.0,0.0,0.0,-0.01721945214112258,0.0,0.0,0.014774334574462963,0.0,0.0,0.013803163266832046,0.0,0.0,0.0,0.0,0.0,0.0,0.0,0.0,0.0,0.0,0.0,0.0,0.0,0.0,0.0,0.0,0.0,0.015066254738329668,0.0,0.0,0.0,0.0,0.0,0.0,0.0,0.0,0.0,0.0,0.012039232784023437,0.0,0.0,0.0,0.0,0.0,0.0,0.0,0.0,0.0,0.0,0.0,0.0,0.0,0.0,0.0,0.02028597846397079,0.0,0.0,0.0,0.014716323094040768,0.0,0.0,-0.010620020341656673,0.0,0.0,0.0,0.0,0.0,0.0,0.0,0.0,-0.011318679950772455,0.0,0.0,0.01023575328715803,-0.012750880122292588,0.0,-0.020076197881537645,0.0,0.012524530219802751,-0.019168812553299632,0.0,-0.012144158405148993,0.0,0.0,0.0,0.0,0.0,0.0,0.0,0.0,0.0,0.0,0.011270126472374294,0.0,0.0,0.0,0.0,0.0,0.0,0.0,0.011819555285278772,0.0
