0.0,0.0,0.0,0.0,0.0,0.0,0.0,0.0,0.0,0.0,0.0,0.0,0.0,0.0,0.0,0.0,0.0,0.0,0.0,0.0,0.0,0.0,0.0,0.0,0.0,0.0,0.0,0.0,0.0,0.0,0.0,0.0,0.0,0.0,0.0,0.0,0.0,0.0,0.0,0.0,0.0,0.0,0.0,0.0,0.0,0.0,0.0,0.0,0.0,0.0,0.0,0.0,0.0,0.0,0.0,0.0,0.0,0.0,0.0,0.0,0.0,0.0,0.0,0.0,0.0,0.0,0.0,0.0,0.0,0.0,0.0,0.0,0.0,0.0,0.0,0.0,0.0,0.0,0.0,0.0,0.0,0.0,0.0,0.0,0.0,0.0,0.0,0.0,0.0,0.0,0.0,0.0,0.0,0.0,0.0,0.0,0.0,0.0,0.0,0.0,0.0,0.0,0.0,0.0,0.0,0.0,0.0,0.0,0.0,0.0,0.0,0.0,0.0,0.0,0.0,0.0
0.0,0.0,0.0,0.0,0.0,0.0,0.0,0.0,0.0,0.0,0.0,0.0,0.0,0.0,0.0,0.0,0.0,0.0,0.0,0.0,0.0,0.0,0.0,0.0,0.0,0.0,0.0,0.0,0.0,0.0,0.0,0.0,0.0,0.0,0.0,0.0,0.0,0.0,0.0,0.0,0.0,0.0,0.0,0.0,0.0,0.0,0.0,0.0,0.0,0.0,0.0,0.0,0.0,0.0,0.0,0.0,0.0,0.0,0.0,0.0,0.0,0.0,0.0,0.0,0.0,0.0,0.0,0.0,0.0,0.0,0.0,0.0,0.0,0.0,0.0,0.0,0.0,0.0,0.0,0.0,0.0,0.0,0.0,0.0,0.0,0.0,0.0,0.0,0.0,0.0,0.0,0.0,0.0,0.0,0.0,0.0,0.0,0.0,0.0,0.0,0.0,0.0,0.0,0.0,0.0,0.0,0.0,0.0,0.0,0.0,0.0,0.0,0.0,0.0,0.0,0.0
0.0,0.0,0.0,0.0,0.0,0.0,0.0,0.0,0.0,0.0,0.0,0.0,0.0,0.0,0.0,0.0,0.0,0.0,0.0,0.0,0.0,0.0,0.0,0.0,0.0,0.0,0.0,0.0,0.0,0.0,0.0,0.0,0.0,0.0,0.0,0.0,0.0,0.0,0.0,0.0,0.0,0.0,0.0,0.0,0.0,0.0,0.0,0.0,0.0,0.0,0.0,0.0,0.0,0.0,0.0,0.0,0.0,0.0,0.0,0.0,0.0,0.0,0.0,0.0,0.0,0.0,0.0,0.0,0.0,0.0,0.0,0.0,0.0,0.0,0.0,0.0,0.0,0.0,0.0,0.0,0.0,0.0,0.0,0.0,0.0,0.0,0.0,0.0,0.0,0.0,0.0,0.0,0.0,0.0,0.0,0.0,0.0,0.0,0.0,0.0,0.0,0.0,0.0,0.0,0.0,0.0,0.0,0.0,0.0,0.0,0.0,0.0,0.0,0.0,0.0,0.0
0.0,0.0,0.0,0.0,0.0,0.0,0.0,0.0,0.0,0.0,0.0,0.0,0.0,0.0,0.0,0.0,0.0,0.0,0.0,0.0,0.0,0.0,0.0,0.0,0.0,0.0,0.0,0.0,0.0,0.0,0.0,0.0,0.0,0.0,0.0,0.0,0.0,0.0,0.0,0.0,0.0,0.0,0.0,0.0,0.0,0.0,0.0,0.0,0.0,0.0,0.0,0.0,0.0,0.0,0.0,0.0,0.0,0.0,0.0,0.0,0.0,0.0,0.0,0.0,0.0,0.0,0.0,0.0,0.0,0.0,0.0,0.0,0.0,0.0,0.0,0.0,0.0,0.0,0.0,0.0,0.0,0.0,0.0,0.0,0.0,0.0,0.0,0.0,0.0,0.0,0.0,0.0,0.0,0.0,0.0,0.0,0.0,0.0,0.0,0.0,0.0,0.0,0.0,0.0,0.0,0.0,0.0,0.0,0.0,0.0,0.0,0.0,0.0,0.0,0.0,0.0
0.0,0.0,0.0,0.0,0.0,0.0,0.0,0.0,0.0,0.0,0.0,0.0,0.0,0.0,0.0,0.0,0.0,0.0,0.0,0.0,0.0,0.0,0.0,0.0,0.0,0.0,0.0,0.0,0.0,0.0,0.0,0.0,0.0,0.0,0.0,0.0,0.0,0.0,0.0,0.0,0.0,0.0,0.0,0.0,0.0,0.0,0.0,0.0,0.0,0.0,0.0,0.0,0.0,0.0,0.0,0.0,0.0,0.0,0.0,0.0,0.0,0.0,0.0,0.0,0.0,0.0,0.0,0.0,0.0,0.0,0.0,0.0,0.0,0.0,0.0,0.0,0.0,0.0,0.0,0.0,0.0,0.0,0.0,0.0,0.0,0.0,0.0,0.0,0.0,0.0,0.0,0.0,0.0,0.0,0.0,0.0,0.0,0.0,0.0,0.0,0.0,0.0,0.0,0.0,0.0,0.0,0.0,0.0,0.0,0.0,0.0,0.0,0.0,0.0,0.0,0.0
0.0,0.0,0.0,0.0,0.0,0.0,0.0,0.0,0.0,0.0,0.0,0.0,0.0,0.0,0.0,0.0,0.0,0.0,0.0,0.0,0.0,0.0,0.0,0.0,0.0,0.0,0.0,0.0,0.0,0.0,0.0,0.0,0.0,0.0,0.0,0.0,0.0,0.0,0.0,0.0,0.0,0.0,0.0,0.0,0.0,0.0,0.0,0.0,0.0,0.0,0.0,0.0,0.0,0.0,0.0,0.0,0.0,0.0,0.0,0.0,0.0,0.0,0.0,0.0,0.0,0.0,0.0,0.0,0.0,0.0,0.0,0.0,0.0,0.0,0.0,0.0,0.0,0.0,0.0,0.0,0.0,0.0,0.0,0.0,0.0,0.0,0.0,0.0,0.0,0.0,0.0,0.0,0.0,0.0,0.0,0.0,0.0,0.0,0.0,0.0,0.0,0.0,0.0,0.0,0.0,0.0,0.0,0.0,0.0,0.0,0.0,0.0,0.0,0.0,0.0,0.0
0.0,0.0,0.0,0.0,0.0,0.0,0.0,0.0,0.0,0.0,0.0,0.0,0.0,0.0,0.0,0.0,0.0,0.0,0.0,0.0,0.0,0.0,0.0,0.0,0.0,0.0,0.0,0.0,0.0,0.0,0.0,0.0,0.0,0.0,0.0,0.0,0.0,0.0,0.0,0.0,0.0,0.0,0.0,0.0,0.0,0.0,0.0,0.0,0.0,0.0,0.0,0.0,0.0,0.0,0.0,0.0,0.0,0.0,0.0,0.0,0.0,0.0,0.0,0.0,0.0,0.0,0.0,0.0,0.0,0.0,0.0,0.0,0.0,0.0,0.0,0.0,0.0,0.0,0.0,0.0,0.0,0.0,0.0,0.0,0.0,0.0,0.0,0.0,0.0,0.0,0.0,0.0,0.0,0.0,0.0,0.0,0.0,0.0,0.0,0.0,0.0,0.0,0.0,0.0,0.0,0.0,0.0,0.0,0.0,0.0,0.0,0.0,0.0,0.0,0.0,0.0
0.0,0.0,0.0,0.0,0.0,0.0,0.0,0.0,0.0,0.0,0.0,0.0,0.0,0.0,0.0,0.0,0.0,0.0,0.0,0.0,0.0,0.0,0.0,0.0,0.0,0.0,0.0,0.0,0.0,0.0,0.0,0.0,0.0,0.0,0.0,0.0,0.0,0.0,0.0,0.0,0.0,0.0,0.0,0.0,0.0,0.0,0.0,0.0,0.0,0.0,0.0,0.0,0.0,0.0,0.0,0.0,0.0,0.0,0.0,0.0,0.0,0.0,0.0,0.0,0.0,0.0,0.0,0.0,0.0,0.0,0.0,0.0,0.0,0.0,0.0,0.0,0.0,0.0,0.0,0.0,0.0,0.0,0.0,0.0,0.0,0.0,0.0,0.0,0.0,0.0,0.0,0.0,0.0,0.0,0.0,0.0,0.0,0.0,0.0,0.0,0.0,0.0,0.0,0.0,0.0,0.0,0.0,0.0,0.0,0.0,0.0,0.0,0.0,0.0,0.0,0.0
0.0,0.0,0.0,0.0,0.0,0.0,0.0,0.0,0.0,0.0,0.0,0.0,0.0,0.0,0.0,0.0,0.0,0.0,0.0,0.0,0.0,0.0,0.0,0.0,0.0,0.0,0.0,0.0,0.0,0.0,0.0,0.0,0.0,0.0,0.0,0.0,0.0,0.0,0.0,0.0,0.0,0.0,0.0,0.0,0.0,0.0,0.0,0.0,0.0,0.0,0.0,0.0,0.0,0.0,0.0,0.0,0.0,0.0,0.0,0.0,0.0,0.0,0.0,0.0,0.0,0.0,0.0,0.0,0.0,0.0,0.0,0.0,0.0,0.0,0.0,0.0,0.0,0.0,0.0,0.0,0.0,0.0,0.0,0.0,0.0,0.0,0.0,0.0,0.0,0.0,0.0,0.0,0.0,0.0,0.0,0.0,0.0,0.0,0.0,0.0,0.0,0.0,0.0,0.0,0.0,0.0,0.0,0.0,0.0,0.0,0.0,0.0,0.0,0.0,0.0,0.0
0.0,0.0,0.0,0.0,0.0,0.0,0.0,0.0,0.0,0.0,0.0,0.0,0.0,0.0,0.0,0.0,0.0,0.0,0.0,0.0,0.0,0.0,0.0,0.0,0.0,0.0,0.0,0.0,0.0,0.0,0.0,0.0,0.0,0.0,0.0,0.0,0.0,0.0,0.0,0.0,0.0,0.0,0.0,0.0,0.0,0.0,0.0,0.0,0.0,0.0,0.0,0.0,0.0,0.0,0.0,0.0,0.0,0.0,0.0,0.0,0.0,0.0,0.0,0.0,0.0,0.0,0.0,0.0,0.0,0.0,0.0,0.0,0.0,0.0,0.0,0.0,0.0,0.0,0.0,0.0,0.0,0.0,0.0,0.0,0.0,0.0,0.0,0.0,0.0,0.0,0.0,0.0,0.0,0.0,0.0,0.0,0.0,0.0,0.0,0.0,0.0,0.0,0.0,0.0,0.0,0.0,0.0,0.0,0.0,0.0,0.0,0.0,0.0,0.0,0.0,0.0
0.0,0.0,0.0,0.0,0.0,0.0,0.0,0.0,0.0,0.0,0.0,0.0,0.0,0.0,0.0,0.0,0.0,0.0,0.0,0.0,0.0,0.0,0.0,0.0,0.0,0.0,0.0,0.0,0.0,0.0,0.0,0.0,0.0,0.0,0.0,0.0,0.0,0.0,0.0,0.0,0.0,0.0,0.0,0.0,0.0,0.0,0.0,0.0,0.0,0.0,0.0,0.0,0.0,0.0,0.0,0.0,0.0,0.0,0.0,0.0,0.0,0.0,0.0,0.0,0.0,0.0,0.0,0.0,0.0,0.0,0.0,0.0,0.0,0.0,0.0,0.0,0.0,0.0,0.0,0.0,0.0,0.0,0.0,0.0,0.0,0.0,0.0,0.0,0.0,0.0,0.0,0.0,0.0,0.0,0.0,0.0,0.0,0.0,0.0,0.0,0.0,0.0,0.0,0.0,0.0,0.0,0.0,0.0,0.0,0.0,0.0,0.0,0.0,0.0,0.0,0.0
0.0,0.0,0.0,0.0,0.0,0.0,0.0,0.0,0.0,0.0,0.0,0.0,0.0,0.0,0.0,0.0,0.0,0.0,0.0,0.0,0.0,0.0,0.0,0.0,0.0,0.0,0.0,0.0,0.0,0.0,0.0,0.0,0.0,0.0,0.0,0.0,0.0,0.0,0.0,0.0,0.0,0.0,0.0,0.0,0.0,0.0,0.0,0.0,0.0,0.0,0.0,0.0,0.0,0.0,0.0,0.0,0.0,0.0,0.0,0.0,0.0,0.0,0.0,0.0,0.0,0.0,0.0,0.0,0.0,0.0,0.0,0.0,0.0,0.0,0.0,0.0,0.0,0.0,0.0,0.0,0.0,0.0,0.0,0.0,0.0,0.0,0.0,0.0,0.0,0.0,0.0,0.0,0.0,0.0,0.0,0.0,0.0,0.0,0.0,0.0,0.0,0.0,0.0,0.0,0.0,0.0,0.0,0.0,0.0,0.0,0.0,0.0,0.0,0.0,0.0,0.0
0.0,0.0,0.0,0.0,0.0,0.0,0.0,0.0,0.0,0.0,0.0,0.0,0.0,0.0,0.0,0.0,0.0,0.0,0.0,0.0,0.0,0.0,0.0,0.0,0.0,0.0,0.0,0.0,0.0,0.0,0.0,0.0,0.0,0.0,0.0,0.0,0.0,0.0,0.0,0.0,0.0,0.0,0.0,0.0,0.0,0.0,0.0,0.0,0.0,0.0,0.0,0.0,0.0,0.0,0.0,0.0,0.0,0.0,0.0,0.0,0.0,0.0,0.0,0.0,0.0,0.0,0.0,0.0,0.0,0.0,0.0,0.0,0.0,0.0,0.0,0.0,0.0,0.0,0.0,0.0,0.0,0.0,0.0,0.0,0.0,0.0,0.0,0.0,0.0,0.0,0.0,0.0,0.0,0.0,0.0,0.0,0.0,0.0,0.0,0.0,0.0,0.0,0.0,0.0,0.0,0.0,0.0,0.0,0.0,0.0,0.0,0.0,0.0,0.0,0.0,0.0
0.0,0.0,0.0,0.0,0.0,0.0,0.0,0.0,0.0,0.0,0.0,0.0,0.0,0.0,0.0,0.0,0.0,0.0,0.0,0.0,0.0,0.0,0.0,0.0,0.0,0.0,0.0,0.0,0.0,0.0,0.0,0.0,0.0,0.0,0.0,0.0,0.0,0.0,0.0,0.0,0.0,0.0,0.0,0.0,0.0,0.0,0.0,0.0,0.0,0.0,0.0,0.0,0.0,0.0,0.0,0.0,0.0,0.0,0.0,0.0,0.0,0.0,0.0,0.0,0.0,0.0,0.0,0.0,0.0,0.0,0.0,0.0,0.0,0.0,0.0,0.0,0.0,0.0,0.0,0.0,0.0,0.0,0.0,0.0,0.0,0.0,0.0,0.0,0.0,0.0,0.0,0.0,0.0,0.0,0.0,0.0,0.0,0.0,0.0,0.0,0.0,0.0,0.0,0.0,0.0,0.0,0.0,0.0,0.0,0.0,0.0,0.0,0.0,0.0,0.0,0.0
0.0,0.0,0.0,0.0,0.0,0.0,0.0,0.0,0.0,0.0,0.0,0.0,0.0,0.0,0.0,0.0,0.0,0.0,0.0,0.0,0.0,0.0,0.0,0.0,0.0,0.0,0.0,0.0,0.0,0.0,0.0,0.0,0.0,0.0,0.0,0.0,0.0,0.0,0.0,0.0,0.0,0.0,0.0,0.0,0.0,0.0,0.0,0.0,0.0,0.0,0.0,0.0,0.0,0.0,0.0,0.0,0.0,0.0,0.0,0.0,0.0,0.0,0.0,0.0,0.0,0.0,0.0,0.0,0.0,0.0,0.0,0.0,0.0,0.0,0.0,0.0,0.0,0.0,0.0,0.0,0.0,0.0,0.0,0.0,0.0,0.0,0.0,0.0,0.0,0.0,0.0,0.0,0.0,0.0,0.0,0.0,0.0,0.0,0.0,0.0,0.0,0.0,0.0,0.0,0.0,0.0,0.0,0.0,0.0,0.0,0.0,0.0,0.0,0.0,0.0,0.0
0.0,0.0,0.0,0.0,0.0,0.0,0.0,0.0,0.0,0.0,0.0,0.0,0.0,0.0,0.0,0.0,0.0,0.0,0.0,0.0,0.0,0.0,0.0,0.0,0.0,0.0,0.0,0.0,0.0,0.0,0.0,0.0,0.0,0.0,0.0,0.0,0.0,0.0,0.0,0.0,0.0,0.0,0.0,0.0,0.0,0.0,0.0,0.0,0.0,0.0,0.0,0.0,0.0,0.0,0.0,0.0,0.0,0.0,0.0,0.0,0.0,0.0,0.0,0.0,0.0,0.0,0.0,0.0,0.0,0.0,0.0,0.0,0.0,0.0,0.0,0.0,0.0,0.0,0.0,0.0,0.0,0.0,0.0,0.0,0.0,0.0,0.0,0.0,0.0,0.0,0.0,0.0,0.0,0.0,0.0,0.0,0.0,0.0,0.0,0.0,0.0,0.0,0.0,0.0,0.0,0.0,0.0,0.0,0.0,0.0,0.0,0.0,0.0,0.0,0.0,0.0
0.0,0.0,0.0,0.0,0.0,0.0,0.0,0.0,0.0,0.0,0.0,0.0,0.0,0.0,0.0,0.0,0.0,0.0,0.0,0.0,0.0,0.0,0.0,0.0,0.0,0.0,0.0,0.0,0.0,0.0,0.0,0.0,0.0,0.0,0.0,0.0,0.0,0.0,0.0,0.0,0.0,0.0,0.0,0.0,0.0,0.0,0.0,0.0,0.0,0.0,0.0,0.0,0.0,0.0,0.0,0.0,0.0,0.0,0.0,0.0,0.0,0.0,0.0,0.0,0.0,0.0,0.0,0.0,0.0,0.0,0.0,0.0,0.0,0.0,0.0,0.0,0.0,0.0,0.0,0.0,0.0,0.0,0.0,0.0,0.0,0.0,0.0,0.0,0.0,0.0,0.0,0.0,0.0,0.0,0.0,0.0,0.0,0.0,0.0,0.0,0.0,0.0,0.0,0.0,0.0,0.0,0.0,0.0,0.0,0.0,0.0,0.0,0.0,0.0,0.0,0.0
0.0,0.0,0.0,0.0,0.0,0.0,0.0,0.0,0.0,0.0,0.0,0.0,0.0,0.0,0.0,0.0,0.0,1.0,0.0,0.0,0.0,0.5988288787989873,0.0,0.7203276365833711,0.0,0.0,0.0,0.0,0.0,0.0,0.0,0.0,0.0,0.7943738313504102,0.0,0.0,0.0,0.0,0.0,0.0,0.0,0.0,0.0,0.0,0.0,0.0,0.0,0.0,0.7479532725181206,0.0,0.0,0.0,0.0,0.0,0.0,0.5228872980959385,0.0,0.0,0.400995521973045,0.4590532530692376,0.0,0.3132107824756451,0.0,0.3052572147769399,0.5029410038205226,-0.0241120610949883,0.4193587610056234,0.6168218419357553,0.0,0.0,0.0,0.0,-0.0403479891845138,0.3922440198547074,0.5974158783792981,0.4301108561898275,-0.0992481495619025,0.0103831005633598,0.3501971575802947,0.3453346846201388,0.4196969270969389,0.4906137584048075,0.2422116446402836,0.378202993402944,0.0532321217462989,-0.1911420894036644,0.5420085882022967,0.4403993915239847,0.508457947559655,0.5191883251082546,0.4680398076005803,0.5384084226085672,-0.1268598761614001,-0.1713879274866062,-0.3101949174308742,-0.1391296996403445,-0.5345387308468816,0.0877198221774767,0.4247598740165569,-0.1199574648173207,0.4666754531734541,0.0,0.2944317297685337,0.1397200354134119,0.3451323065505026,-0.0408282141436766,-0.0376435636640038,0.106345691514377,0.0,0.0,0.0,0.0,-0.1059216559588768,0.1796161107469581,0.0,0.0
0.0,0.0,0.0,0.0,0.0,0.0,0.0,0.0,0.0,0.0,0.0,0.0,0.0,0.0,0.0,0.0,0.0,0.0,0.0,0.0,0.0,0.0,0.0,0.0,0.0,0.0,0.0,0.0,0.0,0.0,0.0,0.0,0.0,0.0,0.0,0.0,0.0,0.0,0.0,0.0,0.0,0.0,0.0,0.0,0.0,0.0,0.0,0.0,0.0,0.0,0.0,0.0,0.0,0.0,0.0,0.0,0.0,0.0,0.0,0.0,0.0,0.0,0.0,0.0,0.0,0.0,0.0,0.0,0.0,0.0,0.0,0.0,0.0,0.0,0.0,0.0,0.0,0.0,0.0,0.0,0.0,0.0,0.0,0.0,0.0,0.0,0.0,0.0,0.0,0.0,0.0,0.0,0.0,0.0,0.0,0.0,0.0,0.0,0.0,0.0,0.0,0.0,0.0,0.0,0.0,0.0,0.0,0.0,0.0,0.0,0.0,0.0,0.0,0.0,0.0,0.0
0.0,0.0,0.0,0.0,0.0,0.0,0.0,0.0,0.0,0.0,0.0,0.0,0.0,0.0,0.0,0.0,0.0,0.0,0.0,0.0,0.0,0.0,0.0,0.0,0.0,0.0,0.0,0.0,0.0,0.0,0.0,0.0,0.0,0.0,0.0,0.0,0.0,0.0,0.0,0.0,0.0,0.0,0.0,0.0,0.0,0.0,0.0,0.0,0.0,0.0,0.0,0.0,0.0,0.0,0.0,0.0,0.0,0.0,0.0,0.0,0.0,0.0,0.0,0.0,0.0,0.0,0.0,0.0,0.0,0.0,0.0,0.0,0.0,0.0,0.0,0.0,0.0,0.0,0.0,0.0,0.0,0.0,0.0,0.0,0.0,0.0,0.0,0.0,0.0,0.0,0.0,0.0,0.0,0.0,0.0,0.0,0.0,0.0,0.0,0.0,0.0,0.0,0.0,0.0,0.0,0.0,0.0,0.0,0.0,0.0,0.0,0.0,0.0,0.0,0.0,0.0
0.0,0.0,0.0,0.0,0.0,0.0,0.0,0.0,0.0,0.0,0.0,0.0,0.0,0.0,0.0,0.0,0.0,0.0,0.0,0.0,0.0,0.0,0.0,0.0,0.0,0.0,0.0,0.0,0.0,0.0,0.0,0.0,0.0,0.0,0.0,0.0,0.0,0.0,0.0,0.0,0.0,0.0,0.0,0.0,0.0,0.0,0.0,0.0,0.0,0.0,0.0,0.0,0.0,0.0,0.0,0.0,0.0,0.0,0.0,0.0,0.0,0.0,0.0,0.0,0.0,0.0,0.0,0.0,0.0,0.0,0.0,0.0,0.0,0.0,0.0,0.0,0.0,0.0,0.0,0.0,0.0,0.0,0.0,0.0,0.0,0.0,0.0,0.0,0.0,0.0,0.0,0.0,0.0,0.0,0.0,0.0,0.0,0.0,0.0,0.0,0.0,0.0,0.0,0.0,0.0,0.0,0.0,0.0,0.0,0.0,0.0,0.0,0.0,0.0,0.0,0.0
0.0,0.0,0.0,0.0,0.0,0.0,0.0,0.0,0.0,0.0,0.0,0.0,0.0,0.0,0.0,0.0,0.0,0.5988288787989873,0.0,0.0,0.0,0.9999999999999998,0.0,0.6522931193416925,0.0,0.0,0.0,0.0,0.0,0.0,0.0,0.0,0.0,0.6075996389152614,0.0,0.0,0.0,0.0,0.0,0.0,0.0,0.0,0.0,0.0,0.0,0.0,0.0,0.0,0.705599066212147,0.0,0.0,0.0,0.0,0.0,0.0,0.5780025549216361,0.0,0.0,0.4236181559131627,0.38141135927332,0.0,0.2683187896601628,0.0,0.2691732083776479,0.3414964200238053,-0.0421430984058605,0.290268240427033,0.4385401002346282,0.0,0.0,0.0,0.0,-0.1214444236879925,0.1328669589027159,0.4336347458036546,0.2649582970394688,0.0983064190053667,0.0958449211700318,0.4945996395139803,0.2463622241388729,0.2919393668183983,0.4950655706742832,0.2521028835549926,0.2756229170373724,-0.0638946989384841,-0.3020476060678287,0.4976202526208938,0.4388894595586488,0.4658013547198905,0.4538218320228781,0.457573499179958,0.4068537392724503,-0.1012046489422044,-0.2561569655471275,-0.1823421668080689,-0.1311805682128514,-0.3537275649687724,0.0263946970071878,0.3499495161307563,-0.0522993145967571,0.3569735509814025,0.0,0.3206845181280643,0.0817230221466702,0.2097045527495357,-0.2763225332966319,-0.0519284342095931,0.1719891605934135,0.0,0.0,0.0,0.0,-0.1034927700542233,0.4704483001853652,0.0,0.0
0.0,0.0,0.0,0.0,0.0,0.0,0.0,0.0,0.0,0.0,0.0,0.0,0.0,0.0,0.0,0.0,0.0,0.0,0.0,0.0,0.0,0.0,0.0,0.0,0.0,0.0,0.0,0.0,0.0,0.0,0.0,0.0,0.0,0.0,0.0,0.0,0.0,0.0,0.0,0.0,0.0,0.0,0.0,0.0,0.0,0.0,0.0,0.0,0.0,0.0,0.0,0.0,0.0,0.0,0.0,0.0,0.0,0.0,0.0,0.0,0.0,0.0,0.0,0.0,0.0,0.0,0.0,0.0,0.0,0.0,0.0,0.0,0.0,0.0,0.0,0.0,0.0,0.0,0.0,0.0,0.0,0.0,0.0,0.0,0.0,0.0,0.0,0.0,0.0,0.0,0.0,0.0,0.0,0.0,0.0,0.0,0.0,0.0,0.0,0.0,0.0,0.0,0.0,0.0,0.0,0.0,0.0,0.0,0.0,0.0,0.0,0.0,0.0,0.0,0.0,0.0
0.0,0.0,0.0,0.0,0.0,0.0,0.0,0.0,0.0,0.0,0.0,0.0,0.0,0.0,0.0,0.0,0.0,0.720327636583371,0.0,0.0,0.0,0.6522931193416925,0.0,1.0,0.0,0.0,0.0,0.0,0.0,0.0,0.0,0.0,0.0,0.6109435241585023,0.0,0.0,0.0,0.0,0.0,0.0,0.0,0.0,0.0,0.0,0.0,0.0,0.0,0.0,0.862537235504165,0.0,0.0,0.0,0.0,0.0,0.0,0.4150343240236047,0.0,0.0,0.199742735838714,0.3597326916887192,0.0,0.1140786053842913,0.0,0.1776920442278016,0.3377601621997314,-0.2182618808446908,0.2921921719558229,0.4747904803767866,0.0,0.0,0.0,0.0,-0.0803862062903534,0.2160469486422809,0.4127611174971791,0.2228119405581778,-0.0780544235881249,-0.0611368838973408,0.3462468536163142,0.1918833456168479,0.2119506740204919,0.3651640130175311,0.0262333256878877,0.0611187305502496,-0.2022462667971344,-0.2847297412343302,0.3912044313205753,0.2967111933098897,0.3077168023784444,0.4610091297260681,0.2999511358218194,0.3638706152859978,-0.1784413062159341,-0.1907286741919649,-0.211983612088733,0.0089817546764065,-0.3160620157896155,0.0158170242589779,0.2234350674003703,-0.1157773039684909,0.1989128469227487,0.0,0.069978710364165,0.0322109354156564,0.3356933026099143,-0.0257730230833394,-0.1990628422764232,0.0367383322291614,0.0,0.0,0.0,0.0,-0.1435983946443886,0.0814918049530249,0.0,0.0
0.0,0.0,0.0,0.0,0.0,0.0,0.0,0.0,0.0,0.0,0.0,0.0,0.0,0.0,0.0,0.0,0.0,0.0,0.0,0.0,0.0,0.0,0.0,0.0,0.0,0.0,0.0,0.0,0.0,0.0,0.0,0.0,0.0,0.0,0.0,0.0,0.0,0.0,0.0,0.0,0.0,0.0,0.0,0.0,0.0,0.0,0.0,0.0,0.0,0.0,0.0,0.0,0.0,0.0,0.0,0.0,0.0,0.0,0.0,0.0,0.0,0.0,0.0,0.0,0.0,0.0,0.0,0.0,0.0,0.0,0.0,0.0,0.0,0.0,0.0,0.0,0.0,0.0,0.0,0.0,0.0,0.0,0.0,0.0,0.0,0.0,0.0,0.0,0.0,0.0,0.0,0.0,0.0,0.0,0.0,0.0,0.0,0.0,0.0,0.0,0.0,0.0,0.0,0.0,0.0,0.0,0.0,0.0,0.0,0.0,0.0,0.0,0.0,0.0,0.0,0.0
0.0,0.0,0.0,0.0,0.0,0.0,0.0,0.0,0.0,0.0,0.0,0.0,0.0,0.0,0.0,0.0,0.0,0.0,0.0,0.0,0.0,0.0,0.0,0.0,0.0,0.0,0.0,0.0,0.0,0.0,0.0,0.0,0.0,0.0,0.0,0.0,0.0,0.0,0.0,0.0,0.0,0.0,0.0,0.0,0.0,0.0,0.0,0.0,0.0,0.0,0.0,0.0,0.0,0.0,0.0,0.0,0.0,0.0,0.0,0.0,0.0,0.0,0.0,0.0,0.0,0.0,0.0,0.0,0.0,0.0,0.0,0.0,0.0,0.0,0.0,0.0,0.0,0.0,0.0,0.0,0.0,0.0,0.0,0.0,0.0,0.0,0.0,0.0,0.0,0.0,0.0,0.0,0.0,0.0,0.0,0.0,0.0,0.0,0.0,0.0,0.0,0.0,0.0,0.0,0.0,0.0,0.0,0.0,0.0,0.0,0.0,0.0,0.0,0.0,0.0,0.0
0.0,0.0,0.0,0.0,0.0,0.0,0.0,0.0,0.0,0.0,0.0,0.0,0.0,0.0,0.0,0.0,0.0,0.0,0.0,0.0,0.0,0.0,0.0,0.0,0.0,0.0,0.0,0.0,0.0,0.0,0.0,0.0,0.0,0.0,0.0,0.0,0.0,0.0,0.0,0.0,0.0,0.0,0.0,0.0,0.0,0.0,0.0,0.0,0.0,0.0,0.0,0.0,0.0,0.0,0.0,0.0,0.0,0.0,0.0,0.0,0.0,0.0,0.0,0.0,0.0,0.0,0.0,0.0,0.0,0.0,0.0,0.0,0.0,0.0,0.0,0.0,0.0,0.0,0.0,0.0,0.0,0.0,0.0,0.0,0.0,0.0,0.0,0.0,0.0,0.0,0.0,0.0,0.0,0.0,0.0,0.0,0.0,0.0,0.0,0.0,0.0,0.0,0.0,0.0,0.0,0.0,0.0,0.0,0.0,0.0,0.0,0.0,0.0,0.0,0.0,0.0
0.0,0.0,0.0,0.0,0.0,0.0,0.0,0.0,0.0,0.0,0.0,0.0,0.0,0.0,0.0,0.0,0.0,0.0,0.0,0.0,0.0,0.0,0.0,0.0,0.0,0.0,0.0,0.0,0.0,0.0,0.0,0.0,0.0,0.0,0.0,0.0,0.0,0.0,0.0,0.0,0.0,0.0,0.0,0.0,0.0,0.0,0.0,0.0,0.0,0.0,0.0,0.0,0.0,0.0,0.0,0.0,0.0,0.0,0.0,0.0,0.0,0.0,0.0,0.0,0.0,0.0,0.0,0.0,0.0,0.0,0.0,0.0,0.0,0.0,0.0,0.0,0.0,0.0,0.0,0.0,0.0,0.0,0.0,0.0,0.0,0.0,0.0,0.0,0.0,0.0,0.0,0.0,0.0,0.0,0.0,0.0,0.0,0.0,0.0,0.0,0.0,0.0,0.0,0.0,0.0,0.0,0.0,0.0,0.0,0.0,0.0,0.0,0.0,0.0,0.0,0.0
0.0,0.0,0.0,0.0,0.0,0.0,0.0,0.0,0.0,0.0,0.0,0.0,0.0,0.0,0.0,0.0,0.0,0.0,0.0,0.0,0.0,0.0,0.0,0.0,0.0,0.0,0.0,0.0,0.0,0.0,0.0,0.0,0.0,0.0,0.0,0.0,0.0,0.0,0.0,0.0,0.0,0.0,0.0,0.0,0.0,0.0,0.0,0.0,0.0,0.0,0.0,0.0,0.0,0.0,0.0,0.0,0.0,0.0,0.0,0.0,0.0,0.0,0.0,0.0,0.0,0.0,0.0,0.0,0.0,0.0,0.0,0.0,0.0,0.0,0.0,0.0,0.0,0.0,0.0,0.0,0.0,0.0,0.0,0.0,0.0,0.0,0.0,0.0,0.0,0.0,0.0,0.0,0.0,0.0,0.0,0.0,0.0,0.0,0.0,0.0,0.0,0.0,0.0,0.0,0.0,0.0,0.0,0.0,0.0,0.0,0.0,0.0,0.0,0.0,0.0,0.0
0.0,0.0,0.0,0.0,0.0,0.0,0.0,0.0,0.0,0.0,0.0,0.0,0.0,0.0,0.0,0.0,0.0,0.0,0.0,0.0,0.0,0.0,0.0,0.0,0.0,0.0,0.0,0.0,0.0,0.0,0.0,0.0,0.0,0.0,0.0,0.0,0.0,0.0,0.0,0.0,0.0,0.0,0.0,0.0,0.0,0.0,0.0,0.0,0.0,0.0,0.0,0.0,0.0,0.0,0.0,0.0,0.0,0.0,0.0,0.0,0.0,0.0,0.0,0.0,0.0,0.0,0.0,0.0,0.0,0.0,0.0,0.0,0.0,0.0,0.0,0.0,0.0,0.0,0.0,0.0,0.0,0.0,0.0,0.0,0.0,0.0,0.0,0.0,0.0,0.0,0.0,0.0,0.0,0.0,0.0,0.0,0.0,0.0,0.0,0.0,0.0,0.0,0.0,0.0,0.0,0.0,0.0,0.0,0.0,0.0,0.0,0.0,0.0,0.0,0.0,0.0
0.0,0.0,0.0,0.0,0.0,0.0,0.0,0.0,0.0,0.0,0.0,0.0,0.0,0.0,0.0,0.0,0.0,0.0,0.0,0.0,0.0,0.0,0.0,0.0,0.0,0.0,0.0,0.0,0.0,0.0,0.0,0.0,0.0,0.0,0.0,0.0,0.0,0.0,0.0,0.0,0.0,0.0,0.0,0.0,0.0,0.0,0.0,0.0,0.0,0.0,0.0,0.0,0.0,0.0,0.0,0.0,0.0,0.0,0.0,0.0,0.0,0.0,0.0,0.0,0.0,0.0,0.0,0.0,0.0,0.0,0.0,0.0,0.0,0.0,0.0,0.0,0.0,0.0,0.0,0.0,0.0,0.0,0.0,0.0,0.0,0.0,0.0,0.0,0.0,0.0,0.0,0.0,0.0,0.0,0.0,0.0,0.0,0.0,0.0,0.0,0.0,0.0,0.0,0.0,0.0,0.0,0.0,0.0,0.0,0.0,0.0,0.0,0.0,0.0,0.0,0.0
0.0,0.0,0.0,0.0,0.0,0.0,0.0,0.0,0.0,0.0,0.0,0.0,0.0,0.0,0.0,0.0,0.0,0.0,0.0,0.0,0.0,0.0,0.0,0.0,0.0,0.0,0.0,0.0,0.0,0.0,0.0,0.0,0.0,0.0,0.0,0.0,0.0,0.0,0.0,0.0,0.0,0.0,0.0,0.0,0.0,0.0,0.0,0.0,0.0,0.0,0.0,0.0,0.0,0.0,0.0,0.0,0.0,0.0,0.0,0.0,0.0,0.0,0.0,0.0,0.0,0.0,0.0,0.0,0.0,0.0,0.0,0.0,0.0,0.0,0.0,0.0,0.0,0.0,0.0,0.0,0.0,0.0,0.0,0.0,0.0,0.0,0.0,0.0,0.0,0.0,0.0,0.0,0.0,0.0,0.0,0.0,0.0,0.0,0.0,0.0,0.0,0.0,0.0,0.0,0.0,0.0,0.0,0.0,0.0,0.0,0.0,0.0,0.0,0.0,0.0,0.0
0.0,0.0,0.0,0.0,0.0,0.0,0.0,0.0,0.0,0.0,0.0,0.0,0.0,0.0,0.0,0.0,0.0,0.0,0.0,0.0,0.0,0.0,0.0,0.0,0.0,0.0,0.0,0.0,0.0,0.0,0.0,0.0,0.0,0.0,0.0,0.0,0.0,0.0,0.0,0.0,0.0,0.0,0.0,0.0,0.0,0.0,0.0,0.0,0.0,0.0,0.0,0.0,0.0,0.0,0.0,0.0,0.0,0.0,0.0,0.0,0.0,0.0,0.0,0.0,0.0,0.0,0.0,0.0,0.0,0.0,0.0,0.0,0.0,0.0,0.0,0.0,0.0,0.0,0.0,0.0,0.0,0.0,0.0,0.0,0.0,0.0,0.0,0.0,0.0,0.0,0.0,0.0,0.0,0.0,0.0,0.0,0.0,0.0,0.0,0.0,0.0,0.0,0.0,0.0,0.0,0.0,0.0,0.0,0.0,0.0,0.0,0.0,0.0,0.0,0.0,0.0
0.0,0.0,0.0,0.0,0.0,0.0,0.0,0.0,0.0,0.0,0.0,0.0,0.0,0.0,0.0,0.0,0.0,0.7943738313504103,0.0,0.0,0.0,0.6075996389152614,0.0,0.6109435241585023,0.0,0.0,0.0,0.0,0.0,0.0,0.0,0.0,0.0,1.0,0.0,0.0,0.0,0.0,0.0,0.0,0.0,0.0,0.0,0.0,0.0,0.0,0.0,0.0,0.5355932453136775,0.0,0.0,0.0,0.0,0.0,0.0,0.4079662346548731,0.0,0.0,0.26647704020831,0.3673222409479667,0.0,0.1703406859514553,0.0,0.1237470916719228,0.3899267820242152,-0.0255961128002983,0.3159348946626152,0.537432853706839,0.0,0.0,0.0,0.0,-0.0829523265756259,0.3813886115660293,0.4697407943269083,0.3877038645476646,-0.0479525494964209,0.1684089083516244,0.3088830391924615,0.1911091154202143,0.3310888553283351,0.3800307375594008,0.1223533256241087,0.2040346356125114,-0.1318236228207399,-0.3059078400843804,0.3963018437886304,0.2860599135480768,0.362444570330955,0.4405901023308388,0.2954298768536375,0.3966869561730436,-0.1668643683317646,-0.2514536835034645,-0.3307745505467192,-0.0902460502816936,-0.4763239225418477,-0.014346878692523,0.3287537135066062,-0.1574579578062002,0.2821510427951558,0.0,0.2479234263933396,0.2022936694029782,0.3190691258143768,-0.0180346361136372,-0.0295764499284008,0.0688108676848616,0.0,0.0,0.0,0.0,-0.2951756810399491,0.2281512551507223,0.0,0.0
0.0,0.0,0.0,0.0,0.0,0.0,0.0,0.0,0.0,0.0,0.0,0.0,0.0,0.0,0.0,0.0,0.0,0.0,0.0,0.0,0.0,0.0,0.0,0.0,0.0,0.0,0.0,0.0,0.0,0.0,0.0,0.0,0.0,0.0,0.0,0.0,0.0,0.0,0.0,0.0,0.0,0.0,0.0,0.0,0.0,0.0,0.0,0.0,0.0,0.0,0.0,0.0,0.0,0.0,0.0,0.0,0.0,0.0,0.0,0.0,0.0,0.0,0.0,0.0,0.0,0.0,0.0,0.0,0.0,0.0,0.0,0.0,0.0,0.0,0.0,0.0,0.0,0.0,0.0,0.0,0.0,0.0,0.0,0.0,0.0,0.0,0.0,0.0,0.0,0.0,0.0,0.0,0.0,0.0,0.0,0.0,0.0,0.0,0.0,0.0,0.0,0.0,0.0,0.0,0.0,0.0,0.0,0.0,0.0,0.0,0.0,0.0,0.0,0.0,0.0,0.0
0.0,0.0,0.0,0.0,0.0,0.0,0.0,0.0,0.0,0.0,0.0,0.0,0.0,0.0,0.0,0.0,0.0,0.0,0.0,0.0,0.0,0.0,0.0,0.0,0.0,0.0,0.0,0.0,0.0,0.0,0.0,0.0,0.0,0.0,0.0,0.0,0.0,0.0,0.0,0.0,0.0,0.0,0.0,0.0,0.0,0.0,0.0,0.0,0.0,0.0,0.0,0.0,0.0,0.0,0.0,0.0,0.0,0.0,0.0,0.0,0.0,0.0,0.0,0.0,0.0,0.0,0.0,0.0,0.0,0.0,0.0,0.0,0.0,0.0,0.0,0.0,0.0,0.0,0.0,0.0,0.0,0.0,0.0,0.0,0.0,0.0,0.0,0.0,0.0,0.0,0.0,0.0,0.0,0.0,0.0,0.0,0.0,0.0,0.0,0.0,0.0,0.0,0.0,0.0,0.0,0.0,0.0,0.0,0.0,0.0,0.0,0.0,0.0,0.0,0.0,0.0
0.0,0.0,0.0,0.0,0.0,0.0,0.0,0.0,0.0,0.0,0.0,0.0,0.0,0.0,0.0,0.0,0.0,0.0,0.0,0.0,0.0,0.0,0.0,0.0,0.0,0.0,0.0,0.0,0.0,0.0,0.0,0.0,0.0,0.0,0.0,0.0,0.0,0.0,0.0,0.0,0.0,0.0,0.0,0.0,0.0,0.0,0.0,0.0,0.0,0.0,0.0,0.0,0.0,0.0,0.0,0.0,0.0,0.0,0.0,0.0,0.0,0.0,0.0,0.0,0.0,0.0,0.0,0.0,0.0,0.0,0.0,0.0,0.0,0.0,0.0,0.0,0.0,0.0,0.0,0.0,0.0,0.0,0.0,0.0,0.0,0.0,0.0,0.0,0.0,0.0,0.0,0.0,0.0,0.0,0.0,0.0,0.0,0.0,0.0,0.0,0.0,0.0,0.0,0.0,0.0,0.0,0.0,0.0,0.0,0.0,0.0,0.0,0.0,0.0,0.0,0.0
0.0,0.0,0.0,0.0,0.0,0.0,0.0,0.0,0.0,0.0,0.0,0.0,0.0,0.0,0.0,0.0,0.0,0.0,0.0,0.0,0.0,0.0,0.0,0.0,0.0,0.0,0.0,0.0,0.0,0.0,0.0,0.0,0.0,0.0,0.0,0.0,0.0,0.0,0.0,0.0,0.0,0.0,0.0,0.0,0.0,0.0,0.0,0.0,0.0,0.0,0.0,0.0,0.0,0.0,0.0,0.0,0.0,0.0,0.0,0.0,0.0,0.0,0.0,0.0,0.0,0.0,0.0,0.0,0.0,0.0,0.0,0.0,0.0,0.0,0.0,0.0,0.0,0.0,0.0,0.0,0.0,0.0,0.0,0.0,0.0,0.0,0.0,0.0,0.0,0.0,0.0,0.0,0.0,0.0,0.0,0.0,0.0,0.0,0.0,0.0,0.0,0.0,0.0,0.0,0.0,0.0,0.0,0.0,0.0,0.0,0.0,0.0,0.0,0.0,0.0,0.0
0.0,0.0,0.0,0.0,0.0,0.0,0.0,0.0,0.0,0.0,0.0,0.0,0.0,0.0,0.0,0.0,0.0,0.0,0.0,0.0,0.0,0.0,0.0,0.0,0.0,0.0,0.0,0.0,0.0,0.0,0.0,0.0,0.0,0.0,0.0,0.0,0.0,0.0,0.0,0.0,0.0,0.0,0.0,0.0,0.0,0.0,0.0,0.0,0.0,0.0,0.0,0.0,0.0,0.0,0.0,0.0,0.0,0.0,0.0,0.0,0.0,0.0,0.0,0.0,0.0,0.0,0.0,0.0,0.0,0.0,0.0,0.0,0.0,0.0,0.0,0.0,0.0,0.0,0.0,0.0,0.0,0.0,0.0,0.0,0.0,0.0,0.0,0.0,0.0,0.0,0.0,0.0,0.0,0.0,0.0,0.0,0.0,0.0,0.0,0.0,0.0,0.0,0.0,0.0,0.0,0.0,0.0,0.0,0.0,0.0,0.0,0.0,0.0,0.0,0.0,0.0
0.0,0.0,0.0,0.0,0.0,0.0,0.0,0.0,0.0,0.0,0.0,0.0,0.0,0.0,0.0,0.0,0.0,0.0,0.0,0.0,0.0,0.0,0.0,0.0,0.0,0.0,0.0,0.0,0.0,0.0,0.0,0.0,0.0,0.0,0.0,0.0,0.0,0.0,0.0,0.0,0.0,0.0,0.0,0.0,0.0,0.0,0.0,0.0,0.0,0.0,0.0,0.0,0.0,0.0,0.0,0.0,0.0,0.0,0.0,0.0,0.0,0.0,0.0,0.0,0.0,0.0,0.0,0.0,0.0,0.0,0.0,0.0,0.0,0.0,0.0,0.0,0.0,0.0,0.0,0.0,0.0,0.0,0.0,0.0,0.0,0.0,0.0,0.0,0.0,0.0,0.0,0.0,0.0,0.0,0.0,0.0,0.0,0.0,0.0,0.0,0.0,0.0,0.0,0.0,0.0,0.0,0.0,0.0,0.0,0.0,0.0,0.0,0.0,0.0,0.0,0.0
0.0,0.0,0.0,0.0,0.0,0.0,0.0,0.0,0.0,0.0,0.0,0.0,0.0,0.0,0.0,0.0,0.0,0.0,0.0,0.0,0.0,0.0,0.0,0.0,0.0,0.0,0.0,0.0,0.0,0.0,0.0,0.0,0.0,0.0,0.0,0.0,0.0,0.0,0.0,0.0,0.0,0.0,0.0,0.0,0.0,0.0,0.0,0.0,0.0,0.0,0.0,0.0,0.0,0.0,0.0,0.0,0.0,0.0,0.0,0.0,0.0,0.0,0.0,0.0,0.0,0.0,0.0,0.0,0.0,0.0,0.0,0.0,0.0,0.0,0.0,0.0,0.0,0.0,0.0,0.0,0.0,0.0,0.0,0.0,0.0,0.0,0.0,0.0,0.0,0.0,0.0,0.0,0.0,0.0,0.0,0.0,0.0,0.0,0.0,0.0,0.0,0.0,0.0,0.0,0.0,0.0,0.0,0.0,0.0,0.0,0.0,0.0,0.0,0.0,0.0,0.0
0.0,0.0,0.0,0.0,0.0,0.0,0.0,0.0,0.0,0.0,0.0,0.0,0.0,0.0,0.0,0.0,0.0,0.0,0.0,0.0,0.0,0.0,0.0,0.0,0.0,0.0,0.0,0.0,0.0,0.0,0.0,0.0,0.0,0.0,0.0,0.0,0.0,0.0,0.0,0.0,0.0,0.0,0.0,0.0,0.0,0.0,0.0,0.0,0.0,0.0,0.0,0.0,0.0,0.0,0.0,0.0,0.0,0.0,0.0,0.0,0.0,0.0,0.0,0.0,0.0,0.0,0.0,0.0,0.0,0.0,0.0,0.0,0.0,0.0,0.0,0.0,0.0,0.0,0.0,0.0,0.0,0.0,0.0,0.0,0.0,0.0,0.0,0.0,0.0,0.0,0.0,0.0,0.0,0.0,0.0,0.0,0.0,0.0,0.0,0.0,0.0,0.0,0.0,0.0,0.0,0.0,0.0,0.0,0.0,0.0,0.0,0.0,0.0,0.0,0.0,0.0
0.0,0.0,0.0,0.0,0.0,0.0,0.0,0.0,0.0,0.0,0.0,0.0,0.0,0.0,0.0,0.0,0.0,0.0,0.0,0.0,0.0,0.0,0.0,0.0,0.0,0.0,0.0,0.0,0.0,0.0,0.0,0.0,0.0,0.0,0.0,0.0,0.0,0.0,0.0,0.0,0.0,0.0,0.0,0.0,0.0,0.0,0.0,0.0,0.0,0.0,0.0,0.0,0.0,0.0,0.0,0.0,0.0,0.0,0.0,0.0,0.0,0.0,0.0,0.0,0.0,0.0,0.0,0.0,0.0,0.0,0.0,0.0,0.0,0.0,0.0,0.0,0.0,0.0,0.0,0.0,0.0,0.0,0.0,0.0,0.0,0.0,0.0,0.0,0.0,0.0,0.0,0.0,0.0,0.0,0.0,0.0,0.0,0.0,0.0,0.0,0.0,0.0,0.0,0.0,0.0,0.0,0.0,0.0,0.0,0.0,0.0,0.0,0.0,0.0,0.0,0.0
0.0,0.0,0.0,0.0,0.0,0.0,0.0,0.0,0.0,0.0,0.0,0.0,0.0,0.0,0.0,0.0,0.0,0.0,0.0,0.0,0.0,0.0,0.0,0.0,0.0,0.0,0.0,0.0,0.0,0.0,0.0,0.0,0.0,0.0,0.0,0.0,0.0,0.0,0.0,0.0,0.0,0.0,0.0,0.0,0.0,0.0,0.0,0.0,0.0,0.0,0.0,0.0,0.0,0.0,0.0,0.0,0.0,0.0,0.0,0.0,0.0,0.0,0.0,0.0,0.0,0.0,0.0,0.0,0.0,0.0,0.0,0.0,0.0,0.0,0.0,0.0,0.0,0.0,0.0,0.0,0.0,0.0,0.0,0.0,0.0,0.0,0.0,0.0,0.0,0.0,0.0,0.0,0.0,0.0,0.0,0.0,0.0,0.0,0.0,0.0,0.0,0.0,0.0,0.0,0.0,0.0,0.0,0.0,0.0,0.0,0.0,0.0,0.0,0.0,0.0,0.0
0.0,0.0,0.0,0.0,0.0,0.0,0.0,0.0,0.0,0.0,0.0,0.0,0.0,0.0,0.0,0.0,0.0,0.0,0.0,0.0,0.0,0.0,0.0,0.0,0.0,0.0,0.0,0.0,0.0,0.0,0.0,0.0,0.0,0.0,0.0,0.0,0.0,0.0,0.0,0.0,0.0,0.0,0.0,0.0,0.0,0.0,0.0,0.0,0.0,0.0,0.0,0.0,0.0,0.0,0.0,0.0,0.0,0.0,0.0,0.0,0.0,0.0,0.0,0.0,0.0,0.0,0.0,0.0,0.0,0.0,0.0,0.0,0.0,0.0,0.0,0.0,0.0,0.0,0.0,0.0,0.0,0.0,0.0,0.0,0.0,0.0,0.0,0.0,0.0,0.0,0.0,0.0,0.0,0.0,0.0,0.0,0.0,0.0,0.0,0.0,0.0,0.0,0.0,0.0,0.0,0.0,0.0,0.0,0.0,0.0,0.0,0.0,0.0,0.0,0.0,0.0
0.0,0.0,0.0,0.0,0.0,0.0,0.0,0.0,0.0,0.0,0.0,0.0,0.0,0.0,0.0,0.0,0.0,0.0,0.0,0.0,0.0,0.0,0.0,0.0,0.0,0.0,0.0,0.0,0.0,0.0,0.0,0.0,0.0,0.0,0.0,0.0,0.0,0.0,0.0,0.0,0.0,0.0,0.0,0.0,0.0,0.0,0.0,0.0,0.0,0.0,0.0,0.0,0.0,0.0,0.0,0.0,0.0,0.0,0.0,0.0,0.0,0.0,0.0,0.0,0.0,0.0,0.0,0.0,0.0,0.0,0.0,0.0,0.0,0.0,0.0,0.0,0.0,0.0,0.0,0.0,0.0,0.0,0.0,0.0,0.0,0.0,0.0,0.0,0.0,0.0,0.0,0.0,0.0,0.0,0.0,0.0,0.0,0.0,0.0,0.0,0.0,0.0,0.0,0.0,0.0,0.0,0.0,0.0,0.0,0.0,0.0,0.0,0.0,0.0,0.0,0.0
0.0,0.0,0.0,0.0,0.0,0.0,0.0,0.0,0.0,0.0,0.0,0.0,0.0,0.0,0.0,0.0,0.0,0.0,0.0,0.0,0.0,0.0,0.0,0.0,0.0,0.0,0.0,0.0,0.0,0.0,0.0,0.0,0.0,0.0,0.0,0.0,0.0,0.0,0.0,0.0,0.0,0.0,0.0,0.0,0.0,0.0,0.0,0.0,0.0,0.0,0.0,0.0,0.0,0.0,0.0,0.0,0.0,0.0,0.0,0.0,0.0,0.0,0.0,0.0,0.0,0.0,0.0,0.0,0.0,0.0,0.0,0.0,0.0,0.0,0.0,0.0,0.0,0.0,0.0,0.0,0.0,0.0,0.0,0.0,0.0,0.0,0.0,0.0,0.0,0.0,0.0,0.0,0.0,0.0,0.0,0.0,0.0,0.0,0.0,0.0,0.0,0.0,0.0,0.0,0.0,0.0,0.0,0.0,0.0,0.0,0.0,0.0,0.0,0.0,0.0,0.0
0.0,0.0,0.0,0.0,0.0,0.0,0.0,0.0,0.0,0.0,0.0,0.0,0.0,0.0,0.0,0.0,0.0,0.0,0.0,0.0,0.0,0.0,0.0,0.0,0.0,0.0,0.0,0.0,0.0,0.0,0.0,0.0,0.0,0.0,0.0,0.0,0.0,0.0,0.0,0.0,0.0,0.0,0.0,0.0,0.0,0.0,0.0,0.0,0.0,0.0,0.0,0.0,0.0,0.0,0.0,0.0,0.0,0.0,0.0,0.0,0.0,0.0,0.0,0.0,0.0,0.0,0.0,0.0,0.0,0.0,0.0,0.0,0.0,0.0,0.0,0.0,0.0,0.0,0.0,0.0,0.0,0.0,0.0,0.0,0.0,0.0,0.0,0.0,0.0,0.0,0.0,0.0,0.0,0.0,0.0,0.0,0.0,0.0,0.0,0.0,0.0,0.0,0.0,0.0,0.0,0.0,0.0,0.0,0.0,0.0,0.0,0.0,0.0,0.0,0.0,0.0
0.0,0.0,0.0,0.0,0.0,0.0,0.0,0.0,0.0,0.0,0.0,0.0,0.0,0.0,0.0,0.0,0.0,0.7479532725181205,0.0,0.0,0.0,0.7055990662121471,0.0,0.862537235504165,0.0,0.0,0.0,0.0,0.0,0.0,0.0,0.0,0.0,0.5355932453136775,0.0,0.0,0.0,0.0,0.0,0.0,0.0,0.0,0.0,0.0,0.0,0.0,0.0,0.0,1.0,0.0,0.0,0.0,0.0,0.0,0.0,0.5826958656069517,0.0,0.0,0.3351769239027923,0.3590547805295651,0.0,0.2087487319530711,0.0,0.2864974317109521,0.3617545114590103,-0.0987262643690115,0.3833259826627304,0.4884359160590818,0.0,0.0,0.0,0.0,-0.099259548224817,0.1512747971950169,0.4792305521914903,0.3321840430740128,0.0040452923145504,0.0273286807025345,0.4758510682851289,0.2255460910486455,0.2369143821331608,0.5222353615036044,0.1794827553381707,0.2324175207963696,-0.1122625048230176,-0.1809959780425589,0.5455010767331422,0.3877967284135704,0.4041724975055802,0.5918404167530528,0.4366742024058014,0.462588221542956,-0.0733662815943538,-0.3157490605151875,-0.0996126030250446,-0.1495363506870034,-0.4094372172813643,0.1606681000333998,0.3681241392068849,-0.0971218213572751,0.3746379986433248,0.0,0.1260776953972885,0.0039687579883468,0.3211666048809701,-0.1636597554547771,-0.0896832063440603,0.1121655260787655,0.0,0.0,0.0,0.0,0.143352299522927,0.2519590501462252,0.0,0.0
0.0,0.0,0.0,0.0,0.0,0.0,0.0,0.0,0.0,0.0,0.0,0.0,0.0,0.0,0.0,0.0,0.0,0.0,0.0,0.0,0.0,0.0,0.0,0.0,0.0,0.0,0.0,0.0,0.0,0.0,0.0,0.0,0.0,0.0,0.0,0.0,0.0,0.0,0.0,0.0,0.0,0.0,0.0,0.0,0.0,0.0,0.0,0.0,0.0,0.0,0.0,0.0,0.0,0.0,0.0,0.0,0.0,0.0,0.0,0.0,0.0,0.0,0.0,0.0,0.0,0.0,0.0,0.0,0.0,0.0,0.0,0.0,0.0,0.0,0.0,0.0,0.0,0.0,0.0,0.0,0.0,0.0,0.0,0.0,0.0,0.0,0.0,0.0,0.0,0.0,0.0,0.0,0.0,0.0,0.0,0.0,0.0,0.0,0.0,0.0,0.0,0.0,0.0,0.0,0.0,0.0,0.0,0.0,0.0,0.0,0.0,0.0,0.0,0.0,0.0,0.0
0.0,0.0,0.0,0.0,0.0,0.0,0.0,0.0,0.0,0.0,0.0,0.0,0.0,0.0,0.0,0.0,0.0,0.0,0.0,0.0,0.0,0.0,0.0,0.0,0.0,0.0,0.0,0.0,0.0,0.0,0.0,0.0,0.0,0.0,0.0,0.0,0.0,0.0,0.0,0.0,0.0,0.0,0.0,0.0,0.0,0.0,0.0,0.0,0.0,0.0,0.0,0.0,0.0,0.0,0.0,0.0,0.0,0.0,0.0,0.0,0.0,0.0,0.0,0.0,0.0,0.0,0.0,0.0,0.0,0.0,0.0,0.0,0.0,0.0,0.0,0.0,0.0,0.0,0.0,0.0,0.0,0.0,0.0,0.0,0.0,0.0,0.0,0.0,0.0,0.0,0.0,0.0,0.0,0.0,0.0,0.0,0.0,0.0,0.0,0.0,0.0,0.0,0.0,0.0,0.0,0.0,0.0,0.0,0.0,0.0,0.0,0.0,0.0,0.0,0.0,0.0
0.0,0.0,0.0,0.0,0.0,0.0,0.0,0.0,0.0,0.0,0.0,0.0,0.0,0.0,0.0,0.0,0.0,0.0,0.0,0.0,0.0,0.0,0.0,0.0,0.0,0.0,0.0,0.0,0.0,0.0,0.0,0.0,0.0,0.0,0.0,0.0,0.0,0.0,0.0,0.0,0.0,0.0,0.0,0.0,0.0,0.0,0.0,0.0,0.0,0.0,0.0,0.0,0.0,0.0,0.0,0.0,0.0,0.0,0.0,0.0,0.0,0.0,0.0,0.0,0.0,0.0,0.0,0.0,0.0,0.0,0.0,0.0,0.0,0.0,0.0,0.0,0.0,0.0,0.0,0.0,0.0,0.0,0.0,0.0,0.0,0.0,0.0,0.0,0.0,0.0,0.0,0.0,0.0,0.0,0.0,0.0,0.0,0.0,0.0,0.0,0.0,0.0,0.0,0.0,0.0,0.0,0.0,0.0,0.0,0.0,0.0,0.0,0.0,0.0,0.0,0.0
0.0,0.0,0.0,0.0,0.0,0.0,0.0,0.0,0.0,0.0,0.0,0.0,0.0,0.0,0.0,0.0,0.0,0.0,0.0,0.0,0.0,0.0,0.0,0.0,0.0,0.0,0.0,0.0,0.0,0.0,0.0,0.0,0.0,0.0,0.0,0.0,0.0,0.0,0.0,0.0,0.0,0.0,0.0,0.0,0.0,0.0,0.0,0.0,0.0,0.0,0.0,0.0,0.0,0.0,0.0,0.0,0.0,0.0,0.0,0.0,0.0,0.0,0.0,0.0,0.0,0.0,0.0,0.0,0.0,0.0,0.0,0.0,0.0,0.0,0.0,0.0,0.0,0.0,0.0,0.0,0.0,0.0,0.0,0.0,0.0,0.0,0.0,0.0,0.0,0.0,0.0,0.0,0.0,0.0,0.0,0.0,0.0,0.0,0.0,0.0,0.0,0.0,0.0,0.0,0.0,0.0,0.0,0.0,0.0,0.0,0.0,0.0,0.0,0.0,0.0,0.0
0.0,0.0,0.0,0.0,0.0,0.0,0.0,0.0,0.0,0.0,0.0,0.0,0.0,0.0,0.0,0.0,0.0,0.0,0.0,0.0,0.0,0.0,0.0,0.0,0.0,0.0,0.0,0.0,0.0,0.0,0.0,0.0,0.0,0.0,0.0,0.0,0.0,0.0,0.0,0.0,0.0,0.0,0.0,0.0,0.0,0.0,0.0,0.0,0.0,0.0,0.0,0.0,0.0,0.0,0.0,0.0,0.0,0.0,0.0,0.0,0.0,0.0,0.0,0.0,0.0,0.0,0.0,0.0,0.0,0.0,0.0,0.0,0.0,0.0,0.0,0.0,0.0,0.0,0.0,0.0,0.0,0.0,0.0,0.0,0.0,0.0,0.0,0.0,0.0,0.0,0.0,0.0,0.0,0.0,0.0,0.0,0.0,0.0,0.0,0.0,0.0,0.0,0.0,0.0,0.0,0.0,0.0,0.0,0.0,0.0,0.0,0.0,0.0,0.0,0.0,0.0
0.0,0.0,0.0,0.0,0.0,0.0,0.0,0.0,0.0,0.0,0.0,0.0,0.0,0.0,0.0,0.0,0.0,0.0,0.0,0.0,0.0,0.0,0.0,0.0,0.0,0.0,0.0,0.0,0.0,0.0,0.0,0.0,0.0,0.0,0.0,0.0,0.0,0.0,0.0,0.0,0.0,0.0,0.0,0.0,0.0,0.0,0.0,0.0,0.0,0.0,0.0,0.0,0.0,0.0,0.0,0.0,0.0,0.0,0.0,0.0,0.0,0.0,0.0,0.0,0.0,0.0,0.0,0.0,0.0,0.0,0.0,0.0,0.0,0.0,0.0,0.0,0.0,0.0,0.0,0.0,0.0,0.0,0.0,0.0,0.0,0.0,0.0,0.0,0.0,0.0,0.0,0.0,0.0,0.0,0.0,0.0,0.0,0.0,0.0,0.0,0.0,0.0,0.0,0.0,0.0,0.0,0.0,0.0,0.0,0.0,0.0,0.0,0.0,0.0,0.0,0.0
0.0,0.0,0.0,0.0,0.0,0.0,0.0,0.0,0.0,0.0,0.0,0.0,0.0,0.0,0.0,0.0,0.0,0.5228872980959385,0.0,0.0,0.0,0.5780025549216362,0.0,0.4150343240236047,0.0,0.0,0.0,0.0,0.0,0.0,0.0,0.0,0.0,0.4079662346548731,0.0,0.0,0.0,0.0,0.0,0.0,0.0,0.0,0.0,0.0,0.0,0.0,0.0,0.0,0.5826958656069517,0.0,0.0,0.0,0.0,0.0,0.0,1.0,0.0,0.0,0.3142096269922634,0.1977705600691499,0.0,0.2346107932240068,0.0,0.2824877075517861,0.2202368122811842,0.0738705548710666,0.2513832545460707,0.2435878392519738,0.0,0.0,0.0,0.0,-0.0550020995772184,0.2007053917558897,0.3996824856887118,0.495604126588432,-0.0234899040404609,0.3480289359016595,0.2805416169553095,0.2709566784252126,0.2011362833635674,0.5508020903327292,0.2999843779027599,0.2336266900133177,-0.0303044298705439,0.1078805296352058,0.476653150481213,0.3737281885550411,0.3978485664778076,0.3916217877271045,0.3730420833603497,0.4731239417221489,-0.0099384780791531,-0.0076870140829767,0.0123757026226102,-0.1174232179566097,-0.248413696259232,0.0196860590905361,0.300537179090833,-0.1217188003214827,0.2313665519530523,0.0,0.1715700959157189,-0.054667041579002,0.0753838900038871,-0.1347452779407366,0.5113782376981484,0.3336030395535947,0.0,0.0,0.0,0.0,0.1795189738085706,0.1689749116664095,0.0,0.0
0.0,0.0,0.0,0.0,0.0,0.0,0.0,0.0,0.0,0.0,0.0,0.0,0.0,0.0,0.0,0.0,0.0,0.0,0.0,0.0,0.0,0.0,0.0,0.0,0.0,0.0,0.0,0.0,0.0,0.0,0.0,0.0,0.0,0.0,0.0,0.0,0.0,0.0,0.0,0.0,0.0,0.0,0.0,0.0,0.0,0.0,0.0,0.0,0.0,0.0,0.0,0.0,0.0,0.0,0.0,0.0,0.0,0.0,0.0,0.0,0.0,0.0,0.0,0.0,0.0,0.0,0.0,0.0,0.0,0.0,0.0,0.0,0.0,0.0,0.0,0.0,0.0,0.0,0.0,0.0,0.0,0.0,0.0,0.0,0.0,0.0,0.0,0.0,0.0,0.0,0.0,0.0,0.0,0.0,0.0,0.0,0.0,0.0,0.0,0.0,0.0,0.0,0.0,0.0,0.0,0.0,0.0,0.0,0.0,0.0,0.0,0.0,0.0,0.0,0.0,0.0
0.0,0.0,0.0,0.0,0.0,0.0,0.0,0.0,0.0,0.0,0.0,0.0,0.0,0.0,0.0,0.0,0.0,0.0,0.0,0.0,0.0,0.0,0.0,0.0,0.0,0.0,0.0,0.0,0.0,0.0,0.0,0.0,0.0,0.0,0.0,0.0,0.0,0.0,0.0,0.0,0.0,0.0,0.0,0.0,0.0,0.0,0.0,0.0,0.0,0.0,0.0,0.0,0.0,0.0,0.0,0.0,0.0,0.0,0.0,0.0,0.0,0.0,0.0,0.0,0.0,0.0,0.0,0.0,0.0,0.0,0.0,0.0,0.0,0.0,0.0,0.0,0.0,0.0,0.0,0.0,0.0,0.0,0.0,0.0,0.0,0.0,0.0,0.0,0.0,0.0,0.0,0.0,0.0,0.0,0.0,0.0,0.0,0.0,0.0,0.0,0.0,0.0,0.0,0.0,0.0,0.0,0.0,0.0,0.0,0.0,0.0,0.0,0.0,0.0,0.0,0.0
0.0,0.0,0.0,0.0,0.0,0.0,0.0,0.0,0.0,0.0,0.0,0.0,0.0,0.0,0.0,0.0,0.0,0.400995521973045,0.0,0.0,0.0,0.4236181559131627,0.0,0.1997427358387139,0.0,0.0,0.0,0.0,0.0,0.0,0.0,0.0,0.0,0.26647704020831,0.0,0.0,0.0,0.0,0.0,0.0,0.0,0.0,0.0,0.0,0.0,0.0,0.0,0.0,0.3351769239027923,0.0,0.0,0.0,0.0,0.0,0.0,0.3142096269922634,0.0,0.0,1.0,0.7708185045422427,0.0,0.8862528486626825,0.0,0.6470557912753833,0.671083785682373,0.1743866923493469,0.5136807504329823,0.5939621822919862,0.0,0.0,0.0,0.0,0.2939151379460218,0.2173372482676579,0.6679342272450656,0.4215888653588408,0.4486162024148557,0.1604924632440049,0.236825181546843,0.7107345165442082,0.6242170558056308,0.656224630592749,0.8516817167067844,0.6926012660107752,0.4264890902805007,0.3164460373131117,0.7640550980697504,0.8640978189277978,0.899372976359222,0.51610593247322,0.8967063814688543,0.656155773994374,-0.0644269903858109,0.1065463111176804,-0.0333021717193347,-0.0600254419794023,-0.3209154831279251,0.3751766181962256,0.6168105411102661,-0.0300921556891323,0.659720630881864,0.0,0.6336851879072375,0.1096602642525862,0.0880976793620733,-0.260037857112311,0.0638228878983939,0.4514502423012948,0.0,0.0,0.0,0.0,-0.0015979430887584,0.3123280681817666,0.0,0.0
0.0,0.0,0.0,0.0,0.0,0.0,0.0,0.0,0.0,0.0,0.0,0.0,0.0,0.0,0.0,0.0,0.0,0.4590532530692376,0.0,0.0,0.0,0.38141135927332,0.0,0.3597326916887192,0.0,0.0,0.0,0.0,0.0,0.0,0.0,0.0,0.0,0.3673222409479667,0.0,0.0,0.0,0.0,0.0,0.0,0.0,0.0,0.0,0.0,0.0,0.0,0.0,0.0,0.3590547805295651,0.0,0.0,0.0,0.0,0.0,0.0,0.1977705600691499,0.0,0.0,0.7708185045422427,0.9999999999999998,0.0,0.8144879016942604,0.0,0.5767411388418566,0.6493657778377122,0.1826761271394406,0.4750822616182344,0.7135571106505562,0.0,0.0,0.0,0.0,0.2849308554978041,0.5513838366393796,0.755546077822509,0.5638097069061141,0.486814230657363,0.0479511644510856,0.2344052406599044,0.716309897946593,0.6286240524743489,0.62750943471518,0.7031175644473889,0.5451022021327866,0.2749012349145481,0.1724063482886731,0.6184953403587874,0.6880808960167246,0.7513219791911676,0.4899085358522184,0.7555153094208709,0.6884916210632969,-0.0250895308995925,0.1890419540398313,-0.1369453938011787,0.128905548547569,-0.3804375387297942,0.3810429407521316,0.5511670400506492,-0.0032276236756919,0.5523471434932522,0.0,0.4897106044141435,0.1923620710864666,0.3771232966803445,-0.1005708518397264,0.0062505207743885,0.4564698511430605,0.0,0.0,0.0,0.0,-0.1020088107084199,0.4131887063014771,0.0,0.0
0.0,0.0,0.0,0.0,0.0,0.0,0.0,0.0,0.0,0.0,0.0,0.0,0.0,0.0,0.0,0.0,0.0,0.0,0.0,0.0,0.0,0.0,0.0,0.0,0.0,0.0,0.0,0.0,0.0,0.0,0.0,0.0,0.0,0.0,0.0,0.0,0.0,0.0,0.0,0.0,0.0,0.0,0.0,0.0,0.0,0.0,0.0,0.0,0.0,0.0,0.0,0.0,0.0,0.0,0.0,0.0,0.0,0.0,0.0,0.0,0.0,0.0,0.0,0.0,0.0,0.0,0.0,0.0,0.0,0.0,0.0,0.0,0.0,0.0,0.0,0.0,0.0,0.0,0.0,0.0,0.0,0.0,0.0,0.0,0.0,0.0,0.0,0.0,0.0,0.0,0.0,0.0,0.0,0.0,0.0,0.0,0.0,0.0,0.0,0.0,0.0,0.0,0.0,0.0,0.0,0.0,0.0,0.0,0.0,0.0,0.0,0.0,0.0,0.0,0.0,0.0
0.0,0.0,0.0,0.0,0.0,0.0,0.0,0.0,0.0,0.0,0.0,0.0,0.0,0.0,0.0,0.0,0.0,0.3132107824756451,0.0,0.0,0.0,0.2683187896601628,0.0,0.1140786053842913,0.0,0.0,0.0,0.0,0.0,0.0,0.0,0.0,0.0,0.1703406859514553,0.0,0.0,0.0,0.0,0.0,0.0,0.0,0.0,0.0,0.0,0.0,0.0,0.0,0.0,0.2087487319530711,0.0,0.0,0.0,0.0,0.0,0.0,0.2346107932240068,0.0,0.0,0.8862528486626825,0.8144879016942604,0.0,1.0,0.0,0.6778008800590276,0.7748326414927545,0.2883487203132962,0.4397295713269544,0.5092446703442621,0.0,0.0,0.0,0.0,0.4607596806537021,0.3390728369280402,0.6129431067022514,0.4816835984842211,0.5594413444542535,0.2083865494936808,0.1145253228725144,0.7973424098576855,0.6950352732027217,0.6440789252437519,0.865350033937795,0.7028769972887013,0.5418715617492107,0.4790305386106607,0.6211597790081607,0.783277352547378,0.8248977076888854,0.3475165225151163,0.8269635065270338,0.669926248510311,0.016451308926286,0.332738687772116,0.0632559374042585,0.1743365966901873,-0.1831029154067981,0.3224336273407811,0.4926030069453168,0.0948878756540502,0.5485867179767681,0.0,0.6135300614418353,0.1226464898036198,0.1162350132731068,-0.165845925821902,0.1197952412266351,0.4682162831308942,0.0,0.0,0.0,0.0,-0.011695989907745,0.3367109742416125,0.0,0.0
0.0,0.0,0.0,0.0,0.0,0.0,0.0,0.0,0.0,0.0,0.0,0.0,0.0,0.0,0.0,0.0,0.0,0.0,0.0,0.0,0.0,0.0,0.0,0.0,0.0,0.0,0.0,0.0,0.0,0.0,0.0,0.0,0.0,0.0,0.0,0.0,0.0,0.0,0.0,0.0,0.0,0.0,0.0,0.0,0.0,0.0,0.0,0.0,0.0,0.0,0.0,0.0,0.0,0.0,0.0,0.0,0.0,0.0,0.0,0.0,0.0,0.0,0.0,0.0,0.0,0.0,0.0,0.0,0.0,0.0,0.0,0.0,0.0,0.0,0.0,0.0,0.0,0.0,0.0,0.0,0.0,0.0,0.0,0.0,0.0,0.0,0.0,0.0,0.0,0.0,0.0,0.0,0.0,0.0,0.0,0.0,0.0,0.0,0.0,0.0,0.0,0.0,0.0,0.0,0.0,0.0,0.0,0.0,0.0,0.0,0.0,0.0,0.0,0.0,0.0,0.0
0.0,0.0,0.0,0.0,0.0,0.0,0.0,0.0,0.0,0.0,0.0,0.0,0.0,0.0,0.0,0.0,0.0,0.30525721477694,0.0,0.0,0.0,0.2691732083776479,0.0,0.1776920442278016,0.0,0.0,0.0,0.0,0.0,0.0,0.0,0.0,0.0,0.1237470916719228,0.0,0.0,0.0,0.0,0.0,0.0,0.0,0.0,0.0,0.0,0.0,0.0,0.0,0.0,0.2864974317109521,0.0,0.0,0.0,0.0,0.0,0.0,0.2824877075517861,0.0,0.0,0.6470557912753833,0.5767411388418565,0.0,0.6778008800590276,0.0,1.0,0.5957066461226418,0.1017002685257785,0.7058926528804792,0.4626966156671197,0.0,0.0,0.0,0.0,0.4074511138104008,0.3532622300001669,0.5847708339769633,0.5637973433819765,0.5261561968612548,0.1830547709231088,0.3475046513256666,0.6581458559569799,0.2687523489086739,0.6718722994774289,0.4770955462391392,0.3691031165879927,0.331649873547906,0.5579068112405502,0.7428750404966998,0.5791931871466047,0.5436618373363641,0.6514119103926106,0.7273886249826557,0.6311924788534912,0.0041181622785218,0.181107336715738,0.2205660935168993,0.030005358189869,-0.0336286376482186,0.381762236230403,0.7523481511049882,0.1860915934591963,0.7001679835144957,0.0,0.4300522471587184,0.0002765395528035,0.1292101081822412,-0.2165557751339341,0.2378800325569753,0.5056713779946048,0.0,0.0,0.0,0.0,0.0687614954390966,0.3821895244736867,0.0,0.0
0.0,0.0,0.0,0.0,0.0,0.0,0.0,0.0,0.0,0.0,0.0,0.0,0.0,0.0,0.0,0.0,0.0,0.5029410038205226,0.0,0.0,0.0,0.3414964200238053,0.0,0.3377601621997314,0.0,0.0,0.0,0.0,0.0,0.0,0.0,0.0,0.0,0.3899267820242152,0.0,0.0,0.0,0.0,0.0,0.0,0.0,0.0,0.0,0.0,0.0,0.0,0.0,0.0,0.3617545114590103,0.0,0.0,0.0,0.0,0.0,0.0,0.2202368122811842,0.0,0.0,0.671083785682373,0.6493657778377122,0.0,0.7748326414927545,0.0,0.5957066461226417,1.0,0.2702120857637949,0.5098636554326952,0.464154623361004,0.0,0.0,0.0,0.0,0.574316776299087,0.4241493871686908,0.5614728541634835,0.4538748122889202,0.4820280299857545,0.2297286103517024,0.0665659094850514,0.6072347149235958,0.6051471886673859,0.5815560841684922,0.5779452920850596,0.5374220579842386,0.5544997010683194,0.3938976435448033,0.5616073439049177,0.5889672203155133,0.6323954452281203,0.4378904165960899,0.6482973360543253,0.5965205331435269,-0.0480815657969977,0.2402776251381545,0.083505564278706,0.2372997286600538,-0.1057058386114472,0.3572269030077646,0.4490069634644225,0.2562682643058293,0.6159240980754473,0.0,0.6934959023531472,0.3705936404857551,0.3736644633671897,-0.0751444465883891,0.0375812611543356,0.3524386296656455,0.0,0.0,0.0,0.0,-0.1721743628574383,0.2445482818922223,0.0,0.0
0.0,0.0,0.0,0.0,0.0,0.0,0.0,0.0,0.0,0.0,0.0,0.0,0.0,0.0,0.0,0.0,0.0,-0.0241120610949883,0.0,0.0,0.0,-0.0421430984058605,0.0,-0.2182618808446908,0.0,0.0,0.0,0.0,0.0,0.0,0.0,0.0,0.0,-0.0255961128002983,0.0,0.0,0.0,0.0,0.0,0.0,0.0,0.0,0.0,0.0,0.0,0.0,0.0,0.0,-0.0987262643690115,0.0,0.0,0.0,0.0,0.0,0.0,0.0738705548710666,0.0,0.0,0.1743866923493468,0.1826761271394406,0.0,0.2883487203132962,0.0,0.1017002685257785,0.2702120857637948,1.0,0.1611919242061547,0.1162635267702732,0.0,0.0,0.0,0.0,0.2829136906133602,0.137628654918476,0.1362211438689418,0.1365376111344302,0.1669373629747963,0.165789091148465,-0.4236278017777036,0.2211901545262154,0.1387126279246524,0.1202746135525887,0.2861970554215302,0.0747548309687591,0.2303498997258434,0.2542037719640888,0.0679213075011764,0.0336094188085514,0.1309326435347699,0.0573703193329443,0.1036008842015967,0.1058850121390312,0.271134153111814,0.2600217472159174,0.2594527234247256,0.1173801906712377,0.0608845654423718,0.2761860524707094,0.1455622661521441,0.1892905794736412,0.2505397451756988,0.0,0.3091388708232712,0.3765113680792679,0.2534212237626307,-0.2677494626132334,0.1280530526817005,0.2802558399304453,0.0,0.0,0.0,0.0,-0.030147403784362,0.0127057775190514,0.0,0.0
0.0,0.0,0.0,0.0,0.0,0.0,0.0,0.0,0.0,0.0,0.0,0.0,0.0,0.0,0.0,0.0,0.0,0.4193587610056234,0.0,0.0,0.0,0.290268240427033,0.0,0.2921921719558229,0.0,0.0,0.0,0.0,0.0,0.0,0.0,0.0,0.0,0.3159348946626152,0.0,0.0,0.0,0.0,0.0,0.0,0.0,0.0,0.0,0.0,0.0,0.0,0.0,0.0,0.3833259826627304,0.0,0.0,0.0,0.0,0.0,0.0,0.2513832545460707,0.0,0.0,0.5136807504329823,0.4750822616182344,0.0,0.4397295713269544,0.0,0.7058926528804792,0.5098636554326952,0.1611919242061547,0.9999999999999998,0.5607768139289588,0.0,0.0,0.0,0.0,0.429493111429262,0.4756929800352296,0.6614674485102618,0.5114876120382474,0.3338171960955216,0.094188678065042,0.1523095820085502,0.5797503523577506,0.2451360741666686,0.57215842265689,0.3517989623967567,0.178345479446651,0.1125104679316742,0.3241215325947055,0.8089795151036848,0.4617828539206934,0.4277658069789598,0.8105233379766339,0.5690317200940269,0.6100659182439593,-0.0170614337287851,-0.0774497394360818,0.0932981427390838,-0.0026112718794678,-0.2693612637702006,0.3401961553663341,0.8895984098289494,0.2615623060028297,0.8058376019161824,0.0,0.3879854750204963,0.2220113448194165,0.4202424492615321,-0.1365709011779866,0.1353610629647833,0.5731857331207295,0.0,0.0,0.0,0.0,-0.0274750315299406,0.248927437677931,0.0,0.0
0.0,0.0,0.0,0.0,0.0,0.0,0.0,0.0,0.0,0.0,0.0,0.0,0.0,0.0,0.0,0.0,0.0,0.6168218419357553,0.0,0.0,0.0,0.4385401002346282,0.0,0.4747904803767865,0.0,0.0,0.0,0.0,0.0,0.0,0.0,0.0,0.0,0.537432853706839,0.0,0.0,0.0,0.0,0.0,0.0,0.0,0.0,0.0,0.0,0.0,0.0,0.0,0.0,0.4884359160590818,0.0,0.0,0.0,0.0,0.0,0.0,0.2435878392519738,0.0,0.0,0.5939621822919862,0.7135571106505562,0.0,0.5092446703442621,0.0,0.4626966156671197,0.464154623361004,0.1162635267702732,0.5607768139289588,0.9999999999999998,0.0,0.0,0.0,0.0,0.0088959279566293,0.5347739231163359,0.8258632600323661,0.5515638635885924,0.085665301619014,-0.1203438902512871,0.2391766415859658,0.590134676172301,0.5022263193410309,0.6592311305781631,0.4256068002845846,0.2827177821936042,0.1006511049668072,-0.0933421509575739,0.667635047747907,0.6117980837271352,0.5594593403978559,0.6078416393870772,0.5678864121051196,0.7134339353760809,-0.0353625540021155,-0.1613774277402519,-0.336437788760033,-0.1255542025107968,-0.6620600479707801,0.1638548961842986,0.6169851984134593,-0.3040475358369542,0.5698689890525905,0.0,0.4085966105320936,0.3090666063487173,0.3698403148591855,-0.1000290153471273,0.0144830672690406,0.4248088303596014,0.0,0.0,0.0,0.0,-0.0925291323194369,0.347763071545047,0.0,0.0
0.0,0.0,0.0,0.0,0.0,0.0,0.0,0.0,0.0,0.0,0.0,0.0,0.0,0.0,0.0,0.0,0.0,0.0,0.0,0.0,0.0,0.0,0.0,0.0,0.0,0.0,0.0,0.0,0.0,0.0,0.0,0.0,0.0,0.0,0.0,0.0,0.0,0.0,0.0,0.0,0.0,0.0,0.0,0.0,0.0,0.0,0.0,0.0,0.0,0.0,0.0,0.0,0.0,0.0,0.0,0.0,0.0,0.0,0.0,0.0,0.0,0.0,0.0,0.0,0.0,0.0,0.0,0.0,0.0,0.0,0.0,0.0,0.0,0.0,0.0,0.0,0.0,0.0,0.0,0.0,0.0,0.0,0.0,0.0,0.0,0.0,0.0,0.0,0.0,0.0,0.0,0.0,0.0,0.0,0.0,0.0,0.0,0.0,0.0,0.0,0.0,0.0,0.0,0.0,0.0,0.0,0.0,0.0,0.0,0.0,0.0,0.0,0.0,0.0,0.0,0.0
0.0,0.0,0.0,0.0,0.0,0.0,0.0,0.0,0.0,0.0,0.0,0.0,0.0,0.0,0.0,0.0,0.0,0.0,0.0,0.0,0.0,0.0,0.0,0.0,0.0,0.0,0.0,0.0,0.0,0.0,0.0,0.0,0.0,0.0,0.0,0.0,0.0,0.0,0.0,0.0,0.0,0.0,0.0,0.0,0.0,0.0,0.0,0.0,0.0,0.0,0.0,0.0,0.0,0.0,0.0,0.0,0.0,0.0,0.0,0.0,0.0,0.0,0.0,0.0,0.0,0.0,0.0,0.0,0.0,0.0,0.0,0.0,0.0,0.0,0.0,0.0,0.0,0.0,0.0,0.0,0.0,0.0,0.0,0.0,0.0,0.0,0.0,0.0,0.0,0.0,0.0,0.0,0.0,0.0,0.0,0.0,0.0,0.0,0.0,0.0,0.0,0.0,0.0,0.0,0.0,0.0,0.0,0.0,0.0,0.0,0.0,0.0,0.0,0.0,0.0,0.0
0.0,0.0,0.0,0.0,0.0,0.0,0.0,0.0,0.0,0.0,0.0,0.0,0.0,0.0,0.0,0.0,0.0,0.0,0.0,0.0,0.0,0.0,0.0,0.0,0.0,0.0,0.0,0.0,0.0,0.0,0.0,0.0,0.0,0.0,0.0,0.0,0.0,0.0,0.0,0.0,0.0,0.0,0.0,0.0,0.0,0.0,0.0,0.0,0.0,0.0,0.0,0.0,0.0,0.0,0.0,0.0,0.0,0.0,0.0,0.0,0.0,0.0,0.0,0.0,0.0,0.0,0.0,0.0,0.0,0.0,0.0,0.0,0.0,0.0,0.0,0.0,0.0,0.0,0.0,0.0,0.0,0.0,0.0,0.0,0.0,0.0,0.0,0.0,0.0,0.0,0.0,0.0,0.0,0.0,0.0,0.0,0.0,0.0,0.0,0.0,0.0,0.0,0.0,0.0,0.0,0.0,0.0,0.0,0.0,0.0,0.0,0.0,0.0,0.0,0.0,0.0
0.0,0.0,0.0,0.0,0.0,0.0,0.0,0.0,0.0,0.0,0.0,0.0,0.0,0.0,0.0,0.0,0.0,0.0,0.0,0.0,0.0,0.0,0.0,0.0,0.0,0.0,0.0,0.0,0.0,0.0,0.0,0.0,0.0,0.0,0.0,0.0,0.0,0.0,0.0,0.0,0.0,0.0,0.0,0.0,0.0,0.0,0.0,0.0,0.0,0.0,0.0,0.0,0.0,0.0,0.0,0.0,0.0,0.0,0.0,0.0,0.0,0.0,0.0,0.0,0.0,0.0,0.0,0.0,0.0,0.0,0.0,0.0,0.0,0.0,0.0,0.0,0.0,0.0,0.0,0.0,0.0,0.0,0.0,0.0,0.0,0.0,0.0,0.0,0.0,0.0,0.0,0.0,0.0,0.0,0.0,0.0,0.0,0.0,0.0,0.0,0.0,0.0,0.0,0.0,0.0,0.0,0.0,0.0,0.0,0.0,0.0,0.0,0.0,0.0,0.0,0.0
0.0,0.0,0.0,0.0,0.0,0.0,0.0,0.0,0.0,0.0,0.0,0.0,0.0,0.0,0.0,0.0,0.0,-0.0403479891845138,0.0,0.0,0.0,-0.1214444236879925,0.0,-0.0803862062903534,0.0,0.0,0.0,0.0,0.0,0.0,0.0,0.0,0.0,-0.0829523265756259,0.0,0.0,0.0,0.0,0.0,0.0,0.0,0.0,0.0,0.0,0.0,0.0,0.0,0.0,-0.099259548224817,0.0,0.0,0.0,0.0,0.0,0.0,-0.0550020995772184,0.0,0.0,0.2939151379460218,0.2849308554978041,0.0,0.4607596806537021,0.0,0.4074511138104007,0.574316776299087,0.2829136906133602,0.4294931114292619,0.0088959279566293,0.0,0.0,0.0,0.0,1.0,0.2796690936631294,0.086343165027612,0.1744702721677388,0.6274372448901592,0.2325836255089353,-0.2199026280306006,0.3260186499040271,0.1879178736422102,0.1450802455085529,0.2945663498526947,0.264704459648295,0.3984483004799131,0.6488416315910631,0.2463782009889845,0.2164305671905247,0.2111324883586316,0.129354888562195,0.3005705368052168,0.1246606527921572,0.0064917613010884,0.4603708988328899,0.5630977904353182,0.6293519216398568,0.3124221632373749,0.2505850321419539,0.3232308686020665,0.6664376213263086,0.3540228227752812,0.0,0.3659112706114488,0.0074827087194467,0.0570427940509208,0.2048562364284294,0.1563313507433864,0.3397468797729386,0.0,0.0,0.0,0.0,-0.0559323151328315,0.0092603129627401,0.0,0.0
0.0,0.0,0.0,0.0,0.0,0.0,0.0,0.0,0.0,0.0,0.0,0.0,0.0,0.0,0.0,0.0,0.0,0.3922440198547074,0.0,0.0,0.0,0.1328669589027159,0.0,0.2160469486422809,0.0,0.0,0.0,0.0,0.0,0.0,0.0,0.0,0.0,0.3813886115660293,0.0,0.0,0.0,0.0,0.0,0.0,0.0,0.0,0.0,0.0,0.0,0.0,0.0,0.0,0.1512747971950169,0.0,0.0,0.0,0.0,0.0,0.0,0.2007053917558898,0.0,0.0,0.2173372482676579,0.5513838366393796,0.0,0.3390728369280402,0.0,0.3532622300001669,0.4241493871686908,0.137628654918476,0.4756929800352296,0.5347739231163359,0.0,0.0,0.0,0.0,0.2796690936631295,1.0,0.6017205036392425,0.5882637999699136,0.2352414258981328,-0.1229547288632495,0.0466859509032995,0.5340382499900611,0.4338874525971753,0.4150783441525896,0.2461206202838839,0.0662871108717233,0.1400154709452204,0.1144766758467878,0.3307162497806472,0.229679398726165,0.2003320094962296,0.4034408067072181,0.2061306746239895,0.563699766581499,0.2076518590724503,0.1936301126570724,-0.2690617233814594,0.2398424674560366,-0.348503999860405,0.2687776750448788,0.4130648801317356,0.1031446870595484,0.3873926950073519,0.0,0.3097364509673057,0.4302130149117194,0.6124604653190102,0.1757684385409235,0.3188432215928061,0.5043059686598997,0.0,0.0,0.0,0.0,-0.201779455477969,0.3912701634061418,0.0,0.0
0.0,0.0,0.0,0.0,0.0,0.0,0.0,0.0,0.0,0.0,0.0,0.0,0.0,0.0,0.0,0.0,0.0,0.5974158783792981,0.0,0.0,0.0,0.4336347458036546,0.0,0.412761117497179,0.0,0.0,0.0,0.0,0.0,0.0,0.0,0.0,0.0,0.4697407943269083,0.0,0.0,0.0,0.0,0.0,0.0,0.0,0.0,0.0,0.0,0.0,0.0,0.0,0.0,0.4792305521914903,0.0,0.0,0.0,0.0,0.0,0.0,0.3996824856887118,0.0,0.0,0.6679342272450656,0.755546077822509,0.0,0.6129431067022514,0.0,0.5847708339769634,0.5614728541634835,0.1362211438689418,0.661467448510262,0.8258632600323661,0.0,0.0,0.0,0.0,0.086343165027612,0.6017205036392423,1.0,0.7314652825543904,0.1533206472917341,0.0584467497360851,0.2643755730883345,0.7945837998784722,0.5256974449843836,0.8339504973857729,0.5747644591241736,0.3290607653764202,0.0952758900293799,0.1642311154279189,0.8310652183655625,0.6647297953943329,0.6748343708462455,0.7551289341444799,0.6757612728418257,0.896698122717683,0.0018678894819609,-0.1103595475031377,-0.2758888425149659,-0.1245150283853133,-0.508969227549816,0.2143116938564865,0.6964768887070075,-0.13792146061002,0.6998559482491294,0.0,0.4285039539566482,0.3594480224488691,0.4731008036992642,-0.0865056894218412,0.1895836354026497,0.6051370507068498,0.0,0.0,0.0,0.0,-0.053700621646018,0.4505922531640355,0.0,0.0
0.0,0.0,0.0,0.0,0.0,0.0,0.0,0.0,0.0,0.0,0.0,0.0,0.0,0.0,0.0,0.0,0.0,0.4301108561898275,0.0,0.0,0.0,0.2649582970394688,0.0,0.2228119405581778,0.0,0.0,0.0,0.0,0.0,0.0,0.0,0.0,0.0,0.3877038645476646,0.0,0.0,0.0,0.0,0.0,0.0,0.0,0.0,0.0,0.0,0.0,0.0,0.0,0.0,0.3321840430740128,0.0,0.0,0.0,0.0,0.0,0.0,0.495604126588432,0.0,0.0,0.4215888653588408,0.5638097069061141,0.0,0.4816835984842211,0.0,0.5637973433819765,0.4538748122889203,0.1365376111344302,0.5114876120382476,0.5515638635885926,0.0,0.0,0.0,0.0,0.1744702721677388,0.5882637999699136,0.7314652825543903,1.0,0.2135358412074172,0.2224632384698391,0.3144500118426356,0.6406643206832143,0.3288989046261371,0.7897383446388196,0.3842722355509758,0.2288088285761557,0.1696669027519775,0.2822239595912099,0.6093893830582235,0.4149017471434697,0.431234035450354,0.5798253850623173,0.4588461721845867,0.7320970168218822,0.1147894452922522,0.0609948935278593,-0.0580533760274598,0.0868410446123079,-0.3937577160876296,0.2341956376079649,0.5172674177594231,-0.0825668667145957,0.4645246410951953,0.0,0.4099832205014986,0.195880739619872,0.2799511605386927,0.1386563637501376,0.4267446312175651,0.5171375827994846,0.0,0.0,0.0,0.0,0.1384966190146916,0.4118024033949489,0.0,0.0
0.0,0.0,0.0,0.0,0.0,0.0,0.0,0.0,0.0,0.0,0.0,0.0,0.0,0.0,0.0,0.0,0.0,-0.0992481495619025,0.0,0.0,0.0,0.0983064190053668,0.0,-0.0780544235881249,0.0,0.0,0.0,0.0,0.0,0.0,0.0,0.0,0.0,-0.0479525494964209,0.0,0.0,0.0,0.0,0.0,0.0,0.0,0.0,0.0,0.0,0.0,0.0,0.0,0.0,0.0040452923145504,0.0,0.0,0.0,0.0,0.0,0.0,-0.0234899040404609,0.0,0.0,0.4486162024148556,0.486814230657363,0.0,0.5594413444542535,0.0,0.5261561968612547,0.4820280299857545,0.1669373629747963,0.3338171960955216,0.085665301619014,0.0,0.0,0.0,0.0,0.6274372448901592,0.2352414258981329,0.153320647291734,0.2135358412074172,1.0,0.172027044678068,0.1426985438890762,0.3291903570844172,0.2486023372733763,0.2665422553373861,0.4284383278355622,0.3626600729757346,0.3104727082481822,0.47195194901389,0.2675795521346298,0.3451220096071306,0.3235529994908742,0.2114222319850085,0.4613515723526914,0.2347108569498961,0.0964039226452764,0.2790633910410128,0.3548991872727471,0.3348551070758981,0.1895170175298192,0.4500855989182587,0.3581553682166292,0.5104762580141938,0.352000906595783,0.0,0.3825500260426439,0.0303077256818695,0.1603567019103641,-0.1470595120134856,0.0866266484593059,0.3239293996044489,0.0,0.0,0.0,0.0,-0.0233179469365847,0.446414245444564,0.0,0.0
0.0,0.0,0.0,0.0,0.0,0.0,0.0,0.0,0.0,0.0,0.0,0.0,0.0,0.0,0.0,0.0,0.0,0.0103831005633598,0.0,0.0,0.0,0.0958449211700318,0.0,-0.0611368838973408,0.0,0.0,0.0,0.0,0.0,0.0,0.0,0.0,0.0,0.1684089083516244,0.0,0.0,0.0,0.0,0.0,0.0,0.0,0.0,0.0,0.0,0.0,0.0,0.0,0.0,0.0273286807025345,0.0,0.0,0.0,0.0,0.0,0.0,0.3480289359016595,0.0,0.0,0.1604924632440049,0.0479511644510856,0.0,0.2083865494936808,0.0,0.1830547709231088,0.2297286103517024,0.165789091148465,0.094188678065042,-0.1203438902512871,0.0,0.0,0.0,0.0,0.2325836255089354,-0.1229547288632495,0.0584467497360851,0.2224632384698391,0.172027044678068,1.0,0.0545655451660261,-0.0120180402798845,-0.0842909135020604,0.267724993531441,0.1852225577516099,0.062016468808026,-0.134715022310862,0.4151400375868034,0.1801494527095641,0.0284061157549652,0.1189875954076992,0.120414134942496,0.1332042387041417,0.0257836095136025,-0.0680292716775552,-0.0001821686339534,0.3478351752973249,-0.0536462628880368,0.1276988045265562,0.1409238531958471,0.1473846966809429,0.1410567568316564,0.0197435525535762,0.0,-0.0677592880969489,-0.2409890941046971,-0.1590962635096098,-0.2334132002162298,0.4396767359075973,0.1178835731132074,0.0,0.0,0.0,0.0,0.1113983257882851,-0.0055905626792795,0.0,0.0
0.0,0.0,0.0,0.0,0.0,0.0,0.0,0.0,0.0,0.0,0.0,0.0,0.0,0.0,0.0,0.0,0.0,0.3501971575802947,0.0,0.0,0.0,0.4945996395139803,0.0,0.3462468536163142,0.0,0.0,0.0,0.0,0.0,0.0,0.0,0.0,0.0,0.3088830391924615,0.0,0.0,0.0,0.0,0.0,0.0,0.0,0.0,0.0,0.0,0.0,0.0,0.0,0.0,0.4758510682851288,0.0,0.0,0.0,0.0,0.0,0.0,0.2805416169553096,0.0,0.0,0.236825181546843,0.2344052406599044,0.0,0.1145253228725144,0.0,0.3475046513256666,0.0665659094850514,-0.4236278017777036,0.1523095820085502,0.2391766415859658,0.0,0.0,0.0,0.0,-0.2199026280306006,0.0466859509032995,0.2643755730883345,0.3144500118426356,0.1426985438890762,0.0545655451660261,0.9999999999999998,0.0754425036461803,-0.0372342341402895,0.3243568495825301,0.0137795725606817,0.2970211835277427,-0.0685613027358835,-0.2390509360921663,0.2875100354424059,0.2104125634706152,0.2039065810853143,0.3098813211448074,0.2763756433922015,0.2817668608949759,-0.0639206618419602,-0.427713218607233,-0.1907286327381442,-0.2685868780894856,-0.3271443327453564,0.1672104808583381,0.2286128491288847,-0.1896028396412959,0.2177440156454081,0.0,0.1069460113816127,-0.2681868150008834,0.0014079056751016,-0.0501891968494139,-0.0972504885282843,-0.0993992698917005,0.0,0.0,0.0,0.0,0.1697426360901694,0.4399143282476572,0.0,0.0
0.0,0.0,0.0,0.0,0.0,0.0,0.0,0.0,0.0,0.0,0.0,0.0,0.0,0.0,0.0,0.0,0.0,0.3453346846201388,0.0,0.0,0.0,0.2463622241388729,0.0,0.1918833456168479,0.0,0.0,0.0,0.0,0.0,0.0,0.0,0.0,0.0,0.1911091154202143,0.0,0.0,0.0,0.0,0.0,0.0,0.0,0.0,0.0,0.0,0.0,0.0,0.0,0.0,0.2255460910486455,0.0,0.0,0.0,0.0,0.0,0.0,0.2709566784252126,0.0,0.0,0.7107345165442082,0.716309897946593,0.0,0.7973424098576855,0.0,0.6581458559569799,0.6072347149235957,0.2211901545262154,0.5797503523577506,0.5901346761723011,0.0,0.0,0.0,0.0,0.3260186499040271,0.5340382499900611,0.7945837998784722,0.6406643206832143,0.3291903570844172,-0.0120180402798845,0.0754425036461803,1.0,0.6217925460620707,0.7519797751600646,0.7115243809334388,0.4232609440334083,0.3397338103808534,0.4296821111528591,0.7160213690486616,0.7240323728688228,0.698175396828396,0.5247645343532533,0.6812492453923474,0.8486723834014318,0.0731278868011466,0.2331067142543313,-0.120293710456696,0.1515364074866494,-0.2654075827613088,0.1586715336904031,0.5710750626243514,0.0032386607786347,0.5701498806893402,0.0,0.5267285774770121,0.2324637579025435,0.2193279342676509,0.0175335944098257,0.2121886202046441,0.6497656932244471,0.0,0.0,0.0,0.0,-0.0570978464951661,0.3618994894282515,0.0,0.0
0.0,0.0,0.0,0.0,0.0,0.0,0.0,0.0,0.0,0.0,0.0,0.0,0.0,0.0,0.0,0.0,0.0,0.4196969270969389,0.0,0.0,0.0,0.2919393668183983,0.0,0.2119506740204919,0.0,0.0,0.0,0.0,0.0,0.0,0.0,0.0,0.0,0.3310888553283351,0.0,0.0,0.0,0.0,0.0,0.0,0.0,0.0,0.0,0.0,0.0,0.0,0.0,0.0,0.2369143821331608,0.0,0.0,0.0,0.0,0.0,0.0,0.2011362833635674,0.0,0.0,0.6242170558056307,0.6286240524743489,0.0,0.6950352732027217,0.0,0.2687523489086739,0.6051471886673859,0.1387126279246524,0.2451360741666686,0.5022263193410308,0.0,0.0,0.0,0.0,0.1879178736422102,0.4338874525971753,0.5256974449843836,0.3288989046261371,0.2486023372733764,-0.0842909135020604,-0.0372342341402895,0.6217925460620707,1.0,0.4655714672243163,0.762362133331088,0.593876365979087,0.4718576173947327,0.0818551542068517,0.3888576645281082,0.660886952709814,0.6928149894384817,0.2096983195006445,0.5641877692234253,0.6585257350920684,-0.1244473273298842,0.1839253623285446,-0.2251914702134071,0.0198624944207904,-0.429230760289096,0.1209594884684906,0.2293745946205525,-0.100189371021763,0.3372317521874429,0.0,0.5643969671649692,0.3506395356168999,0.2918783905935213,-0.0680057734962587,-0.0432771043616255,0.2061906956128849,0.0,0.0,0.0,0.0,-0.1814394032265295,0.2517531951310083,0.0,0.0
0.0,0.0,0.0,0.0,0.0,0.0,0.0,0.0,0.0,0.0,0.0,0.0,0.0,0.0,0.0,0.0,0.0,0.4906137584048074,0.0,0.0,0.0,0.4950655706742832,0.0,0.3651640130175311,0.0,0.0,0.0,0.0,0.0,0.0,0.0,0.0,0.0,0.3800307375594008,0.0,0.0,0.0,0.0,0.0,0.0,0.0,0.0,0.0,0.0,0.0,0.0,0.0,0.0,0.5222353615036044,0.0,0.0,0.0,0.0,0.0,0.0,0.5508020903327292,0.0,0.0,0.6562246305927492,0.6275094347151801,0.0,0.6440789252437519,0.0,0.6718722994774288,0.5815560841684922,0.1202746135525887,0.57215842265689,0.659231130578163,0.0,0.0,0.0,0.0,0.145080245508553,0.4150783441525896,0.8339504973857729,0.7897383446388196,0.2665422553373861,0.267724993531441,0.3243568495825301,0.7519797751600645,0.4655714672243163,1.0,0.5776480789383247,0.3050887202209763,0.1194895804342141,0.3432536514217515,0.811734855310361,0.6429749954550946,0.6279877551624733,0.6864393014733946,0.6564111273223325,0.8296345458032875,0.0797587948987461,-0.0369001326281815,-0.022634067885586,-0.0348072657928591,-0.3814326815015889,0.1691254862144202,0.6293038124733182,-0.1038086972067679,0.5813469418459223,0.0,0.4116966887370324,0.1769079473851009,0.2302059144560261,-0.1731885740990235,0.3209825410495771,0.6181838182999093,0.0,0.0,0.0,0.0,0.0920119663444782,0.4994361205340109,0.0,0.0
0.0,0.0,0.0,0.0,0.0,0.0,0.0,0.0,0.0,0.0,0.0,0.0,0.0,0.0,0.0,0.0,0.0,0.2422116446402836,0.0,0.0,0.0,0.2521028835549926,0.0,0.0262333256878877,0.0,0.0,0.0,0.0,0.0,0.0,0.0,0.0,0.0,0.1223533256241087,0.0,0.0,0.0,0.0,0.0,0.0,0.0,0.0,0.0,0.0,0.0,0.0,0.0,0.0,0.1794827553381708,0.0,0.0,0.0,0.0,0.0,0.0,0.2999843779027599,0.0,0.0,0.8516817167067844,0.703117564447389,0.0,0.865350033937795,0.0,0.4770955462391391,0.5779452920850596,0.2861970554215302,0.3517989623967567,0.4256068002845846,0.0,0.0,0.0,0.0,0.2945663498526947,0.2461206202838839,0.5747644591241737,0.3842722355509758,0.4284383278355621,0.1852225577516099,0.0137795725606817,0.7115243809334388,0.762362133331088,0.5776480789383246,1.0,0.7009482819063099,0.4265469291631102,0.4266595678994627,0.6039460456035437,0.7943489876021586,0.8458226097243274,0.3539872735640094,0.7726074669176385,0.6474861288622605,-0.027111782041852,0.2287845641057663,0.0349377622830503,0.0051736519423619,-0.250611836188829,0.2067539212549894,0.4362181458687363,0.0541793262145693,0.456685101025593,0.0,0.5007261343674062,0.1373931127533566,0.167245652747441,-0.1482598461429862,0.1313281396869501,0.4538119662095629,0.0,0.0,0.0,0.0,0.0662529023117215,0.2966535930418776,0.0,0.0
0.0,0.0,0.0,0.0,0.0,0.0,0.0,0.0,0.0,0.0,0.0,0.0,0.0,0.0,0.0,0.0,0.0,0.378202993402944,0.0,0.0,0.0,0.2756229170373723,0.0,0.0611187305502496,0.0,0.0,0.0,0.0,0.0,0.0,0.0,0.0,0.0,0.2040346356125114,0.0,0.0,0.0,0.0,0.0,0.0,0.0,0.0,0.0,0.0,0.0,0.0,0.0,0.0,0.2324175207963696,0.0,0.0,0.0,0.0,0.0,0.0,0.2336266900133177,0.0,0.0,0.6926012660107752,0.5451022021327866,0.0,0.7028769972887015,0.0,0.3691031165879927,0.5374220579842385,0.0747548309687591,0.178345479446651,0.2827177821936041,0.0,0.0,0.0,0.0,0.264704459648295,0.0662871108717233,0.3290607653764202,0.2288088285761557,0.3626600729757346,0.062016468808026,0.2970211835277427,0.4232609440334083,0.593876365979087,0.3050887202209763,0.70094828190631,1.0,0.5840007945306032,0.1381074327479624,0.4303110855635303,0.7059860210567895,0.7525400055138362,0.1803124245011738,0.7294917123632635,0.4735230836391227,-0.3643167452240596,0.1410859818698989,-0.0084877916768321,-0.0723196960631225,-0.2791818396771954,0.2178909609224325,0.3025157256155174,0.0182893922009657,0.4450409858807746,0.0,0.5537548106295773,-0.0602600374414446,-0.0205145833159245,-0.0992080794864297,-0.1387143160840872,0.0318046922896844,0.0,0.0,0.0,0.0,0.0251304915109973,0.2025097287416244,0.0,0.0
0.0,0.0,0.0,0.0,0.0,0.0,0.0,0.0,0.0,0.0,0.0,0.0,0.0,0.0,0.0,0.0,0.0,0.0532321217462989,0.0,0.0,0.0,-0.0638946989384841,0.0,-0.2022462667971344,0.0,0.0,0.0,0.0,0.0,0.0,0.0,0.0,0.0,-0.1318236228207399,0.0,0.0,0.0,0.0,0.0,0.0,0.0,0.0,0.0,0.0,0.0,0.0,0.0,0.0,-0.1122625048230176,0.0,0.0,0.0,0.0,0.0,0.0,-0.0303044298705439,0.0,0.0,0.4264890902805007,0.2749012349145481,0.0,0.5418715617492107,0.0,0.331649873547906,0.5544997010683195,0.2303498997258433,0.1125104679316742,0.1006511049668072,0.0,0.0,0.0,0.0,0.3984483004799131,0.1400154709452204,0.0952758900293799,0.1696669027519775,0.3104727082481822,-0.134715022310862,-0.0685613027358835,0.3397338103808534,0.4718576173947327,0.1194895804342141,0.4265469291631102,0.5840007945306032,1.0,0.2673747949284275,0.1438045063984612,0.3981353237122078,0.394677294526533,-0.0229759292313484,0.3920734946719959,0.2801186903728354,-0.0355110135286483,0.3792707607530176,0.0844825401070915,0.1874226143203064,0.0459159679264022,0.2740964497975116,0.0660893955981637,0.1460048273233107,0.3569360794680802,0.0,0.7561169518335623,0.3198472829957858,0.0118017115228802,0.078887623736056,0.0151468427712958,0.0596788033617413,0.0,0.0,0.0,0.0,0.0426022921568624,0.0272796519537074,0.0,0.0
0.0,0.0,0.0,0.0,0.0,0.0,0.0,0.0,0.0,0.0,0.0,0.0,0.0,0.0,0.0,0.0,0.0,-0.1911420894036644,0.0,0.0,0.0,-0.3020476060678287,0.0,-0.2847297412343302,0.0,0.0,0.0,0.0,0.0,0.0,0.0,0.0,0.0,-0.3059078400843804,0.0,0.0,0.0,0.0,0.0,0.0,0.0,0.0,0.0,0.0,0.0,0.0,0.0,0.0,-0.1809959780425589,0.0,0.0,0.0,0.0,0.0,0.0,0.1078805296352058,0.0,0.0,0.3164460373131116,0.1724063482886731,0.0,0.4790305386106607,0.0,0.5579068112405502,0.3938976435448033,0.2542037719640888,0.3241215325947055,-0.0933421509575739,0.0,0.0,0.0,0.0,0.6488416315910631,0.1144766758467878,0.1642311154279189,0.2822239595912099,0.4719519490138899,0.4151400375868035,-0.2390509360921663,0.4296821111528591,0.0818551542068517,0.3432536514217515,0.4266595678994627,0.1381074327479624,0.2673747949284275,1.0,0.318162065403134,0.2166650439117658,0.2372858716423527,0.1859970634320946,0.3353537677563073,0.229556730422188,0.2018492396630337,0.486998706415532,0.5981816981778015,0.3420816505292253,0.4427265616495474,0.142462723586484,0.3097790390685307,0.4351244601758129,0.2417205275128625,0.0,0.1200488093166798,-0.1142369622213547,-0.083329974773785,0.0516960037894264,0.4991379012428801,0.5179957729056749,0.0,0.0,0.0,0.0,0.271690772480518,0.0395343349301637,0.0,0.0
0.0,0.0,0.0,0.0,0.0,0.0,0.0,0.0,0.0,0.0,0.0,0.0,0.0,0.0,0.0,0.0,0.0,0.5420085882022967,0.0,0.0,0.0,0.4976202526208938,0.0,0.3912044313205753,0.0,0.0,0.0,0.0,0.0,0.0,0.0,0.0,0.0,0.3963018437886304,0.0,0.0,0.0,0.0,0.0,0.0,0.0,0.0,0.0,0.0,0.0,0.0,0.0,0.0,0.5455010767331422,0.0,0.0,0.0,0.0,0.0,0.0,0.4766531504812131,0.0,0.0,0.7640550980697504,0.6184953403587874,0.0,0.6211597790081607,0.0,0.7428750404966998,0.5616073439049177,0.0679213075011764,0.8089795151036849,0.667635047747907,0.0,0.0,0.0,0.0,0.2463782009889845,0.3307162497806472,0.8310652183655624,0.6093893830582235,0.2675795521346298,0.1801494527095641,0.2875100354424059,0.7160213690486618,0.3888576645281082,0.811734855310361,0.6039460456035438,0.4303110855635303,0.1438045063984612,0.3181620654031341,0.9999999999999998,0.7458808756239708,0.7528377709558337,0.8829477802415172,0.83351462431437,0.7804157548088169,-0.126070967612098,-0.1285355105203599,-0.0062076790819302,-0.1313819623909426,-0.3585177784259898,0.2135645660362387,0.8724442856925574,0.0706464052933322,0.8173834851037458,0.0,0.4424854068765588,0.1315433426312038,0.2474453244362228,-0.1844199956302492,0.1485079265434995,0.5746261468125118,0.0,0.0,0.0,0.0,0.0541813410626891,0.3758899692665106,0.0,0.0
0.0,0.0,0.0,0.0,0.0,0.0,0.0,0.0,0.0,0.0,0.0,0.0,0.0,0.0,0.0,0.0,0.0,0.4403993915239847,0.0,0.0,0.0,0.4388894595586488,0.0,0.2967111933098898,0.0,0.0,0.0,0.0,0.0,0.0,0.0,0.0,0.0,0.2860599135480769,0.0,0.0,0.0,0.0,0.0,0.0,0.0,0.0,0.0,0.0,0.0,0.0,0.0,0.0,0.3877967284135704,0.0,0.0,0.0,0.0,0.0,0.0,0.3737281885550411,0.0,0.0,0.8640978189277978,0.6880808960167246,0.0,0.783277352547378,0.0,0.5791931871466047,0.5889672203155133,0.0336094188085514,0.4617828539206934,0.6117980837271352,0.0,0.0,0.0,0.0,0.2164305671905247,0.229679398726165,0.6647297953943327,0.4149017471434697,0.3451220096071306,0.0284061157549652,0.2104125634706152,0.7240323728688227,0.6608869527098141,0.6429749954550946,0.7943489876021587,0.7059860210567895,0.3981353237122079,0.2166650439117658,0.7458808756239708,1.0,0.8917320137044698,0.4889840429659539,0.8588236021419682,0.7637837215970931,-0.3337976424320523,0.0958072964374873,-0.1414437452803827,-0.0851364620738321,-0.3771372102553749,0.216679289235245,0.548426463622017,-0.1566723851289607,0.5242805767106655,0.0,0.5589304790803926,0.1201927685521166,0.0743838299651731,-0.1221185763893153,0.0682028197014118,0.4055547214766115,0.0,0.0,0.0,0.0,-0.0173197079510357,0.2252471434730981,0.0,0.0
0.0,0.0,0.0,0.0,0.0,0.0,0.0,0.0,0.0,0.0,0.0,0.0,0.0,0.0,0.0,0.0,0.0,0.508457947559655,0.0,0.0,0.0,0.4658013547198905,0.0,0.3077168023784444,0.0,0.0,0.0,0.0,0.0,0.0,0.0,0.0,0.0,0.362444570330955,0.0,0.0,0.0,0.0,0.0,0.0,0.0,0.0,0.0,0.0,0.0,0.0,0.0,0.0,0.4041724975055801,0.0,0.0,0.0,0.0,0.0,0.0,0.3978485664778076,0.0,0.0,0.899372976359222,0.7513219791911676,0.0,0.8248977076888855,0.0,0.543661837336364,0.6323954452281203,0.1309326435347699,0.4277658069789598,0.5594593403978559,0.0,0.0,0.0,0.0,0.2111324883586316,0.2003320094962296,0.6748343708462455,0.431234035450354,0.3235529994908742,0.1189875954076992,0.2039065810853143,0.698175396828396,0.6928149894384816,0.6279877551624734,0.8458226097243274,0.7525400055138362,0.394677294526533,0.2372858716423527,0.7528377709558337,0.8917320137044698,1.0,0.5049230373199831,0.927596650268515,0.7120269192617774,-0.247286248284139,0.0841304309626402,-0.0996316742589327,-0.0637081272153531,-0.3598186930375214,0.2062069029967743,0.5359381207364343,-0.0470797860081061,0.5613029392101343,0.0,0.599711384869489,0.1070962515298178,0.1196992211191518,-0.1548402624966724,-0.0010655627034887,0.3204994479631119,0.0,0.0,0.0,0.0,0.0146622860558091,0.2583852455010974,0.0,0.0
0.0,0.0,0.0,0.0,0.0,0.0,0.0,0.0,0.0,0.0,0.0,0.0,0.0,0.0,0.0,0.0,0.0,0.5191883251082546,0.0,0.0,0.0,0.4538218320228782,0.0,0.4610091297260681,0.0,0.0,0.0,0.0,0.0,0.0,0.0,0.0,0.0,0.4405901023308388,0.0,0.0,0.0,0.0,0.0,0.0,0.0,0.0,0.0,0.0,0.0,0.0,0.0,0.0,0.5918404167530528,0.0,0.0,0.0,0.0,0.0,0.0,0.3916217877271045,0.0,0.0,0.51610593247322,0.4899085358522184,0.0,0.3475165225151163,0.0,0.6514119103926105,0.4378904165960899,0.0573703193329443,0.8105233379766339,0.6078416393870772,0.0,0.0,0.0,0.0,0.129354888562195,0.4034408067072181,0.7551289341444799,0.5798253850623173,0.2114222319850085,0.120414134942496,0.3098813211448074,0.5247645343532533,0.2096983195006445,0.6864393014733945,0.3539872735640095,0.1803124245011738,-0.0229759292313484,0.1859970634320946,0.8829477802415172,0.488984042965954,0.5049230373199831,1.0,0.6366758487734839,0.6743034407246369,-0.0677872070896004,-0.2433896836393601,-0.0318809996026874,-0.2193574870190321,-0.3579678583405325,0.3569811111365659,0.8640794138042304,0.0826085043391266,0.8009670128129697,0.0,0.3287660751661186,0.2331868426756207,0.4536832470360327,-0.2349088239079472,0.0949650203921489,0.4988246923383494,0.0,0.0,0.0,0.0,0.0017506205905078,0.3841265934965408,0.0,0.0
0.0,0.0,0.0,0.0,0.0,0.0,0.0,0.0,0.0,0.0,0.0,0.0,0.0,0.0,0.0,0.0,0.0,0.4680398076005803,0.0,0.0,0.0,0.4575734991799579,0.0,0.2999511358218194,0.0,0.0,0.0,0.0,0.0,0.0,0.0,0.0,0.0,0.2954298768536374,0.0,0.0,0.0,0.0,0.0,0.0,0.0,0.0,0.0,0.0,0.0,0.0,0.0,0.0,0.4366742024058014,0.0,0.0,0.0,0.0,0.0,0.0,0.3730420833603497,0.0,0.0,0.8967063814688543,0.7555153094208709,0.0,0.8269635065270338,0.0,0.7273886249826556,0.6482973360543254,0.1036008842015967,0.569031720094027,0.5678864121051196,0.0,0.0,0.0,0.0,0.3005705368052168,0.2061306746239895,0.6757612728418257,0.4588461721845867,0.4613515723526914,0.1332042387041417,0.2763756433922015,0.6812492453923473,0.5641877692234253,0.6564111273223325,0.7726074669176385,0.7294917123632635,0.392073494671996,0.3353537677563073,0.83351462431437,0.8588236021419682,0.927596650268515,0.6366758487734838,1.0,0.6960036051253087,-0.2143939643810098,0.1329503551101514,0.0289705428035117,-0.0461144679515068,-0.2941548427922456,0.3218722046214076,0.6925912637386713,0.040429725250423,0.71352367822975,0.0,0.586497543278192,0.0358256535695818,0.1105010928185949,-0.2485357376325398,0.0063515030708078,0.3971885867213938,0.0,0.0,0.0,0.0,0.0859305867097429,0.3578437808927062,0.0,0.0
0.0,0.0,0.0,0.0,0.0,0.0,0.0,0.0,0.0,0.0,0.0,0.0,0.0,0.0,0.0,0.0,0.0,0.5384084226085672,0.0,0.0,0.0,0.4068537392724503,0.0,0.3638706152859978,0.0,0.0,0.0,0.0,0.0,0.0,0.0,0.0,0.0,0.3966869561730436,0.0,0.0,0.0,0.0,0.0,0.0,0.0,0.0,0.0,0.0,0.0,0.0,0.0,0.0,0.462588221542956,0.0,0.0,0.0,0.0,0.0,0.0,0.4731239417221489,0.0,0.0,0.656155773994374,0.688491621063297,0.0,0.6699262485103109,0.0,0.6311924788534913,0.5965205331435269,0.1058850121390312,0.6100659182439593,0.7134339353760809,0.0,0.0,0.0,0.0,0.1246606527921572,0.5636997665814989,0.896698122717683,0.7320970168218822,0.2347108569498961,0.0257836095136025,0.2817668608949759,0.8486723834014318,0.6585257350920685,0.8296345458032875,0.6474861288622605,0.4735230836391227,0.2801186903728354,0.229556730422188,0.7804157548088169,0.7637837215970931,0.7120269192617775,0.6743034407246369,0.6960036051253087,1.0,-0.1602821151944476,-0.0206639363044442,-0.2488274376897148,-0.1368164917118706,-0.4791230227740086,0.212471912012992,0.6195925444515352,-0.1732636305857396,0.615236821203982,0.0,0.5119362567177057,0.3345060785508295,0.3895632077948375,-0.0818834554303533,0.2065916742982589,0.5469425592705074,0.0,0.0,0.0,0.0,-0.0512193555337374,0.3933717515807416,0.0,0.0
0.0,0.0,0.0,0.0,0.0,0.0,0.0,0.0,0.0,0.0,0.0,0.0,0.0,0.0,0.0,0.0,0.0,-0.1268598761614001,0.0,0.0,0.0,-0.1012046489422044,0.0,-0.1784413062159341,0.0,0.0,0.0,0.0,0.0,0.0,0.0,0.0,0.0,-0.1668643683317646,0.0,0.0,0.0,0.0,0.0,0.0,0.0,0.0,0.0,0.0,0.0,0.0,0.0,0.0,-0.0733662815943538,0.0,0.0,0.0,0.0,0.0,0.0,-0.0099384780791531,0.0,0.0,-0.0644269903858109,-0.0250895308995925,0.0,0.016451308926286,0.0,0.0041181622785218,-0.0480815657969977,0.271134153111814,-0.0170614337287851,-0.0353625540021155,0.0,0.0,0.0,0.0,0.0064917613010884,0.2076518590724503,0.0018678894819609,0.1147894452922523,0.0964039226452764,-0.0680292716775552,-0.0639206618419602,0.0731278868011466,-0.1244473273298842,0.0797587948987461,-0.027111782041852,-0.3643167452240596,-0.0355110135286483,0.2018492396630337,-0.126070967612098,-0.3337976424320523,-0.247286248284139,-0.0677872070896004,-0.2143939643810098,-0.1602821151944476,1.0,0.1141849185100568,0.0781787978147913,0.2957396060542782,0.1535369955888989,0.0447607186580967,-0.0736879065218111,0.221118311982697,-0.0275549955484872,0.0,-0.0612772289749405,0.1670172994396507,0.1397042179888575,0.063072463986745,0.2940478647201871,0.3276531418827729,0.0,0.0,0.0,0.0,0.2374791068378796,0.3187304273060001,0.0,0.0
0.0,0.0,0.0,0.0,0.0,0.0,0.0,0.0,0.0,0.0,0.0,0.0,0.0,0.0,0.0,0.0,0.0,-0.1713879274866062,0.0,0.0,0.0,-0.2561569655471275,0.0,-0.1907286741919649,0.0,0.0,0.0,0.0,0.0,0.0,0.0,0.0,0.0,-0.2514536835034645,0.0,0.0,0.0,0.0,0.0,0.0,0.0,0.0,0.0,0.0,0.0,0.0,0.0,0.0,-0.3157490605151875,0.0,0.0,0.0,0.0,0.0,0.0,-0.0076870140829767,0.0,0.0,0.1065463111176804,0.1890419540398314,0.0,0.332738687772116,0.0,0.181107336715738,0.2402776251381544,0.2600217472159174,-0.0774497394360818,-0.1613774277402519,0.0,0.0,0.0,0.0,0.4603708988328899,0.1936301126570724,-0.1103595475031377,0.0609948935278593,0.2790633910410128,-0.0001821686339534,-0.427713218607233,0.2331067142543313,0.1839253623285446,-0.0369001326281815,0.2287845641057662,0.1410859818698989,0.3792707607530176,0.486998706415532,-0.1285355105203599,0.0958072964374873,0.0841304309626402,-0.2433896836393601,0.1329503551101514,-0.0206639363044442,0.1141849185100569,1.0,0.3733645888332053,0.5771643365520406,0.3843217368361441,0.1278129882010213,-0.101741290581654,0.2104958758788319,-0.0480055127553609,0.0,0.1918220835135571,-0.0611998727763607,-0.1830166250077318,0.1547282208574647,0.2649847148649272,0.276932610856384,0.0,0.0,0.0,0.0,0.0416447097967208,-0.1378693957439906,0.0,0.0
0.0,0.0,0.0,0.0,0.0,0.0,0.0,0.0,0.0,0.0,0.0,0.0,0.0,0.0,0.0,0.0,0.0,-0.3101949174308741,0.0,0.0,0.0,-0.1823421668080689,0.0,-0.211983612088733,0.0,0.0,0.0,0.0,0.0,0.0,0.0,0.0,0.0,-0.3307745505467193,0.0,0.0,0.0,0.0,0.0,0.0,0.0,0.0,0.0,0.0,0.0,0.0,0.0,0.0,-0.0996126030250446,0.0,0.0,0.0,0.0,0.0,0.0,0.0123757026226102,0.0,0.0,-0.0333021717193347,-0.1369453938011787,0.0,0.0632559374042585,0.0,0.2205660935168993,0.083505564278706,0.2594527234247256,0.0932981427390838,-0.3364377887600329,0.0,0.0,0.0,0.0,0.5630977904353182,-0.2690617233814594,-0.275888842514966,-0.0580533760274598,0.3548991872727472,0.3478351752973249,-0.1907286327381442,-0.1202937104566959,-0.2251914702134071,-0.022634067885586,0.0349377622830503,-0.0084877916768321,0.0844825401070915,0.5981816981778015,-0.0062076790819302,-0.1414437452803827,-0.0996316742589327,-0.0318809996026874,0.0289705428035117,-0.2488274376897148,0.0781787978147913,0.3733645888332052,1.0,0.4163802066177251,0.6027950939163036,0.1158734660467487,0.0651407049285294,0.4934310883384003,0.0631970530316972,0.0,-0.0422659226938964,-0.3563479542873016,-0.2507987729957143,-0.0400147279676133,0.2787428619312998,0.1241141884323655,0.0,0.0,0.0,0.0,0.257486373428944,-0.0716986030357613,0.0,0.0
0.0,0.0,0.0,0.0,0.0,0.0,0.0,0.0,0.0,0.0,0.0,0.0,0.0,0.0,0.0,0.0,0.0,-0.1391296996403445,0.0,0.0,0.0,-0.1311805682128514,0.0,0.0089817546764065,0.0,0.0,0.0,0.0,0.0,0.0,0.0,0.0,0.0,-0.0902460502816936,0.0,0.0,0.0,0.0,0.0,0.0,0.0,0.0,0.0,0.0,0.0,0.0,0.0,0.0,-0.1495363506870034,0.0,0.0,0.0,0.0,0.0,0.0,-0.1174232179566097,0.0,0.0,-0.0600254419794023,0.128905548547569,0.0,0.1743365966901873,0.0,0.030005358189869,0.2372997286600538,0.1173801906712377,-0.0026112718794678,-0.1255542025107968,0.0,0.0,0.0,0.0,0.6293519216398566,0.2398424674560367,-0.1245150283853133,0.0868410446123079,0.3348551070758981,-0.0536462628880368,-0.2685868780894856,0.1515364074866494,0.0198624944207904,-0.0348072657928591,0.0051736519423619,-0.0723196960631225,0.1874226143203064,0.3420816505292253,-0.1313819623909426,-0.0851364620738321,-0.0637081272153531,-0.2193574870190321,-0.0461144679515068,-0.1368164917118706,0.2957396060542782,0.5771643365520406,0.4163802066177251,1.0,0.3646298764218608,-0.1004751966352459,-0.1768668522402023,0.4179643532864933,-0.1376706371236723,0.0,0.1221547407670309,-0.0760407882055733,-0.1198107677243797,0.5315917430914061,0.1523821690577433,0.2450227185886236,0.0,0.0,0.0,0.0,0.0570013536780177,0.0582720707665412,0.0,0.0
0.0,0.0,0.0,0.0,0.0,0.0,0.0,0.0,0.0,0.0,0.0,0.0,0.0,0.0,0.0,0.0,0.0,-0.5345387308468816,0.0,0.0,0.0,-0.3537275649687724,0.0,-0.3160620157896155,0.0,0.0,0.0,0.0,0.0,0.0,0.0,0.0,0.0,-0.4763239225418477,0.0,0.0,0.0,0.0,0.0,0.0,0.0,0.0,0.0,0.0,0.0,0.0,0.0,0.0,-0.4094372172813643,0.0,0.0,0.0,0.0,0.0,0.0,-0.248413696259232,0.0,0.0,-0.3209154831279251,-0.3804375387297942,0.0,-0.1831029154067981,0.0,-0.0336286376482186,-0.1057058386114472,0.0608845654423718,-0.2693612637702006,-0.6620600479707801,0.0,0.0,0.0,0.0,0.3124221632373749,-0.348503999860405,-0.508969227549816,-0.3937577160876296,0.1895170175298193,0.1276988045265562,-0.3271443327453565,-0.2654075827613088,-0.4292307602890959,-0.3814326815015889,-0.250611836188829,-0.2791818396771954,0.0459159679264022,0.4427265616495474,-0.3585177784259898,-0.3771372102553749,-0.3598186930375214,-0.3579678583405325,-0.2941548427922457,-0.4791230227740086,0.1535369955888989,0.3843217368361441,0.6027950939163035,0.3646298764218608,1.0,-0.1160728594522578,-0.3455983302368632,0.5234574975495098,-0.2480804311453659,0.0,-0.2420260368730541,-0.1007474730077007,-0.2646781263234166,0.1307328246279407,0.1401574737675268,-0.0969776673675453,0.0,0.0,0.0,0.0,0.0196253542067384,-0.2170828354996102,0.0,0.0
0.0,0.0,0.0,0.0,0.0,0.0,0.0,0.0,0.0,0.0,0.0,0.0,0.0,0.0,0.0,0.0,0.0,0.0877198221774767,0.0,0.0,0.0,0.0263946970071878,0.0,0.0158170242589779,0.0,0.0,0.0,0.0,0.0,0.0,0.0,0.0,0.0,-0.014346878692523,0.0,0.0,0.0,0.0,0.0,0.0,0.0,0.0,0.0,0.0,0.0,0.0,0.0,0.0,0.1606681000333998,0.0,0.0,0.0,0.0,0.0,0.0,0.0196860590905361,0.0,0.0,0.3751766181962256,0.3810429407521317,0.0,0.3224336273407811,0.0,0.381762236230403,0.3572269030077646,0.2761860524707094,0.3401961553663341,0.1638548961842985,0.0,0.0,0.0,0.0,0.2505850321419539,0.2687776750448788,0.2143116938564865,0.2341956376079649,0.4500855989182586,0.140923853195847,0.1672104808583381,0.1586715336904031,0.1209594884684906,0.1691254862144202,0.2067539212549894,0.2178909609224325,0.2740964497975116,0.1424627235864841,0.2135645660362387,0.2166792892352451,0.2062069029967743,0.3569811111365659,0.3218722046214076,0.212471912012992,0.0447607186580967,0.1278129882010212,0.1158734660467487,-0.1004751966352459,-0.1160728594522578,1.0,0.364348877477718,0.0543426797706354,0.4398811702627436,0.0,0.3531195227570394,0.2005490103487372,0.2590594887965816,-0.3886530488160329,0.1332700793062819,0.1757499311529536,0.0,0.0,0.0,0.0,-0.0409899062829978,0.0733145178292274,0.0,0.0
0.0,0.0,0.0,0.0,0.0,0.0,0.0,0.0,0.0,0.0,0.0,0.0,0.0,0.0,0.0,0.0,0.0,0.4247598740165569,0.0,0.0,0.0,0.3499495161307563,0.0,0.2234350674003703,0.0,0.0,0.0,0.0,0.0,0.0,0.0,0.0,0.0,0.3287537135066062,0.0,0.0,0.0,0.0,0.0,0.0,0.0,0.0,0.0,0.0,0.0,0.0,0.0,0.0,0.3681241392068849,0.0,0.0,0.0,0.0,0.0,0.0,0.300537179090833,0.0,0.0,0.6168105411102661,0.5511670400506492,0.0,0.4926030069453168,0.0,0.7523481511049881,0.4490069634644225,0.1455622661521441,0.8895984098289494,0.6169851984134593,0.0,0.0,0.0,0.0,0.3232308686020665,0.4130648801317356,0.6964768887070075,0.5172674177594231,0.3581553682166292,0.1473846966809429,0.2286128491288847,0.5710750626243514,0.2293745946205525,0.6293038124733183,0.4362181458687363,0.3025157256155174,0.0660893955981637,0.3097790390685308,0.8724442856925573,0.5484264636220171,0.5359381207364343,0.8640794138042304,0.6925912637386714,0.6195925444515352,-0.0736879065218111,-0.101741290581654,0.0651407049285294,-0.1768668522402023,-0.3455983302368632,0.364348877477718,1.0,0.1941636968858463,0.8472699926956117,0.0,0.3580785036151067,0.1031563600884664,0.3288670632844692,-0.321279456708789,0.1573339108860814,0.5768365362779068,0.0,0.0,0.0,0.0,-0.0629171221596883,0.3289475774381221,0.0,0.0
0.0,0.0,0.0,0.0,0.0,0.0,0.0,0.0,0.0,0.0,0.0,0.0,0.0,0.0,0.0,0.0,0.0,-0.1199574648173207,0.0,0.0,0.0,-0.0522993145967571,0.0,-0.1157773039684909,0.0,0.0,0.0,0.0,0.0,0.0,0.0,0.0,0.0,-0.1574579578062003,0.0,0.0,0.0,0.0,0.0,0.0,0.0,0.0,0.0,0.0,0.0,0.0,0.0,0.0,-0.0971218213572751,0.0,0.0,0.0,0.0,0.0,0.0,-0.1217188003214828,0.0,0.0,-0.0300921556891323,-0.0032276236756919,0.0,0.0948878756540502,0.0,0.1860915934591963,0.2562682643058293,0.1892905794736412,0.2615623060028297,-0.3040475358369542,0.0,0.0,0.0,0.0,0.6664376213263086,0.1031446870595484,-0.13792146061002,-0.0825668667145957,0.5104762580141938,0.1410567568316564,-0.1896028396412959,0.0032386607786347,-0.100189371021763,-0.1038086972067679,0.0541793262145693,0.0182893922009657,0.1460048273233107,0.4351244601758129,0.0706464052933322,-0.1566723851289607,-0.0470797860081061,0.0826085043391266,0.040429725250423,-0.1732636305857396,0.221118311982697,0.2104958758788319,0.4934310883384002,0.4179643532864933,0.5234574975495098,0.0543426797706354,0.1941636968858464,0.9999999999999998,0.245420189272042,0.0,0.0505802643497718,0.0650037052630913,0.230502068743273,0.1118561799889206,0.0055194695428173,0.1267651844046301,0.0,0.0,0.0,0.0,-0.0015925669966101,0.1388690220439155,0.0,0.0
0.0,0.0,0.0,0.0,0.0,0.0,0.0,0.0,0.0,0.0,0.0,0.0,0.0,0.0,0.0,0.0,0.0,0.4666754531734541,0.0,0.0,0.0,0.3569735509814025,0.0,0.1989128469227487,0.0,0.0,0.0,0.0,0.0,0.0,0.0,0.0,0.0,0.2821510427951558,0.0,0.0,0.0,0.0,0.0,0.0,0.0,0.0,0.0,0.0,0.0,0.0,0.0,0.0,0.3746379986433248,0.0,0.0,0.0,0.0,0.0,0.0,0.2313665519530523,0.0,0.0,0.659720630881864,0.5523471434932523,0.0,0.5485867179767681,0.0,0.7001679835144957,0.6159240980754472,0.2505397451756988,0.8058376019161823,0.5698689890525904,0.0,0.0,0.0,0.0,0.3540228227752812,0.3873926950073519,0.6998559482491294,0.4645246410951953,0.3520009065957831,0.0197435525535762,0.2177440156454081,0.5701498806893402,0.3372317521874429,0.5813469418459222,0.456685101025593,0.4450409858807747,0.3569360794680802,0.2417205275128624,0.8173834851037458,0.5242805767106654,0.5613029392101343,0.8009670128129697,0.71352367822975,0.615236821203982,-0.0275549955484872,-0.0480055127553609,0.0631970530316972,-0.1376706371236723,-0.2480804311453659,0.4398811702627435,0.8472699926956117,0.245420189272042,1.0,0.0,0.6121951913389445,0.3284745647218066,0.3938546273430192,-0.2862529524562451,0.0085611890483031,0.4427695524739287,0.0,0.0,0.0,0.0,-0.0727416142244234,0.4010513362975185,0.0,0.0
0.0,0.0,0.0,0.0,0.0,0.0,0.0,0.0,0.0,0.0,0.0,0.0,0.0,0.0,0.0,0.0,0.0,0.0,0.0,0.0,0.0,0.0,0.0,0.0,0.0,0.0,0.0,0.0,0.0,0.0,0.0,0.0,0.0,0.0,0.0,0.0,0.0,0.0,0.0,0.0,0.0,0.0,0.0,0.0,0.0,0.0,0.0,0.0,0.0,0.0,0.0,0.0,0.0,0.0,0.0,0.0,0.0,0.0,0.0,0.0,0.0,0.0,0.0,0.0,0.0,0.0,0.0,0.0,0.0,0.0,0.0,0.0,0.0,0.0,0.0,0.0,0.0,0.0,0.0,0.0,0.0,0.0,0.0,0.0,0.0,0.0,0.0,0.0,0.0,0.0,0.0,0.0,0.0,0.0,0.0,0.0,0.0,0.0,0.0,0.0,0.0,0.0,0.0,0.0,0.0,0.0,0.0,0.0,0.0,0.0,0.0,0.0,0.0,0.0,0.0,0.0
0.0,0.0,0.0,0.0,0.0,0.0,0.0,0.0,0.0,0.0,0.0,0.0,0.0,0.0,0.0,0.0,0.0,0.2944317297685338,0.0,0.0,0.0,0.3206845181280644,0.0,0.069978710364165,0.0,0.0,0.0,0.0,0.0,0.0,0.0,0.0,0.0,0.2479234263933396,0.0,0.0,0.0,0.0,0.0,0.0,0.0,0.0,0.0,0.0,0.0,0.0,0.0,0.0,0.1260776953972885,0.0,0.0,0.0,0.0,0.0,0.0,0.1715700959157189,0.0,0.0,0.6336851879072375,0.4897106044141436,0.0,0.6135300614418353,0.0,0.4300522471587184,0.6934959023531471,0.3091388708232712,0.3879854750204963,0.4085966105320935,0.0,0.0,0.0,0.0,0.3659112706114488,0.3097364509673057,0.4285039539566482,0.4099832205014986,0.3825500260426439,-0.0677592880969489,0.1069460113816127,0.5267285774770121,0.5643969671649692,0.4116966887370323,0.5007261343674062,0.5537548106295773,0.7561169518335623,0.1200488093166798,0.4424854068765589,0.5589304790803927,0.5997113848694889,0.3287660751661186,0.586497543278192,0.5119362567177056,-0.0612772289749405,0.1918220835135571,-0.0422659226938964,0.1221547407670309,-0.2420260368730541,0.3531195227570394,0.3580785036151067,0.0505802643497718,0.6121951913389446,0.0,0.9999999999999998,0.4539361133492554,0.2095729834172318,-0.0710147726293879,0.0035895843657934,0.2564579394384542,0.0,0.0,0.0,0.0,-0.1406638751902826,0.2883606329783462,0.0,0.0
0.0,0.0,0.0,0.0,0.0,0.0,0.0,0.0,0.0,0.0,0.0,0.0,0.0,0.0,0.0,0.0,0.0,0.1397200354134119,0.0,0.0,0.0,0.0817230221466702,0.0,0.0322109354156564,0.0,0.0,0.0,0.0,0.0,0.0,0.0,0.0,0.0,0.2022936694029782,0.0,0.0,0.0,0.0,0.0,0.0,0.0,0.0,0.0,0.0,0.0,0.0,0.0,0.0,0.0039687579883468,0.0,0.0,0.0,0.0,0.0,0.0,-0.054667041579002,0.0,0.0,0.1096602642525862,0.1923620710864666,0.0,0.1226464898036198,0.0,0.0002765395528035,0.3705936404857551,0.3765113680792679,0.2220113448194165,0.3090666063487173,0.0,0.0,0.0,0.0,0.0074827087194467,0.4302130149117193,0.3594480224488691,0.195880739619872,0.0303077256818695,-0.2409890941046971,-0.2681868150008833,0.2324637579025435,0.3506395356168998,0.1769079473851009,0.1373931127533567,-0.0602600374414446,0.3198472829957858,-0.1142369622213547,0.1315433426312038,0.1201927685521166,0.1070962515298178,0.2331868426756207,0.0358256535695818,0.3345060785508295,0.1670172994396507,-0.0611998727763606,-0.3563479542873016,-0.0760407882055733,-0.1007474730077007,0.2005490103487372,0.1031563600884664,0.0650037052630913,0.3284745647218066,0.0,0.4539361133492554,1.0,0.6480019132705864,-0.0358229959400233,-0.0476174546475794,0.2209945547310896,0.0,0.0,0.0,0.0,-0.329444687669061,0.1309298347728246,0.0,0.0
0.0,0.0,0.0,0.0,0.0,0.0,0.0,0.0,0.0,0.0,0.0,0.0,0.0,0.0,0.0,0.0,0.0,0.3451323065505026,0.0,0.0,0.0,0.2097045527495357,0.0,0.3356933026099143,0.0,0.0,0.0,0.0,0.0,0.0,0.0,0.0,0.0,0.3190691258143768,0.0,0.0,0.0,0.0,0.0,0.0,0.0,0.0,0.0,0.0,0.0,0.0,0.0,0.0,0.3211666048809701,0.0,0.0,0.0,0.0,0.0,0.0,0.0753838900038871,0.0,0.0,0.0880976793620733,0.3771232966803445,0.0,0.1162350132731068,0.0,0.1292101081822412,0.3736644633671898,0.2534212237626307,0.4202424492615321,0.3698403148591855,0.0,0.0,0.0,0.0,0.0570427940509208,0.6124604653190102,0.4731008036992643,0.2799511605386927,0.1603567019103641,-0.1590962635096098,0.0014079056751016,0.2193279342676509,0.2918783905935213,0.2302059144560261,0.167245652747441,-0.0205145833159245,0.0118017115228802,-0.083329974773785,0.2474453244362228,0.0743838299651731,0.1196992211191518,0.4536832470360327,0.1105010928185949,0.3895632077948375,0.1397042179888575,-0.1830166250077318,-0.2507987729957143,-0.1198107677243797,-0.2646781263234165,0.2590594887965816,0.3288670632844692,0.230502068743273,0.3938546273430192,0.0,0.2095729834172318,0.6480019132705865,1.0,-0.0858863627807485,-0.1100728357128564,0.2551639448178048,0.0,0.0,0.0,0.0,-0.2320218182792852,0.2889685182418695,0.0,0.0
0.0,0.0,0.0,0.0,0.0,0.0,0.0,0.0,0.0,0.0,0.0,0.0,0.0,0.0,0.0,0.0,0.0,-0.0408282141436766,0.0,0.0,0.0,-0.2763225332966319,0.0,-0.0257730230833394,0.0,0.0,0.0,0.0,0.0,0.0,0.0,0.0,0.0,-0.0180346361136372,0.0,0.0,0.0,0.0,0.0,0.0,0.0,0.0,0.0,0.0,0.0,0.0,0.0,0.0,-0.1636597554547771,0.0,0.0,0.0,0.0,0.0,0.0,-0.1347452779407366,0.0,0.0,-0.260037857112311,-0.1005708518397264,0.0,-0.165845925821902,0.0,-0.2165557751339341,-0.0751444465883891,-0.2677494626132334,-0.1365709011779866,-0.1000290153471273,0.0,0.0,0.0,0.0,0.2048562364284295,0.1757684385409235,-0.0865056894218412,0.1386563637501376,-0.1470595120134855,-0.2334132002162298,-0.0501891968494139,0.0175335944098257,-0.0680057734962587,-0.1731885740990235,-0.1482598461429862,-0.0992080794864297,0.078887623736056,0.0516960037894264,-0.1844199956302492,-0.1221185763893153,-0.1548402624966724,-0.2349088239079472,-0.2485357376325398,-0.0818834554303533,0.063072463986745,0.1547282208574647,-0.0400147279676133,0.5315917430914061,0.1307328246279407,-0.3886530488160329,-0.321279456708789,0.1118561799889206,-0.2862529524562451,0.0,-0.0710147726293879,-0.0358229959400233,-0.0858863627807485,1.0,0.0358175089561204,-0.0843768428137927,0.0,0.0,0.0,0.0,0.2550255847966385,-0.1405267352785832,0.0,0.0
0.0,0.0,0.0,0.0,0.0,0.0,0.0,0.0,0.0,0.0,0.0,0.0,0.0,0.0,0.0,0.0,0.0,-0.0376435636640038,0.0,0.0,0.0,-0.0519284342095931,0.0,-0.1990628422764231,0.0,0.0,0.0,0.0,0.0,0.0,0.0,0.0,0.0,-0.0295764499284008,0.0,0.0,0.0,0.0,0.0,0.0,0.0,0.0,0.0,0.0,0.0,0.0,0.0,0.0,-0.0896832063440603,0.0,0.0,0.0,0.0,0.0,0.0,0.5113782376981483,0.0,0.0,0.0638228878983939,0.0062505207743885,0.0,0.1197952412266351,0.0,0.2378800325569753,0.0375812611543356,0.1280530526817004,0.1353610629647833,0.0144830672690406,0.0,0.0,0.0,0.0,0.1563313507433864,0.3188432215928061,0.1895836354026497,0.426744631217565,0.0866266484593059,0.4396767359075973,-0.0972504885282843,0.2121886202046441,-0.0432771043616255,0.3209825410495771,0.1313281396869501,-0.1387143160840872,0.0151468427712958,0.4991379012428801,0.1485079265434995,0.0682028197014118,-0.0010655627034887,0.0949650203921489,0.0063515030708078,0.2065916742982588,0.2940478647201871,0.2649847148649272,0.2787428619312998,0.1523821690577433,0.1401574737675268,0.1332700793062819,0.1573339108860814,0.0055194695428173,0.0085611890483031,0.0,0.0035895843657934,-0.0476174546475794,-0.1100728357128564,0.0358175089561204,1.0,0.5257938022150239,0.0,0.0,0.0,0.0,0.197831360573156,0.1007590367044045,0.0,0.0
0.0,0.0,0.0,0.0,0.0,0.0,0.0,0.0,0.0,0.0,0.0,0.0,0.0,0.0,0.0,0.0,0.0,0.106345691514377,0.0,0.0,0.0,0.1719891605934135,0.0,0.0367383322291614,0.0,0.0,0.0,0.0,0.0,0.0,0.0,0.0,0.0,0.0688108676848616,0.0,0.0,0.0,0.0,0.0,0.0,0.0,0.0,0.0,0.0,0.0,0.0,0.0,0.0,0.1121655260787655,0.0,0.0,0.0,0.0,0.0,0.0,0.3336030395535947,0.0,0.0,0.4514502423012947,0.4564698511430605,0.0,0.4682162831308942,0.0,0.5056713779946048,0.3524386296656455,0.2802558399304453,0.5731857331207295,0.4248088303596014,0.0,0.0,0.0,0.0,0.3397468797729386,0.5043059686598997,0.6051370507068498,0.5171375827994846,0.3239293996044489,0.1178835731132074,-0.0993992698917005,0.6497656932244471,0.2061906956128849,0.6181838182999093,0.4538119662095629,0.0318046922896844,0.0596788033617413,0.517995772905675,0.5746261468125118,0.4055547214766114,0.3204994479631119,0.4988246923383495,0.3971885867213939,0.5469425592705074,0.3276531418827729,0.276932610856384,0.1241141884323654,0.2450227185886236,-0.0969776673675453,0.1757499311529536,0.5768365362779068,0.1267651844046301,0.4427695524739287,0.0,0.2564579394384542,0.2209945547310896,0.2551639448178048,-0.0843768428137927,0.5257938022150239,1.0,0.0,0.0,0.0,0.0,0.0181370478058696,0.3581211221343686,0.0,0.0
0.0,0.0,0.0,0.0,0.0,0.0,0.0,0.0,0.0,0.0,0.0,0.0,0.0,0.0,0.0,0.0,0.0,0.0,0.0,0.0,0.0,0.0,0.0,0.0,0.0,0.0,0.0,0.0,0.0,0.0,0.0,0.0,0.0,0.0,0.0,0.0,0.0,0.0,0.0,0.0,0.0,0.0,0.0,0.0,0.0,0.0,0.0,0.0,0.0,0.0,0.0,0.0,0.0,0.0,0.0,0.0,0.0,0.0,0.0,0.0,0.0,0.0,0.0,0.0,0.0,0.0,0.0,0.0,0.0,0.0,0.0,0.0,0.0,0.0,0.0,0.0,0.0,0.0,0.0,0.0,0.0,0.0,0.0,0.0,0.0,0.0,0.0,0.0,0.0,0.0,0.0,0.0,0.0,0.0,0.0,0.0,0.0,0.0,0.0,0.0,0.0,0.0,0.0,0.0,0.0,0.0,0.0,0.0,0.0,0.0,0.0,0.0,0.0,0.0,0.0,0.0
0.0,0.0,0.0,0.0,0.0,0.0,0.0,0.0,0.0,0.0,0.0,0.0,0.0,0.0,0.0,0.0,0.0,0.0,0.0,0.0,0.0,0.0,0.0,0.0,0.0,0.0,0.0,0.0,0.0,0.0,0.0,0.0,0.0,0.0,0.0,0.0,0.0,0.0,0.0,0.0,0.0,0.0,0.0,0.0,0.0,0.0,0.0,0.0,0.0,0.0,0.0,0.0,0.0,0.0,0.0,0.0,0.0,0.0,0.0,0.0,0.0,0.0,0.0,0.0,0.0,0.0,0.0,0.0,0.0,0.0,0.0,0.0,0.0,0.0,0.0,0.0,0.0,0.0,0.0,0.0,0.0,0.0,0.0,0.0,0.0,0.0,0.0,0.0,0.0,0.0,0.0,0.0,0.0,0.0,0.0,0.0,0.0,0.0,0.0,0.0,0.0,0.0,0.0,0.0,0.0,0.0,0.0,0.0,0.0,0.0,0.0,0.0,0.0,0.0,0.0,0.0
0.0,0.0,0.0,0.0,0.0,0.0,0.0,0.0,0.0,0.0,0.0,0.0,0.0,0.0,0.0,0.0,0.0,0.0,0.0,0.0,0.0,0.0,0.0,0.0,0.0,0.0,0.0,0.0,0.0,0.0,0.0,0.0,0.0,0.0,0.0,0.0,0.0,0.0,0.0,0.0,0.0,0.0,0.0,0.0,0.0,0.0,0.0,0.0,0.0,0.0,0.0,0.0,0.0,0.0,0.0,0.0,0.0,0.0,0.0,0.0,0.0,0.0,0.0,0.0,0.0,0.0,0.0,0.0,0.0,0.0,0.0,0.0,0.0,0.0,0.0,0.0,0.0,0.0,0.0,0.0,0.0,0.0,0.0,0.0,0.0,0.0,0.0,0.0,0.0,0.0,0.0,0.0,0.0,0.0,0.0,0.0,0.0,0.0,0.0,0.0,0.0,0.0,0.0,0.0,0.0,0.0,0.0,0.0,0.0,0.0,0.0,0.0,0.0,0.0,0.0,0.0
0.0,0.0,0.0,0.0,0.0,0.0,0.0,0.0,0.0,0.0,0.0,0.0,0.0,0.0,0.0,0.0,0.0,0.0,0.0,0.0,0.0,0.0,0.0,0.0,0.0,0.0,0.0,0.0,0.0,0.0,0.0,0.0,0.0,0.0,0.0,0.0,0.0,0.0,0.0,0.0,0.0,0.0,0.0,0.0,0.0,0.0,0.0,0.0,0.0,0.0,0.0,0.0,0.0,0.0,0.0,0.0,0.0,0.0,0.0,0.0,0.0,0.0,0.0,0.0,0.0,0.0,0.0,0.0,0.0,0.0,0.0,0.0,0.0,0.0,0.0,0.0,0.0,0.0,0.0,0.0,0.0,0.0,0.0,0.0,0.0,0.0,0.0,0.0,0.0,0.0,0.0,0.0,0.0,0.0,0.0,0.0,0.0,0.0,0.0,0.0,0.0,0.0,0.0,0.0,0.0,0.0,0.0,0.0,0.0,0.0,0.0,0.0,0.0,0.0,0.0,0.0
0.0,0.0,0.0,0.0,0.0,0.0,0.0,0.0,0.0,0.0,0.0,0.0,0.0,0.0,0.0,0.0,0.0,-0.1059216559588768,0.0,0.0,0.0,-0.1034927700542233,0.0,-0.1435983946443886,0.0,0.0,0.0,0.0,0.0,0.0,0.0,0.0,0.0,-0.2951756810399491,0.0,0.0,0.0,0.0,0.0,0.0,0.0,0.0,0.0,0.0,0.0,0.0,0.0,0.0,0.143352299522927,0.0,0.0,0.0,0.0,0.0,0.0,0.1795189738085706,0.0,0.0,-0.0015979430887584,-0.1020088107084198,0.0,-0.011695989907745,0.0,0.0687614954390966,-0.1721743628574383,-0.030147403784362,-0.0274750315299406,-0.0925291323194369,0.0,0.0,0.0,0.0,-0.0559323151328315,-0.201779455477969,-0.053700621646018,0.1384966190146916,-0.0233179469365847,0.1113983257882851,0.1697426360901694,-0.0570978464951661,-0.1814394032265295,0.0920119663444782,0.0662529023117215,0.0251304915109973,0.0426022921568624,0.271690772480518,0.0541813410626891,-0.0173197079510357,0.0146622860558091,0.0017506205905078,0.0859305867097429,-0.0512193555337374,0.2374791068378797,0.0416447097967208,0.257486373428944,0.0570013536780177,0.0196253542067384,-0.0409899062829978,-0.0629171221596883,-0.0015925669966101,-0.0727416142244234,0.0,-0.1406638751902826,-0.329444687669061,-0.2320218182792852,0.2550255847966385,0.1978313605731561,0.0181370478058696,0.0,0.0,0.0,0.0,1.0,0.11472032736766,0.0,0.0
0.0,0.0,0.0,0.0,0.0,0.0,0.0,0.0,0.0,0.0,0.0,0.0,0.0,0.0,0.0,0.0,0.0,0.1796161107469581,0.0,0.0,0.0,0.4704483001853652,0.0,0.0814918049530249,0.0,0.0,0.0,0.0,0.0,0.0,0.0,0.0,0.0,0.2281512551507223,0.0,0.0,0.0,0.0,0.0,0.0,0.0,0.0,0.0,0.0,0.0,0.0,0.0,0.0,0.2519590501462252,0.0,0.0,0.0,0.0,0.0,0.0,0.1689749116664095,0.0,0.0,0.3123280681817666,0.4131887063014771,0.0,0.3367109742416125,0.0,0.3821895244736867,0.2445482818922224,0.0127057775190514,0.248927437677931,0.347763071545047,0.0,0.0,0.0,0.0,0.0092603129627401,0.3912701634061418,0.4505922531640355,0.4118024033949489,0.4464142454445641,-0.0055905626792795,0.4399143282476572,0.3618994894282515,0.2517531951310084,0.4994361205340108,0.2966535930418777,0.2025097287416245,0.0272796519537074,0.0395343349301637,0.3758899692665105,0.2252471434730981,0.2583852455010974,0.3841265934965409,0.3578437808927062,0.3933717515807416,0.3187304273060001,-0.1378693957439906,-0.0716986030357613,0.0582720707665412,-0.2170828354996102,0.0733145178292274,0.3289475774381221,0.1388690220439155,0.4010513362975185,0.0,0.2883606329783462,0.1309298347728246,0.2889685182418695,-0.1405267352785832,0.1007590367044045,0.3581211221343686,0.0,0.0,0.0,0.0,0.11472032736766,1.0,0.0,0.0
0.0,0.0,0.0,0.0,0.0,0.0,0.0,0.0,0.0,0.0,0.0,0.0,0.0,0.0,0.0,0.0,0.0,0.0,0.0,0.0,0.0,0.0,0.0,0.0,0.0,0.0,0.0,0.0,0.0,0.0,0.0,0.0,0.0,0.0,0.0,0.0,0.0,0.0,0.0,0.0,0.0,0.0,0.0,0.0,0.0,0.0,0.0,0.0,0.0,0.0,0.0,0.0,0.0,0.0,0.0,0.0,0.0,0.0,0.0,0.0,0.0,0.0,0.0,0.0,0.0,0.0,0.0,0.0,0.0,0.0,0.0,0.0,0.0,0.0,0.0,0.0,0.0,0.0,0.0,0.0,0.0,0.0,0.0,0.0,0.0,0.0,0.0,0.0,0.0,0.0,0.0,0.0,0.0,0.0,0.0,0.0,0.0,0.0,0.0,0.0,0.0,0.0,0.0,0.0,0.0,0.0,0.0,0.0,0.0,0.0,0.0,0.0,0.0,0.0,0.0,0.0
0.0,0.0,0.0,0.0,0.0,0.0,0.0,0.0,0.0,0.0,0.0,0.0,0.0,0.0,0.0,0.0,0.0,0.0,0.0,0.0,0.0,0.0,0.0,0.0,0.0,0.0,0.0,0.0,0.0,0.0,0.0,0.0,0.0,0.0,0.0,0.0,0.0,0.0,0.0,0.0,0.0,0.0,0.0,0.0,0.0,0.0,0.0,0.0,0.0,0.0,0.0,0.0,0.0,0.0,0.0,0.0,0.0,0.0,0.0,0.0,0.0,0.0,0.0,0.0,0.0,0.0,0.0,0.0,0.0,0.0,0.0,0.0,0.0,0.0,0.0,0.0,0.0,0.0,0.0,0.0,0.0,0.0,0.0,0.0,0.0,0.0,0.0,0.0,0.0,0.0,0.0,0.0,0.0,0.0,0.0,0.0,0.0,0.0,0.0,0.0,0.0,0.0,0.0,0.0,0.0,0.0,0.0,0.0,0.0,0.0,0.0,0.0,0.0,0.0,0.0,0.0
