,,,,,,,,,,,,,,,,,,,,,,,,,,,,,,,,,,,,,,,,,,,,,,,,,,,,,,,,,,,,,,,,,,,,,,,,,,,,,,,,,,,,,,,,,,,,,,,,,,,,,,,,,,,,,,,,,,,
,,,,,,,,,,,,,,,,,,,,,,,,,,,,,,,,,,,,,,,,,,,,,,,,,,,,,,,,,,,,,,,,,,,,,,,,,,,,,,,,,,,,,,,,,,,,,,,,,,,,,,,,,,,,,,,,,,,
,,,,,,,,,,,,,,,,,,,,,,,,,,,,,,,,,,,,,,,,,,,,,,,,,,,,,,,,,,,,,,,,,,,,,,,,,,,,,,,,,,,,,,,,,,,,,,,,,,,,,,,,,,,,,,,,,,,
,,,,,,,,,,,,,,,,,,,,,,,,,,,,,,,,,,,,,,,,,,,,,,,,,,,,,,,,,,,,,,,,,,,,,,,,,,,,,,,,,,,,,,,,,,,,,,,,,,,,,,,,,,,,,,,,,,,
,,,,,,,,,,,,,,,,,,,,,,,,,,,,,,,,,,,,,,,,,,,,,,,,,,,,,,,,,,,,,,,,,,,,,,,,,,,,,,,,,,,,,,,,,,,,,,,,,,,,,,,,,,,,,,,,,,,
,,,,,,,,,,,,,,,,,,,,,,,,,,,,,,,,,,,,,,,,,,,,,,,,,,,,,,,,,,,,,,,,,,,,,,,,,,,,,,,,,,,,,,,,,,,,,,,,,,,,,,,,,,,,,,,,,,,
,,,,,,,,,,,,,,,,,,,,,,,,,,,,,,,,,,,,,,,,,,,,,,,,,,,,,,,,,,,,,,,,,,,,,,,,,,,,,,,,,,,,,,,,,,,,,,,,,,,,,,,,,,,,,,,,,,,
,,,,,,,,,,,,,,,,,,,,,,,,,,,,,,,,,,,,,,,,,,,,,,,,,,,,,,,,,,,,,,,,,,,,,,,,,,,,,,,,,,,,,,,,,,,,,,,,,,,,,,,,,,,,,,,,,,,
,,,,,,,,,,,,,,,,,,,,,,,,,,,,,,,,,,,,,,,,,,,,,,,,,,,,,,,,,,,,,,,,,,,,,,,,,,,,,,,,,,,,,,,,,,,,,,,,,,,,,,,,,,,,,,,,,,,
,,,,,,,,,,,,,,,,,,,,,,,,,,,,,,,,,,,,,,,,,,,,,,,,,,,,,,,,,,,,,,,,,,,,,,,,,,,,,,,,,,,,,,,,,,,,,,,,,,,,,,,,,,,,,,,,,,,
,,,,,,,,,,,,,,,,,,,,,,,,,,,,,,,,,,,,,,,,,,,,,,,,,,,,,,,,,,,,,,,,,,,,,,,,,,,,,,,,,,,,,,,,,,,,,,,,,,,,,,,,,,,,,,,,,,,
,,,,,,,,,,,,,,,,,,,,,,,,,,,,,,,,,,,,,,,,,,,,,,,,,,,,,,,,,,,,,,,,,,,,,,,,,,,,,,,,,,,,,,,,,,,,,,,,,,,,,,,,,,,,,,,,,,,
,,,,,,,,,,,,,,,,,,,,,,,,,,,,,,,,,,,,,,,,,,,,,,,,,,,,,,,,,,,,,,,,,,,,,,,,,,,,,,,,,,,,,,,,,,,,,,,,,,,,,,,,,,,,,,,,,,,
,,,,,,,,,,,,,,,,,,,,,,,,,,,,,,,,,,,,,,,,,,,,,,,,,,,,,,,,,,,,,,,,,,,,,,,,,,,,,,,,,,,,,,,,,,,,,,,,,,,,,,,,,,,,,,,,,,,
,,,,,,,,,,,,,,,,,,,,,,,,,,,,,,,,,,,,,,,,,,,,,,,,,,,,,,,,,,,,,,,,,,,,,,,,,,,,,,,,,,,,,,,,,,,,,,,,,,,,,,,,,,,,,,,,,,,
,,,,,,,,,,,,,,,,,,,,,,,,,,,,,,,,,,,,,,,,,,,,,,,,,,,,,,,,,,,,,,,,,,,,,,,,,,,,,,,,,,,,,,,,,,,,,,,,,,,,,,,,,,,,,,,,,,,
,,,,,,,,,,,,,,,,,,,,,,,,,,,,,,,,,,,,,,,,,,,,,,,,,,,,,,,,,,,,,,,,,,,,,,,,,,,,,,,,,,,,,,,,,,,,,,,,,,,,,,,,,,,,,,,,,,,
,,,,,,,,,,,,,,,,,1.0,,,,0.5988288787989873,,0.7203276365833711,,,,,,,,,,0.7943738313504102,,,,,,,,,,,,,,,0.7479532725181206,,,,,,,0.5228872980959385,,,0.400995521973045,0.4590532530692376,,0.3132107824756451,,0.30525721477693996,0.5029410038205226,-0.02411206109498836,0.41935876100562347,0.6168218419357553,,,,,-0.04034798918451386,0.39224401985470747,0.5974158783792981,0.43011085618982753,-0.09924814956190253,0.010383100563359806,0.3501971575802947,0.3453346846201388,0.41969692709693895,0.4906137584048075,0.24221164464028364,0.37820299340294405,0.05323212174629891,-0.19114208940366442,0.5420085882022967,0.4403993915239847,0.508457947559655,0.5191883251082546,0.46803980760058034,0.5384084226085672,-0.12685987616140015,-0.1713879274866062,-0.3101949174308742,-0.1391296996403445,-0.5345387308468816,0.08771982217747677,0.4247598740165569,-0.11995746481732074,0.46667545317345416,,0.29443172976853377,0.13972003541341194,0.3451323065505026,-0.040828214143676635,-0.03764356366400382,0.10634569151437705,,,,,-0.10592165595887681,0.17961611074695813,,
,,,,,,,,,,,,,,,,,,,,,,,,,,,,,,,,,,,,,,,,,,,,,,,,,,,,,,,,,,,,,,,,,,,,,,,,,,,,,,,,,,,,,,,,,,,,,,,,,,,,,,,,,,,,,,,,,,,
,,,,,,,,,,,,,,,,,,,,,,,,,,,,,,,,,,,,,,,,,,,,,,,,,,,,,,,,,,,,,,,,,,,,,,,,,,,,,,,,,,,,,,,,,,,,,,,,,,,,,,,,,,,,,,,,,,,
,,,,,,,,,,,,,,,,,,,,,,,,,,,,,,,,,,,,,,,,,,,,,,,,,,,,,,,,,,,,,,,,,,,,,,,,,,,,,,,,,,,,,,,,,,,,,,,,,,,,,,,,,,,,,,,,,,,
,,,,,,,,,,,,,,,,,0.5988288787989873,,,,0.9999999999999998,,0.6522931193416925,,,,,,,,,,0.6075996389152614,,,,,,,,,,,,,,,0.705599066212147,,,,,,,0.5780025549216361,,,0.4236181559131627,0.38141135927332004,,0.2683187896601628,,0.26917320837764797,0.3414964200238053,-0.042143098405860585,0.29026824042703303,0.4385401002346282,,,,,-0.12144442368799253,0.13286695890271594,0.43363474580365463,0.2649582970394688,0.09830641900536678,0.09584492117003184,0.4945996395139803,0.24636222413887296,0.2919393668183983,0.4950655706742832,0.2521028835549926,0.2756229170373724,-0.06389469893848414,-0.3020476060678287,0.4976202526208938,0.43888945955864883,0.4658013547198905,0.4538218320228781,0.457573499179958,0.40685373927245033,-0.10120464894220445,-0.2561569655471275,-0.18234216680806892,-0.13118056821285148,-0.35372756496877245,0.026394697007187825,0.34994951613075637,-0.05229931459675718,0.3569735509814025,,0.32068451812806437,0.08172302214667025,0.20970455274953578,-0.2763225332966319,-0.051928434209593186,0.17198916059341351,,,,,-0.10349277005422333,0.47044830018536526,,
,,,,,,,,,,,,,,,,,,,,,,,,,,,,,,,,,,,,,,,,,,,,,,,,,,,,,,,,,,,,,,,,,,,,,,,,,,,,,,,,,,,,,,,,,,,,,,,,,,,,,,,,,,,,,,,,,,,
,,,,,,,,,,,,,,,,,0.720327636583371,,,,0.6522931193416925,,1.0,,,,,,,,,,0.6109435241585023,,,,,,,,,,,,,,,0.862537235504165,,,,,,,0.41503432402360474,,,0.199742735838714,0.35973269168871924,,0.11407860538429133,,0.17769204422780166,0.33776016219973143,-0.2182618808446908,0.2921921719558229,0.4747904803767866,,,,,-0.08038620629035341,0.21604694864228097,0.4127611174971791,0.22281194055817782,-0.07805442358812492,-0.06113688389734084,0.3462468536163142,0.19188334561684792,0.21195067402049192,0.36516401301753115,0.026233325687887707,0.06111873055024964,-0.20224626679713445,-0.28472974123433026,0.3912044313205753,0.29671119330988976,0.30771680237844445,0.46100912972606817,0.2999511358218194,0.3638706152859978,-0.17844130621593415,-0.1907286741919649,-0.21198361208873304,0.008981754676406528,-0.3160620157896155,0.01581702425897797,0.2234350674003703,-0.11577730396849094,0.19891284692274872,,0.06997871036416506,0.0322109354156564,0.3356933026099143,-0.02577302308333942,-0.1990628422764232,0.036738332229161404,,,,,-0.14359839464438862,0.08149180495302495,,
,,,,,,,,,,,,,,,,,,,,,,,,,,,,,,,,,,,,,,,,,,,,,,,,,,,,,,,,,,,,,,,,,,,,,,,,,,,,,,,,,,,,,,,,,,,,,,,,,,,,,,,,,,,,,,,,,,,
,,,,,,,,,,,,,,,,,,,,,,,,,,,,,,,,,,,,,,,,,,,,,,,,,,,,,,,,,,,,,,,,,,,,,,,,,,,,,,,,,,,,,,,,,,,,,,,,,,,,,,,,,,,,,,,,,,,
,,,,,,,,,,,,,,,,,,,,,,,,,,,,,,,,,,,,,,,,,,,,,,,,,,,,,,,,,,,,,,,,,,,,,,,,,,,,,,,,,,,,,,,,,,,,,,,,,,,,,,,,,,,,,,,,,,,
,,,,,,,,,,,,,,,,,,,,,,,,,,,,,,,,,,,,,,,,,,,,,,,,,,,,,,,,,,,,,,,,,,,,,,,,,,,,,,,,,,,,,,,,,,,,,,,,,,,,,,,,,,,,,,,,,,,
,,,,,,,,,,,,,,,,,,,,,,,,,,,,,,,,,,,,,,,,,,,,,,,,,,,,,,,,,,,,,,,,,,,,,,,,,,,,,,,,,,,,,,,,,,,,,,,,,,,,,,,,,,,,,,,,,,,
,,,,,,,,,,,,,,,,,,,,,,,,,,,,,,,,,,,,,,,,,,,,,,,,,,,,,,,,,,,,,,,,,,,,,,,,,,,,,,,,,,,,,,,,,,,,,,,,,,,,,,,,,,,,,,,,,,,
,,,,,,,,,,,,,,,,,,,,,,,,,,,,,,,,,,,,,,,,,,,,,,,,,,,,,,,,,,,,,,,,,,,,,,,,,,,,,,,,,,,,,,,,,,,,,,,,,,,,,,,,,,,,,,,,,,,
,,,,,,,,,,,,,,,,,,,,,,,,,,,,,,,,,,,,,,,,,,,,,,,,,,,,,,,,,,,,,,,,,,,,,,,,,,,,,,,,,,,,,,,,,,,,,,,,,,,,,,,,,,,,,,,,,,,
,,,,,,,,,,,,,,,,,,,,,,,,,,,,,,,,,,,,,,,,,,,,,,,,,,,,,,,,,,,,,,,,,,,,,,,,,,,,,,,,,,,,,,,,,,,,,,,,,,,,,,,,,,,,,,,,,,,
,,,,,,,,,,,,,,,,,0.7943738313504103,,,,0.6075996389152614,,0.6109435241585023,,,,,,,,,,1.0,,,,,,,,,,,,,,,0.5355932453136775,,,,,,,0.4079662346548731,,,0.26647704020831,0.3673222409479667,,0.1703406859514553,,0.12374709167192287,0.3899267820242152,-0.02559611280029832,0.31593489466261526,0.537432853706839,,,,,-0.08295232657562598,0.3813886115660293,0.4697407943269083,0.3877038645476646,-0.04795254949642099,0.1684089083516244,0.3088830391924615,0.19110911542021433,0.3310888553283351,0.38003073755940087,0.12235332562410876,0.20403463561251148,-0.13182362282073995,-0.30590784008438043,0.3963018437886304,0.28605991354807686,0.362444570330955,0.4405901023308388,0.2954298768536375,0.39668695617304367,-0.16686436833176463,-0.2514536835034645,-0.3307745505467192,-0.09024605028169365,-0.47632392254184774,-0.014346878692523024,0.32875371350660626,-0.15745795780620028,0.28215104279515585,,0.24792342639333967,0.20229366940297827,0.31906912581437685,-0.018034636113637245,-0.029576449928400823,0.06881086768486165,,,,,-0.2951756810399491,0.22815125515072232,,
,,,,,,,,,,,,,,,,,,,,,,,,,,,,,,,,,,,,,,,,,,,,,,,,,,,,,,,,,,,,,,,,,,,,,,,,,,,,,,,,,,,,,,,,,,,,,,,,,,,,,,,,,,,,,,,,,,,
,,,,,,,,,,,,,,,,,,,,,,,,,,,,,,,,,,,,,,,,,,,,,,,,,,,,,,,,,,,,,,,,,,,,,,,,,,,,,,,,,,,,,,,,,,,,,,,,,,,,,,,,,,,,,,,,,,,
,,,,,,,,,,,,,,,,,,,,,,,,,,,,,,,,,,,,,,,,,,,,,,,,,,,,,,,,,,,,,,,,,,,,,,,,,,,,,,,,,,,,,,,,,,,,,,,,,,,,,,,,,,,,,,,,,,,
,,,,,,,,,,,,,,,,,,,,,,,,,,,,,,,,,,,,,,,,,,,,,,,,,,,,,,,,,,,,,,,,,,,,,,,,,,,,,,,,,,,,,,,,,,,,,,,,,,,,,,,,,,,,,,,,,,,
,,,,,,,,,,,,,,,,,,,,,,,,,,,,,,,,,,,,,,,,,,,,,,,,,,,,,,,,,,,,,,,,,,,,,,,,,,,,,,,,,,,,,,,,,,,,,,,,,,,,,,,,,,,,,,,,,,,
,,,,,,,,,,,,,,,,,,,,,,,,,,,,,,,,,,,,,,,,,,,,,,,,,,,,,,,,,,,,,,,,,,,,,,,,,,,,,,,,,,,,,,,,,,,,,,,,,,,,,,,,,,,,,,,,,,,
,,,,,,,,,,,,,,,,,,,,,,,,,,,,,,,,,,,,,,,,,,,,,,,,,,,,,,,,,,,,,,,,,,,,,,,,,,,,,,,,,,,,,,,,,,,,,,,,,,,,,,,,,,,,,,,,,,,
,,,,,,,,,,,,,,,,,,,,,,,,,,,,,,,,,,,,,,,,,,,,,,,,,,,,,,,,,,,,,,,,,,,,,,,,,,,,,,,,,,,,,,,,,,,,,,,,,,,,,,,,,,,,,,,,,,,
,,,,,,,,,,,,,,,,,,,,,,,,,,,,,,,,,,,,,,,,,,,,,,,,,,,,,,,,,,,,,,,,,,,,,,,,,,,,,,,,,,,,,,,,,,,,,,,,,,,,,,,,,,,,,,,,,,,
,,,,,,,,,,,,,,,,,,,,,,,,,,,,,,,,,,,,,,,,,,,,,,,,,,,,,,,,,,,,,,,,,,,,,,,,,,,,,,,,,,,,,,,,,,,,,,,,,,,,,,,,,,,,,,,,,,,
,,,,,,,,,,,,,,,,,,,,,,,,,,,,,,,,,,,,,,,,,,,,,,,,,,,,,,,,,,,,,,,,,,,,,,,,,,,,,,,,,,,,,,,,,,,,,,,,,,,,,,,,,,,,,,,,,,,
,,,,,,,,,,,,,,,,,,,,,,,,,,,,,,,,,,,,,,,,,,,,,,,,,,,,,,,,,,,,,,,,,,,,,,,,,,,,,,,,,,,,,,,,,,,,,,,,,,,,,,,,,,,,,,,,,,,
,,,,,,,,,,,,,,,,,,,,,,,,,,,,,,,,,,,,,,,,,,,,,,,,,,,,,,,,,,,,,,,,,,,,,,,,,,,,,,,,,,,,,,,,,,,,,,,,,,,,,,,,,,,,,,,,,,,
,,,,,,,,,,,,,,,,,,,,,,,,,,,,,,,,,,,,,,,,,,,,,,,,,,,,,,,,,,,,,,,,,,,,,,,,,,,,,,,,,,,,,,,,,,,,,,,,,,,,,,,,,,,,,,,,,,,
,,,,,,,,,,,,,,,,,0.7479532725181205,,,,0.7055990662121471,,0.862537235504165,,,,,,,,,,0.5355932453136775,,,,,,,,,,,,,,,0.9999999999999999,,,,,,,0.5826958656069517,,,0.3351769239027923,0.3590547805295651,,0.20874873195307117,,0.28649743171095216,0.3617545114590103,-0.09872626436901151,0.38332598266273044,0.4884359160590818,,,,,-0.09925954822481702,0.15127479719501696,0.4792305521914903,0.3321840430740128,0.00404529231455049,0.027328680702534577,0.4758510682851289,0.22554609104864554,0.23691438213316088,0.5222353615036044,0.17948275533817076,0.23241752079636968,-0.11226250482301767,-0.18099597804255896,0.5455010767331422,0.38779672841357044,0.4041724975055802,0.5918404167530528,0.43667420240580146,0.46258822154295604,-0.07336628159435386,-0.31574906051518753,-0.09961260302504463,-0.1495363506870034,-0.4094372172813643,0.16066810003339987,0.36812413920688497,-0.0971218213572751,0.3746379986433248,,0.12607769539728853,0.003968757988346807,0.3211666048809701,-0.16365975545477712,-0.08968320634406032,0.11216552607876554,,,,,0.14335229952292702,0.25195905014622527,,
,,,,,,,,,,,,,,,,,,,,,,,,,,,,,,,,,,,,,,,,,,,,,,,,,,,,,,,,,,,,,,,,,,,,,,,,,,,,,,,,,,,,,,,,,,,,,,,,,,,,,,,,,,,,,,,,,,,
,,,,,,,,,,,,,,,,,,,,,,,,,,,,,,,,,,,,,,,,,,,,,,,,,,,,,,,,,,,,,,,,,,,,,,,,,,,,,,,,,,,,,,,,,,,,,,,,,,,,,,,,,,,,,,,,,,,
,,,,,,,,,,,,,,,,,,,,,,,,,,,,,,,,,,,,,,,,,,,,,,,,,,,,,,,,,,,,,,,,,,,,,,,,,,,,,,,,,,,,,,,,,,,,,,,,,,,,,,,,,,,,,,,,,,,
,,,,,,,,,,,,,,,,,,,,,,,,,,,,,,,,,,,,,,,,,,,,,,,,,,,,,,,,,,,,,,,,,,,,,,,,,,,,,,,,,,,,,,,,,,,,,,,,,,,,,,,,,,,,,,,,,,,
,,,,,,,,,,,,,,,,,,,,,,,,,,,,,,,,,,,,,,,,,,,,,,,,,,,,,,,,,,,,,,,,,,,,,,,,,,,,,,,,,,,,,,,,,,,,,,,,,,,,,,,,,,,,,,,,,,,
,,,,,,,,,,,,,,,,,,,,,,,,,,,,,,,,,,,,,,,,,,,,,,,,,,,,,,,,,,,,,,,,,,,,,,,,,,,,,,,,,,,,,,,,,,,,,,,,,,,,,,,,,,,,,,,,,,,
,,,,,,,,,,,,,,,,,0.5228872980959385,,,,0.5780025549216362,,0.41503432402360474,,,,,,,,,,0.4079662346548731,,,,,,,,,,,,,,,0.5826958656069517,,,,,,,1.0,,,0.31420962699226346,0.19777056006914998,,0.23461079322400688,,0.2824877075517861,0.22023681228118422,0.0738705548710666,0.25138325454607074,0.24358783925197386,,,,,-0.055002099577218466,0.20070539175588978,0.39968248568871184,0.495604126588432,-0.02348990404046094,0.3480289359016595,0.28054161695530955,0.2709566784252126,0.20113628336356748,0.5508020903327292,0.2999843779027599,0.2336266900133177,-0.030304429870543905,0.1078805296352058,0.47665315048121304,0.37372818855504114,0.39784856647780764,0.3916217877271045,0.3730420833603497,0.4731239417221489,-0.009938478079153169,-0.007687014082976737,0.012375702622610264,-0.11742321795660975,-0.24841369625923207,0.019686059090536154,0.300537179090833,-0.12171880032148279,0.23136655195305234,,0.17157009591571895,-0.054667041579002075,0.07538389000388718,-0.13474527794073665,0.5113782376981484,0.3336030395535947,,,,,0.17951897380857068,0.1689749116664095,,
,,,,,,,,,,,,,,,,,,,,,,,,,,,,,,,,,,,,,,,,,,,,,,,,,,,,,,,,,,,,,,,,,,,,,,,,,,,,,,,,,,,,,,,,,,,,,,,,,,,,,,,,,,,,,,,,,,,
,,,,,,,,,,,,,,,,,,,,,,,,,,,,,,,,,,,,,,,,,,,,,,,,,,,,,,,,,,,,,,,,,,,,,,,,,,,,,,,,,,,,,,,,,,,,,,,,,,,,,,,,,,,,,,,,,,,
,,,,,,,,,,,,,,,,,0.400995521973045,,,,0.4236181559131627,,0.19974273583871396,,,,,,,,,,0.26647704020831,,,,,,,,,,,,,,,0.33517692390279236,,,,,,,0.31420962699226346,,,1.0,0.7708185045422427,,0.8862528486626825,,0.6470557912753833,0.671083785682373,0.1743866923493469,0.5136807504329823,0.5939621822919862,,,,,0.2939151379460218,0.21733724826765793,0.6679342272450656,0.4215888653588408,0.4486162024148557,0.1604924632440049,0.23682518154684304,0.7107345165442082,0.6242170558056308,0.656224630592749,0.8516817167067844,0.6926012660107752,0.4264890902805007,0.3164460373131117,0.7640550980697504,0.8640978189277978,0.899372976359222,0.51610593247322,0.8967063814688543,0.656155773994374,-0.06442699038581096,0.10654631111768041,-0.03330217171933479,-0.060025441979402315,-0.32091548312792517,0.3751766181962256,0.6168105411102661,-0.030092155689132333,0.659720630881864,,0.6336851879072375,0.10966026425258626,0.08809767936207331,-0.26003785711231103,0.06382288789839394,0.4514502423012948,,,,,-0.001597943088758445,0.31232806818176667,,
,,,,,,,,,,,,,,,,,0.4590532530692376,,,,0.38141135927332004,,0.35973269168871924,,,,,,,,,,0.3673222409479667,,,,,,,,,,,,,,,0.35905478052956513,,,,,,,0.19777056006914998,,,0.7708185045422427,0.9999999999999998,,0.8144879016942604,,0.5767411388418566,0.6493657778377122,0.18267612713944067,0.47508226161823447,0.7135571106505562,,,,,0.2849308554978041,0.5513838366393796,0.755546077822509,0.5638097069061141,0.486814230657363,0.04795116445108564,0.2344052406599044,0.716309897946593,0.6286240524743489,0.62750943471518,0.7031175644473889,0.5451022021327866,0.27490123491454815,0.1724063482886731,0.6184953403587874,0.6880808960167246,0.7513219791911676,0.4899085358522184,0.7555153094208709,0.6884916210632969,-0.02508953089959252,0.18904195403983137,-0.13694539380117873,0.12890554854756903,-0.3804375387297942,0.38104294075213163,0.5511670400506492,-0.003227623675691961,0.5523471434932522,,0.48971060441414355,0.19236207108646666,0.37712329668034456,-0.10057085183972647,0.006250520774388591,0.45646985114306055,,,,,-0.1020088107084199,0.4131887063014771,,
,,,,,,,,,,,,,,,,,,,,,,,,,,,,,,,,,,,,,,,,,,,,,,,,,,,,,,,,,,,,,,,,,,,,,,,,,,,,,,,,,,,,,,,,,,,,,,,,,,,,,,,,,,,,,,,,,,,
,,,,,,,,,,,,,,,,,0.3132107824756451,,,,0.2683187896601628,,0.11407860538429133,,,,,,,,,,0.1703406859514553,,,,,,,,,,,,,,,0.20874873195307117,,,,,,,0.23461079322400685,,,0.8862528486626825,0.8144879016942604,,0.9999999999999999,,0.6778008800590276,0.7748326414927545,0.2883487203132962,0.43972957132695445,0.5092446703442621,,,,,0.4607596806537021,0.33907283692804024,0.6129431067022514,0.48168359848422115,0.5594413444542535,0.2083865494936808,0.11452532287251448,0.7973424098576855,0.6950352732027217,0.6440789252437519,0.865350033937795,0.7028769972887013,0.5418715617492107,0.47903053861066075,0.6211597790081607,0.783277352547378,0.8248977076888854,0.3475165225151163,0.8269635065270338,0.669926248510311,0.01645130892628601,0.33273868777211607,0.06325593740425851,0.17433659669018733,-0.1831029154067981,0.3224336273407811,0.4926030069453168,0.09488787565405024,0.5485867179767681,,0.6135300614418353,0.12264648980361982,0.1162350132731068,-0.165845925821902,0.11979524122663511,0.4682162831308942,,,,,-0.011695989907745072,0.3367109742416125,,
,,,,,,,,,,,,,,,,,,,,,,,,,,,,,,,,,,,,,,,,,,,,,,,,,,,,,,,,,,,,,,,,,,,,,,,,,,,,,,,,,,,,,,,,,,,,,,,,,,,,,,,,,,,,,,,,,,,
,,,,,,,,,,,,,,,,,0.30525721477694,,,,0.26917320837764797,,0.17769204422780166,,,,,,,,,,0.12374709167192285,,,,,,,,,,,,,,,0.28649743171095216,,,,,,,0.2824877075517861,,,0.6470557912753833,0.5767411388418565,,0.6778008800590276,,0.9999999999999999,0.5957066461226418,0.10170026852577851,0.7058926528804792,0.4626966156671197,,,,,0.4074511138104008,0.35326223000016693,0.5847708339769633,0.5637973433819765,0.5261561968612548,0.1830547709231088,0.34750465132566666,0.6581458559569799,0.26875234890867394,0.6718722994774289,0.4770955462391392,0.3691031165879927,0.331649873547906,0.5579068112405502,0.7428750404966998,0.5791931871466047,0.5436618373363641,0.6514119103926106,0.7273886249826557,0.6311924788534912,0.004118162278521881,0.18110733671573806,0.22056609351689935,0.03000535818986906,-0.03362863764821865,0.38176223623040306,0.7523481511049882,0.1860915934591963,0.7001679835144957,,0.4300522471587184,0.00027653955280352584,0.12921010818224127,-0.21655577513393412,0.2378800325569753,0.5056713779946048,,,,,0.0687614954390966,0.38218952447368676,,
,,,,,,,,,,,,,,,,,0.5029410038205226,,,,0.3414964200238053,,0.33776016219973143,,,,,,,,,,0.3899267820242152,,,,,,,,,,,,,,,0.3617545114590103,,,,,,,0.22023681228118422,,,0.671083785682373,0.6493657778377122,,0.7748326414927545,,0.5957066461226417,1.0,0.2702120857637949,0.5098636554326952,0.46415462336100405,,,,,0.574316776299087,0.4241493871686908,0.5614728541634835,0.45387481228892024,0.48202802998575456,0.22972861035170247,0.06656590948505148,0.6072347149235958,0.6051471886673859,0.5815560841684922,0.5779452920850596,0.5374220579842386,0.5544997010683194,0.39389764354480333,0.5616073439049177,0.5889672203155133,0.6323954452281203,0.43789041659608996,0.6482973360543253,0.5965205331435269,-0.04808156579699774,0.2402776251381545,0.08350556427870603,0.23729972866005383,-0.10570583861144728,0.35722690300776466,0.44900696346442254,0.2562682643058293,0.6159240980754473,,0.6934959023531472,0.3705936404857551,0.3736644633671897,-0.07514444658838916,0.03758126115433569,0.3524386296656455,,,,,-0.1721743628574383,0.24454828189222239,,
,,,,,,,,,,,,,,,,,-0.024112061094988365,,,,-0.04214309840586058,,-0.21826188084469084,,,,,,,,,,-0.02559611280029832,,,,,,,,,,,,,,,-0.09872626436901151,,,,,,,0.0738705548710666,,,0.17438669234934687,0.18267612713944065,,0.2883487203132962,,0.10170026852577853,0.27021208576379485,1.0,0.16119192420615475,0.11626352677027325,,,,,0.2829136906133602,0.13762865491847603,0.13622114386894185,0.13653761113443022,0.1669373629747963,0.16578909114846502,-0.42362780177770365,0.22119015452621543,0.13871262792465242,0.12027461355258875,0.2861970554215302,0.07475483096875914,0.2303498997258434,0.25420377196408883,0.06792130750117649,0.03360941880855145,0.13093264353476994,0.057370319332944376,0.10360088420159676,0.10588501213903125,0.271134153111814,0.2600217472159174,0.25945272342472564,0.11738019067123774,0.060884565442371814,0.27618605247070943,0.14556226615214413,0.18929057947364122,0.2505397451756988,,0.30913887082327124,0.3765113680792679,0.25342122376263077,-0.2677494626132334,0.1280530526817005,0.2802558399304453,,,,,-0.030147403784362044,0.01270577751905141,,
,,,,,,,,,,,,,,,,,0.41935876100562347,,,,0.29026824042703303,,0.2921921719558229,,,,,,,,,,0.31593489466261526,,,,,,,,,,,,,,,0.38332598266273044,,,,,,,0.2513832545460707,,,0.5136807504329823,0.47508226161823447,,0.43972957132695445,,0.7058926528804792,0.5098636554326952,0.16119192420615477,0.9999999999999998,0.5607768139289588,,,,,0.429493111429262,0.47569298003522964,0.6614674485102618,0.5114876120382474,0.33381719609552163,0.09418867806504208,0.15230958200855027,0.5797503523577506,0.24513607416666863,0.57215842265689,0.3517989623967567,0.17834547944665102,0.11251046793167423,0.32412153259470555,0.8089795151036848,0.4617828539206934,0.4277658069789598,0.8105233379766339,0.5690317200940269,0.6100659182439593,-0.017061433728785116,-0.07744973943608188,0.09329814273908382,-0.0026112718794678554,-0.26936126377020064,0.34019615536633413,0.8895984098289494,0.26156230600282976,0.8058376019161824,,0.3879854750204963,0.2220113448194165,0.42024244926153215,-0.13657090117798662,0.1353610629647833,0.5731857331207295,,,,,-0.027475031529940647,0.24892743767793107,,
,,,,,,,,,,,,,,,,,0.6168218419357553,,,,0.4385401002346282,,0.47479048037678656,,,,,,,,,,0.537432853706839,,,,,,,,,,,,,,,0.4884359160590818,,,,,,,0.24358783925197383,,,0.5939621822919862,0.7135571106505562,,0.5092446703442621,,0.4626966156671197,0.464154623361004,0.11626352677027327,0.5607768139289588,0.9999999999999998,,,,,0.008895927956629352,0.5347739231163359,0.8258632600323661,0.5515638635885924,0.08566530161901408,-0.12034389025128713,0.23917664158596585,0.590134676172301,0.5022263193410309,0.6592311305781631,0.42560680028458464,0.2827177821936042,0.10065110496680726,-0.09334215095757395,0.667635047747907,0.6117980837271352,0.5594593403978559,0.6078416393870772,0.5678864121051196,0.7134339353760809,-0.035362554002115514,-0.1613774277402519,-0.336437788760033,-0.12555420251079683,-0.6620600479707801,0.1638548961842986,0.6169851984134593,-0.3040475358369542,0.5698689890525905,,0.4085966105320936,0.30906660634871735,0.3698403148591855,-0.10002901534712734,0.014483067269040653,0.42480883035960143,,,,,-0.09252913231943696,0.34776307154504704,,
,,,,,,,,,,,,,,,,,,,,,,,,,,,,,,,,,,,,,,,,,,,,,,,,,,,,,,,,,,,,,,,,,,,,,,,,,,,,,,,,,,,,,,,,,,,,,,,,,,,,,,,,,,,,,,,,,,,
,,,,,,,,,,,,,,,,,,,,,,,,,,,,,,,,,,,,,,,,,,,,,,,,,,,,,,,,,,,,,,,,,,,,,,,,,,,,,,,,,,,,,,,,,,,,,,,,,,,,,,,,,,,,,,,,,,,
,,,,,,,,,,,,,,,,,,,,,,,,,,,,,,,,,,,,,,,,,,,,,,,,,,,,,,,,,,,,,,,,,,,,,,,,,,,,,,,,,,,,,,,,,,,,,,,,,,,,,,,,,,,,,,,,,,,
,,,,,,,,,,,,,,,,,,,,,,,,,,,,,,,,,,,,,,,,,,,,,,,,,,,,,,,,,,,,,,,,,,,,,,,,,,,,,,,,,,,,,,,,,,,,,,,,,,,,,,,,,,,,,,,,,,,
,,,,,,,,,,,,,,,,,-0.040347989184513856,,,,-0.12144442368799252,,-0.0803862062903534,,,,,,,,,,-0.08295232657562597,,,,,,,,,,,,,,,-0.09925954822481702,,,,,,,-0.055002099577218466,,,0.2939151379460218,0.2849308554978041,,0.46075968065370215,,0.4074511138104007,0.574316776299087,0.2829136906133602,0.42949311142926194,0.00889592795662935,,,,,1.0,0.2796690936631294,0.08634316502761205,0.17447027216773886,0.6274372448901592,0.23258362550893538,-0.21990262803060065,0.3260186499040271,0.18791787364221027,0.14508024550855297,0.29456634985269475,0.26470445964829503,0.39844830047991314,0.6488416315910631,0.24637820098898455,0.21643056719052478,0.21113248835863166,0.12935488856219507,0.30057053680521684,0.12466065279215723,0.006491761301088472,0.46037089883288995,0.5630977904353182,0.6293519216398568,0.31242216323737493,0.2505850321419539,0.32323086860206657,0.6664376213263086,0.3540228227752812,,0.36591127061144885,0.007482708719446746,0.05704279405092086,0.20485623642842948,0.15633135074338644,0.3397468797729386,,,,,-0.05593231513283159,0.009260312962740115,,
,,,,,,,,,,,,,,,,,0.39224401985470747,,,,0.13286695890271594,,0.21604694864228097,,,,,,,,,,0.3813886115660293,,,,,,,,,,,,,,,0.15127479719501694,,,,,,,0.2007053917558898,,,0.2173372482676579,0.5513838366393796,,0.33907283692804024,,0.35326223000016693,0.4241493871686908,0.13762865491847603,0.47569298003522964,0.5347739231163359,,,,,0.2796690936631295,1.0,0.6017205036392425,0.5882637999699136,0.23524142589813288,-0.12295472886324951,0.046685950903299564,0.5340382499900611,0.4338874525971753,0.4150783441525896,0.24612062028388396,0.06628711087172333,0.14001547094522043,0.11447667584678782,0.3307162497806472,0.229679398726165,0.20033200949622967,0.40344080670721816,0.2061306746239895,0.563699766581499,0.20765185907245035,0.19363011265707242,-0.2690617233814594,0.23984246745603668,-0.34850399986040503,0.2687776750448788,0.41306488013173565,0.10314468705954843,0.3873926950073519,,0.30973645096730573,0.4302130149117194,0.6124604653190102,0.17576843854092358,0.3188432215928061,0.5043059686598997,,,,,-0.201779455477969,0.3912701634061418,,
,,,,,,,,,,,,,,,,,0.5974158783792981,,,,0.43363474580365463,,0.41276111749717903,,,,,,,,,,0.4697407943269083,,,,,,,,,,,,,,,0.4792305521914903,,,,,,,0.39968248568871184,,,0.6679342272450656,0.755546077822509,,0.6129431067022514,,0.5847708339769634,0.5614728541634835,0.13622114386894185,0.661467448510262,0.8258632600323661,,,,,0.08634316502761205,0.6017205036392423,1.0,0.7314652825543904,0.1533206472917341,0.058446749736085164,0.26437557308833454,0.7945837998784722,0.5256974449843836,0.8339504973857729,0.5747644591241736,0.3290607653764202,0.09527589002937993,0.16423111542791896,0.8310652183655625,0.6647297953943329,0.6748343708462455,0.7551289341444799,0.6757612728418257,0.896698122717683,0.0018678894819609277,-0.11035954750313774,-0.2758888425149659,-0.12451502838531331,-0.508969227549816,0.21431169385648655,0.6964768887070075,-0.13792146061002006,0.6998559482491294,,0.42850395395664825,0.3594480224488691,0.47310080369926427,-0.08650568942184123,0.18958363540264972,0.6051370507068498,,,,,-0.05370062164601805,0.45059225316403556,,
,,,,,,,,,,,,,,,,,0.43011085618982753,,,,0.2649582970394688,,0.22281194055817782,,,,,,,,,,0.3877038645476646,,,,,,,,,,,,,,,0.33218404307401284,,,,,,,0.495604126588432,,,0.4215888653588408,0.5638097069061141,,0.48168359848422115,,0.5637973433819765,0.4538748122889203,0.13653761113443022,0.5114876120382476,0.5515638635885926,,,,,0.17447027216773886,0.5882637999699136,0.7314652825543903,1.0,0.21353584120741723,0.22246323846983912,0.3144500118426356,0.6406643206832143,0.32889890462613713,0.7897383446388196,0.38427223555097584,0.22880882857615575,0.1696669027519775,0.2822239595912099,0.6093893830582235,0.4149017471434697,0.431234035450354,0.5798253850623173,0.4588461721845867,0.7320970168218822,0.11478944529225228,0.060994893527859334,-0.05805337602745989,0.08684104461230799,-0.3937577160876296,0.23419563760796494,0.5172674177594231,-0.0825668667145957,0.4645246410951953,,0.4099832205014986,0.19588073961987204,0.2799511605386927,0.13865636375013765,0.4267446312175651,0.5171375827994846,,,,,0.13849661901469162,0.4118024033949489,,
,,,,,,,,,,,,,,,,,-0.09924814956190253,,,,0.0983064190053668,,-0.07805442358812492,,,,,,,,,,-0.047952549496420985,,,,,,,,,,,,,,,0.00404529231455049,,,,,,,-0.02348990404046094,,,0.44861620241485567,0.486814230657363,,0.5594413444542535,,0.5261561968612547,0.48202802998575456,0.1669373629747963,0.33381719609552163,0.08566530161901409,,,,,0.6274372448901592,0.2352414258981329,0.15332064729173409,0.21353584120741723,1.0,0.17202704467806806,0.14269854388907624,0.3291903570844172,0.24860233727337638,0.2665422553373861,0.4284383278355622,0.3626600729757346,0.3104727082481822,0.47195194901389,0.2675795521346298,0.34512200960713063,0.3235529994908742,0.21142223198500854,0.4613515723526914,0.23471085694989618,0.09640392264527645,0.2790633910410128,0.35489918727274716,0.3348551070758981,0.18951701752981928,0.4500855989182587,0.35815536821662924,0.5104762580141938,0.35200090659578304,,0.38255002604264393,0.03030772568186955,0.1603567019103641,-0.1470595120134856,0.08662664845930593,0.32392939960444894,,,,,-0.023317946936584743,0.446414245444564,,
,,,,,,,,,,,,,,,,,0.010383100563359806,,,,0.09584492117003184,,-0.06113688389734083,,,,,,,,,,0.1684089083516244,,,,,,,,,,,,,,,0.02732868070253458,,,,,,,0.3480289359016595,,,0.1604924632440049,0.047951164451085646,,0.2083865494936808,,0.1830547709231088,0.22972861035170244,0.16578909114846502,0.09418867806504207,-0.12034389025128713,,,,,0.2325836255089354,-0.12295472886324951,0.05844674973608516,0.22246323846983912,0.17202704467806806,1.0,0.054565545166026186,-0.01201804027988457,-0.08429091350206044,0.267724993531441,0.18522255775160995,0.06201646880802602,-0.13471502231086208,0.41514003758680346,0.18014945270956417,0.028406115754965242,0.11898759540769922,0.12041413494249609,0.13320423870414175,0.025783609513602538,-0.06802927167755529,-0.0001821686339534919,0.3478351752973249,-0.05364626288803689,0.12769880452655627,0.1409238531958471,0.14738469668094295,0.14105675683165644,0.01974355255357621,,-0.06775928809694896,-0.24098909410469718,-0.1590962635096098,-0.2334132002162298,0.4396767359075973,0.11788357311320749,,,,,0.11139832578828517,-0.005590562679279525,,
,,,,,,,,,,,,,,,,,0.35019715758029474,,,,0.49459963951398034,,0.34624685361631424,,,,,,,,,,0.3088830391924615,,,,,,,,,,,,,,,0.47585106828512885,,,,,,,0.2805416169553096,,,0.236825181546843,0.23440524065990442,,0.11452532287251449,,0.34750465132566666,0.06656590948505148,-0.42362780177770365,0.15230958200855027,0.23917664158596588,,,,,-0.21990262803060068,0.04668595090329957,0.2643755730883345,0.3144500118426356,0.1426985438890762,0.054565545166026186,0.9999999999999998,0.07544250364618033,-0.03723423414028951,0.3243568495825301,0.013779572560681788,0.2970211835277427,-0.06856130273588358,-0.23905093609216632,0.2875100354424059,0.21041256347061524,0.20390658108531434,0.3098813211448074,0.27637564339220155,0.28176686089497593,-0.06392066184196028,-0.42771321860723305,-0.19072863273814425,-0.2685868780894856,-0.3271443327453564,0.16721048085833812,0.22861284912888472,-0.18960283964129598,0.21774401564540816,,0.10694601138161271,-0.2681868150008834,0.001407905675101661,-0.05018919684941396,-0.09725048852828434,-0.09939926989170056,,,,,0.16974263609016949,0.43991432824765725,,
,,,,,,,,,,,,,,,,,0.3453346846201388,,,,0.24636222413887296,,0.1918833456168479,,,,,,,,,,0.19110911542021433,,,,,,,,,,,,,,,0.2255460910486455,,,,,,,0.2709566784252126,,,0.7107345165442082,0.716309897946593,,0.7973424098576855,,0.6581458559569799,0.6072347149235957,0.22119015452621546,0.5797503523577506,0.5901346761723011,,,,,0.3260186499040271,0.5340382499900611,0.7945837998784722,0.6406643206832143,0.3291903570844172,-0.01201804027988457,0.07544250364618034,1.0,0.6217925460620707,0.7519797751600646,0.7115243809334388,0.4232609440334083,0.3397338103808534,0.42968211115285915,0.7160213690486616,0.7240323728688228,0.698175396828396,0.5247645343532533,0.6812492453923474,0.8486723834014318,0.07312788680114665,0.23310671425433135,-0.120293710456696,0.15153640748664948,-0.2654075827613088,0.15867153369040318,0.5710750626243514,0.0032386607786347547,0.5701498806893402,,0.5267285774770121,0.23246375790254353,0.21932793426765096,0.01753359440982572,0.21218862020464416,0.6497656932244471,,,,,-0.05709784649516618,0.36189948942825156,,
,,,,,,,,,,,,,,,,,0.41969692709693895,,,,0.2919393668183983,,0.21195067402049192,,,,,,,,,,0.3310888553283351,,,,,,,,,,,,,,,0.23691438213316088,,,,,,,0.20113628336356748,,,0.6242170558056307,0.6286240524743489,,0.6950352732027217,,0.2687523489086739,0.6051471886673859,0.13871262792465242,0.24513607416666866,0.5022263193410308,,,,,0.18791787364221027,0.4338874525971753,0.5256974449843836,0.32889890462613713,0.2486023372733764,-0.08429091350206044,-0.0372342341402895,0.6217925460620707,1.0,0.4655714672243163,0.762362133331088,0.593876365979087,0.47185761739473275,0.08185515420685172,0.3888576645281082,0.660886952709814,0.6928149894384817,0.20969831950064452,0.5641877692234253,0.6585257350920684,-0.12444732732988426,0.1839253623285446,-0.22519147021340716,0.019862494420790404,-0.429230760289096,0.12095948846849067,0.22937459462055257,-0.10018937102176308,0.33723175218744295,,0.5643969671649692,0.3506395356168999,0.2918783905935213,-0.06800577349625875,-0.043277104361625525,0.2061906956128849,,,,,-0.18143940322652954,0.25175319513100836,,
,,,,,,,,,,,,,,,,,0.4906137584048074,,,,0.4950655706742832,,0.3651640130175311,,,,,,,,,,0.38003073755940087,,,,,,,,,,,,,,,0.5222353615036044,,,,,,,0.5508020903327292,,,0.6562246305927492,0.6275094347151801,,0.6440789252437519,,0.6718722994774288,0.5815560841684922,0.12027461355258874,0.57215842265689,0.659231130578163,,,,,0.145080245508553,0.4150783441525896,0.8339504973857729,0.7897383446388196,0.2665422553373861,0.267724993531441,0.3243568495825301,0.7519797751600645,0.4655714672243163,1.0,0.5776480789383247,0.30508872022097633,0.11948958043421419,0.3432536514217515,0.811734855310361,0.6429749954550946,0.6279877551624733,0.6864393014733946,0.6564111273223325,0.8296345458032875,0.07975879489874618,-0.03690013262818151,-0.02263406788558607,-0.03480726579285914,-0.38143268150158893,0.16912548621442025,0.6293038124733182,-0.10380869720676794,0.5813469418459223,,0.4116966887370324,0.1769079473851009,0.23020591445602612,-0.1731885740990235,0.3209825410495771,0.6181838182999093,,,,,0.09201196634447821,0.4994361205340109,,
,,,,,,,,,,,,,,,,,0.24221164464028366,,,,0.2521028835549926,,0.026233325687887703,,,,,,,,,,0.12235332562410876,,,,,,,,,,,,,,,0.1794827553381708,,,,,,,0.2999843779027599,,,0.8516817167067844,0.703117564447389,,0.865350033937795,,0.47709554623913913,0.5779452920850596,0.28619705542153023,0.3517989623967567,0.42560680028458464,,,,,0.29456634985269475,0.24612062028388398,0.5747644591241737,0.38427223555097584,0.4284383278355621,0.18522255775160992,0.013779572560681788,0.7115243809334388,0.762362133331088,0.5776480789383246,1.0,0.7009482819063099,0.42654692916311027,0.4266595678994627,0.6039460456035437,0.7943489876021586,0.8458226097243274,0.35398727356400944,0.7726074669176385,0.6474861288622605,-0.027111782041852026,0.2287845641057663,0.03493776228305032,0.005173651942361936,-0.25061183618882904,0.20675392125498948,0.4362181458687363,0.054179326214569376,0.45668510102559307,,0.5007261343674062,0.13739311275335667,0.16724565274744105,-0.1482598461429862,0.13132813968695017,0.4538119662095629,,,,,0.06625290231172153,0.29665359304187766,,
,,,,,,,,,,,,,,,,,0.37820299340294405,,,,0.27562291703737235,,0.06111873055024964,,,,,,,,,,0.20403463561251148,,,,,,,,,,,,,,,0.23241752079636968,,,,,,,0.2336266900133177,,,0.6926012660107752,0.5451022021327866,,0.7028769972887015,,0.3691031165879927,0.5374220579842385,0.07475483096875912,0.17834547944665105,0.28271778219360416,,,,,0.26470445964829503,0.06628711087172331,0.3290607653764202,0.22880882857615575,0.3626600729757346,0.06201646880802602,0.2970211835277427,0.4232609440334083,0.593876365979087,0.30508872022097633,0.70094828190631,1.0,0.5840007945306032,0.13810743274796242,0.43031108556353037,0.7059860210567895,0.7525400055138362,0.1803124245011738,0.7294917123632635,0.47352308363912277,-0.36431674522405966,0.14108598186989899,-0.008487791676832106,-0.07231969606312258,-0.27918183967719545,0.21789096092243257,0.3025157256155174,0.018289392200965777,0.4450409858807746,,0.5537548106295773,-0.06026003744144465,-0.020514583315924515,-0.0992080794864297,-0.13871431608408724,0.03180469228968445,,,,,0.025130491510997312,0.20250972874162448,,
,,,,,,,,,,,,,,,,,0.053232121746298905,,,,-0.06389469893848414,,-0.20224626679713448,,,,,,,,,,-0.13182362282073995,,,,,,,,,,,,,,,-0.11226250482301767,,,,,,,-0.030304429870543905,,,0.4264890902805007,0.27490123491454815,,0.5418715617492107,,0.331649873547906,0.5544997010683195,0.23034989972584338,0.11251046793167423,0.10065110496680726,,,,,0.3984483004799131,0.14001547094522043,0.09527589002937993,0.1696669027519775,0.3104727082481822,-0.13471502231086208,-0.06856130273588357,0.3397338103808534,0.47185761739473275,0.11948958043421419,0.42654692916311027,0.5840007945306032,0.9999999999999999,0.26737479492842753,0.14380450639846126,0.39813532371220783,0.39467729452653305,-0.022975929231348412,0.3920734946719959,0.2801186903728354,-0.035511013528648314,0.3792707607530176,0.08448254010709154,0.1874226143203064,0.04591596792640226,0.2740964497975116,0.06608939559816375,0.14600482732331074,0.3569360794680802,,0.7561169518335623,0.3198472829957858,0.011801711522880272,0.07888762373605607,0.01514684277129589,0.059678803361741375,,,,,0.04260229215686248,0.027279651953707434,,
,,,,,,,,,,,,,,,,,-0.19114208940366445,,,,-0.3020476060678287,,-0.28472974123433026,,,,,,,,,,-0.30590784008438043,,,,,,,,,,,,,,,-0.18099597804255896,,,,,,,0.1078805296352058,,,0.31644603731311166,0.17240634828867313,,0.47903053861066075,,0.5579068112405502,0.39389764354480333,0.25420377196408883,0.32412153259470555,-0.09334215095757396,,,,,0.6488416315910631,0.1144766758467878,0.16423111542791896,0.2822239595912099,0.4719519490138899,0.4151400375868035,-0.23905093609216632,0.42968211115285915,0.08185515420685172,0.3432536514217515,0.4266595678994627,0.13810743274796242,0.2673747949284275,1.0,0.318162065403134,0.2166650439117658,0.2372858716423527,0.18599706343209468,0.3353537677563073,0.229556730422188,0.20184923966303372,0.486998706415532,0.5981816981778015,0.3420816505292253,0.4427265616495474,0.14246272358648407,0.30977903906853077,0.4351244601758129,0.2417205275128625,,0.12004880931667984,-0.11423696222135475,-0.08332997477378505,0.05169600378942642,0.4991379012428801,0.5179957729056749,,,,,0.27169077248051804,0.03953433493016373,,
,,,,,,,,,,,,,,,,,0.5420085882022967,,,,0.4976202526208938,,0.3912044313205753,,,,,,,,,,0.3963018437886304,,,,,,,,,,,,,,,0.5455010767331422,,,,,,,0.4766531504812131,,,0.7640550980697504,0.6184953403587874,,0.6211597790081607,,0.7428750404966998,0.5616073439049177,0.06792130750117648,0.8089795151036849,0.667635047747907,,,,,0.24637820098898455,0.33071624978064723,0.8310652183655624,0.6093893830582235,0.2675795521346298,0.18014945270956417,0.2875100354424059,0.7160213690486618,0.3888576645281082,0.811734855310361,0.6039460456035438,0.43031108556353037,0.14380450639846126,0.3181620654031341,0.9999999999999998,0.7458808756239708,0.7528377709558337,0.8829477802415172,0.83351462431437,0.7804157548088169,-0.12607096761209802,-0.1285355105203599,-0.006207679081930293,-0.13138196239094263,-0.3585177784259898,0.2135645660362387,0.8724442856925574,0.07064640529333227,0.8173834851037458,,0.44248540687655885,0.13154334263120387,0.24744532443622289,-0.18441999563024927,0.14850792654349954,0.5746261468125118,,,,,0.05418134106268911,0.3758899692665106,,
,,,,,,,,,,,,,,,,,0.4403993915239847,,,,0.43888945955864883,,0.2967111933098898,,,,,,,,,,0.2860599135480769,,,,,,,,,,,,,,,0.38779672841357044,,,,,,,0.37372818855504114,,,0.8640978189277978,0.6880808960167246,,0.783277352547378,,0.5791931871466047,0.5889672203155133,0.03360941880855145,0.4617828539206934,0.6117980837271352,,,,,0.21643056719052478,0.22967939872616502,0.6647297953943327,0.4149017471434697,0.34512200960713063,0.028406115754965246,0.21041256347061524,0.7240323728688227,0.6608869527098141,0.6429749954550946,0.7943489876021587,0.7059860210567895,0.3981353237122079,0.2166650439117658,0.7458808756239708,1.0,0.8917320137044698,0.48898404296595394,0.8588236021419682,0.7637837215970931,-0.3337976424320523,0.09580729643748731,-0.14144374528038273,-0.08513646207383212,-0.37713721025537494,0.21667928923524507,0.548426463622017,-0.15667238512896078,0.5242805767106655,,0.5589304790803926,0.12019276855211668,0.07438382996517319,-0.12211857638931535,0.06820281970141186,0.4055547214766115,,,,,-0.01731970795103578,0.2252471434730981,,
,,,,,,,,,,,,,,,,,0.508457947559655,,,,0.4658013547198905,,0.30771680237844445,,,,,,,,,,0.362444570330955,,,,,,,,,,,,,,,0.40417249750558015,,,,,,,0.3978485664778076,,,0.899372976359222,0.7513219791911676,,0.8248977076888855,,0.543661837336364,0.6323954452281203,0.13093264353476994,0.4277658069789598,0.5594593403978559,,,,,0.21113248835863166,0.20033200949622967,0.6748343708462455,0.43123403545035405,0.3235529994908742,0.11898759540769922,0.20390658108531434,0.698175396828396,0.6928149894384816,0.6279877551624734,0.8458226097243274,0.7525400055138362,0.39467729452653305,0.2372858716423527,0.7528377709558337,0.8917320137044698,1.0,0.5049230373199831,0.927596650268515,0.7120269192617774,-0.24728624828413906,0.08413043096264028,-0.09963167425893274,-0.06370812721535314,-0.3598186930375214,0.20620690299677433,0.5359381207364343,-0.04707978600810615,0.5613029392101343,,0.599711384869489,0.10709625152981785,0.11969922111915185,-0.15484026249667243,-0.00106556270348877,0.3204994479631119,,,,,0.01466228605580916,0.2583852455010974,,
,,,,,,,,,,,,,,,,,0.5191883251082546,,,,0.4538218320228782,,0.46100912972606817,,,,,,,,,,0.4405901023308388,,,,,,,,,,,,,,,0.5918404167530528,,,,,,,0.39162178772710454,,,0.51610593247322,0.4899085358522184,,0.3475165225151163,,0.6514119103926105,0.43789041659608996,0.05737031933294438,0.8105233379766339,0.6078416393870772,,,,,0.12935488856219507,0.40344080670721816,0.7551289341444799,0.5798253850623173,0.2114222319850085,0.12041413494249607,0.3098813211448074,0.5247645343532533,0.2096983195006445,0.6864393014733945,0.3539872735640095,0.1803124245011738,-0.022975929231348412,0.18599706343209468,0.8829477802415172,0.488984042965954,0.5049230373199831,0.9999999999999999,0.6366758487734839,0.6743034407246369,-0.06778720708960041,-0.24338968363936014,-0.03188099960268747,-0.21935748701903218,-0.3579678583405325,0.35698111113656594,0.8640794138042304,0.08260850433912664,0.8009670128129697,,0.3287660751661186,0.23318684267562076,0.45368324703603274,-0.23490882390794723,0.09496502039214895,0.4988246923383494,,,,,0.0017506205905078016,0.3841265934965408,,
,,,,,,,,,,,,,,,,,0.46803980760058034,,,,0.45757349917995793,,0.2999511358218194,,,,,,,,,,0.2954298768536374,,,,,,,,,,,,,,,0.4366742024058014,,,,,,,0.3730420833603497,,,0.8967063814688543,0.7555153094208709,,0.8269635065270338,,0.7273886249826556,0.6482973360543254,0.10360088420159676,0.569031720094027,0.5678864121051196,,,,,0.3005705368052168,0.2061306746239895,0.6757612728418257,0.45884617218458673,0.4613515723526914,0.13320423870414175,0.2763756433922015,0.6812492453923473,0.5641877692234253,0.6564111273223325,0.7726074669176385,0.7294917123632635,0.392073494671996,0.3353537677563073,0.83351462431437,0.8588236021419682,0.927596650268515,0.6366758487734838,1.0,0.6960036051253087,-0.21439396438100985,0.1329503551101514,0.02897054280351172,-0.04611446795150685,-0.29415484279224563,0.3218722046214076,0.6925912637386713,0.040429725250423,0.71352367822975,,0.586497543278192,0.03582565356958181,0.11050109281859494,-0.24853573763253983,0.0063515030708078965,0.39718858672139384,,,,,0.08593058670974296,0.3578437808927062,,
,,,,,,,,,,,,,,,,,0.5384084226085672,,,,0.40685373927245033,,0.3638706152859978,,,,,,,,,,0.39668695617304367,,,,,,,,,,,,,,,0.462588221542956,,,,,,,0.47312394172214894,,,0.656155773994374,0.688491621063297,,0.6699262485103109,,0.6311924788534913,0.5965205331435269,0.10588501213903125,0.6100659182439593,0.7134339353760809,,,,,0.12466065279215723,0.5636997665814989,0.896698122717683,0.7320970168218822,0.23471085694989616,0.025783609513602538,0.28176686089497593,0.8486723834014318,0.6585257350920685,0.8296345458032875,0.6474861288622605,0.47352308363912277,0.2801186903728354,0.22955673042218802,0.7804157548088169,0.7637837215970931,0.7120269192617775,0.6743034407246369,0.6960036051253087,1.0,-0.16028211519444763,-0.020663936304444207,-0.2488274376897148,-0.13681649171187069,-0.47912302277400864,0.21247191201299206,0.6195925444515352,-0.17326363058573968,0.615236821203982,,0.5119362567177057,0.33450607855082953,0.38956320779483755,-0.08188345543035334,0.2065916742982589,0.5469425592705074,,,,,-0.05121935553373746,0.3933717515807416,,
,,,,,,,,,,,,,,,,,-0.12685987616140015,,,,-0.10120464894220445,,-0.17844130621593415,,,,,,,,,,-0.16686436833176463,,,,,,,,,,,,,,,-0.07336628159435386,,,,,,,-0.009938478079153167,,,-0.06442699038581096,-0.02508953089959252,,0.01645130892628601,,0.004118162278521882,-0.048081565796997745,0.271134153111814,-0.017061433728785116,-0.035362554002115514,,,,,0.006491761301088472,0.20765185907245032,0.001867889481960928,0.1147894452922523,0.09640392264527645,-0.06802927167755528,-0.06392066184196028,0.07312788680114665,-0.12444732732988427,0.07975879489874618,-0.027111782041852026,-0.36431674522405966,-0.035511013528648314,0.20184923966303375,-0.12607096761209802,-0.33379764243205234,-0.24728624828413906,-0.06778720708960041,-0.21439396438100985,-0.16028211519444763,1.0,0.11418491851005688,0.07817879781479134,0.29573960605427824,0.15353699558889897,0.04476071865809679,-0.07368790652181118,0.22111831198269707,-0.027554995548487293,,-0.06127722897494054,0.16701729943965077,0.13970421798885757,0.06307246398674503,0.2940478647201871,0.32765314188277295,,,,,0.23747910683787968,0.3187304273060001,,
,,,,,,,,,,,,,,,,,-0.17138792748660622,,,,-0.2561569655471275,,-0.1907286741919649,,,,,,,,,,-0.2514536835034645,,,,,,,,,,,,,,,-0.3157490605151875,,,,,,,-0.007687014082976737,,,0.10654631111768041,0.1890419540398314,,0.33273868777211607,,0.18110733671573806,0.24027762513815448,0.2600217472159174,-0.07744973943608188,-0.1613774277402519,,,,,0.46037089883288995,0.1936301126570724,-0.11035954750313774,0.06099489352785934,0.2790633910410128,-0.0001821686339534919,-0.42771321860723305,0.23310671425433138,0.1839253623285446,-0.036900132628181516,0.22878456410576628,0.14108598186989899,0.3792707607530176,0.486998706415532,-0.1285355105203599,0.09580729643748731,0.08413043096264028,-0.24338968363936017,0.1329503551101514,-0.020663936304444207,0.1141849185100569,0.9999999999999999,0.3733645888332053,0.5771643365520406,0.3843217368361441,0.1278129882010213,-0.10174129058165404,0.21049587587883198,-0.04800551275536091,,0.19182208351355715,-0.0611998727763607,-0.18301662500773183,0.1547282208574647,0.26498471486492725,0.27693261085638404,,,,,0.04164470979672088,-0.13786939574399062,,
,,,,,,,,,,,,,,,,,-0.31019491743087413,,,,-0.18234216680806892,,-0.21198361208873304,,,,,,,,,,-0.3307745505467193,,,,,,,,,,,,,,,-0.09961260302504461,,,,,,,0.012375702622610264,,,-0.03330217171933479,-0.13694539380117873,,0.06325593740425851,,0.22056609351689932,0.08350556427870603,0.25945272342472564,0.09329814273908382,-0.33643778876003294,,,,,0.5630977904353182,-0.2690617233814594,-0.275888842514966,-0.05805337602745989,0.3548991872727472,0.3478351752973249,-0.19072863273814425,-0.12029371045669598,-0.22519147021340716,-0.022634067885586067,0.03493776228305033,-0.008487791676832106,0.08448254010709154,0.5981816981778015,-0.006207679081930293,-0.14144374528038273,-0.09963167425893274,-0.03188099960268747,0.02897054280351172,-0.2488274376897148,0.07817879781479133,0.3733645888332052,1.0,0.4163802066177251,0.6027950939163036,0.11587346604674875,0.06514070492852946,0.4934310883384003,0.0631970530316972,,-0.04226592269389643,-0.3563479542873016,-0.2507987729957143,-0.0400147279676133,0.2787428619312998,0.1241141884323655,,,,,0.25748637342894404,-0.07169860303576132,,
,,,,,,,,,,,,,,,,,-0.1391296996403445,,,,-0.13118056821285148,,0.008981754676406528,,,,,,,,,,-0.09024605028169365,,,,,,,,,,,,,,,-0.1495363506870034,,,,,,,-0.11742321795660975,,,-0.060025441979402315,0.12890554854756903,,0.17433659669018733,,0.03000535818986906,0.2372997286600538,0.11738019067123774,-0.0026112718794678554,-0.12555420251079685,,,,,0.6293519216398566,0.2398424674560367,-0.12451502838531331,0.08684104461230799,0.3348551070758981,-0.05364626288803688,-0.2685868780894856,0.15153640748664948,0.019862494420790404,-0.03480726579285914,0.005173651942361936,-0.07231969606312258,0.18742261432030644,0.3420816505292253,-0.13138196239094263,-0.0851364620738321,-0.06370812721535314,-0.21935748701903215,-0.04611446795150685,-0.13681649171187069,0.29573960605427824,0.5771643365520406,0.4163802066177251,1.0,0.3646298764218608,-0.10047519663524596,-0.1768668522402023,0.41796435328649334,-0.13767063712367236,,0.12215474076703098,-0.07604078820557339,-0.11981076772437976,0.5315917430914061,0.1523821690577433,0.2450227185886236,,,,,0.05700135367801776,0.05827207076654122,,
,,,,,,,,,,,,,,,,,-0.5345387308468816,,,,-0.35372756496877245,,-0.3160620157896155,,,,,,,,,,-0.47632392254184774,,,,,,,,,,,,,,,-0.4094372172813643,,,,,,,-0.24841369625923207,,,-0.3209154831279251,-0.3804375387297942,,-0.1831029154067981,,-0.03362863764821865,-0.10570583861144729,0.060884565442371814,-0.26936126377020064,-0.6620600479707801,,,,,0.31242216323737493,-0.34850399986040503,-0.508969227549816,-0.3937577160876296,0.1895170175298193,0.12769880452655627,-0.3271443327453565,-0.2654075827613088,-0.42923076028909596,-0.3814326815015889,-0.25061183618882904,-0.2791818396771954,0.04591596792640226,0.4427265616495474,-0.3585177784259898,-0.3771372102553749,-0.35981869303752145,-0.3579678583405325,-0.2941548427922457,-0.4791230227740086,0.15353699558889894,0.3843217368361441,0.6027950939163035,0.3646298764218608,0.9999999999999999,-0.11607285945225788,-0.34559833023686326,0.5234574975495098,-0.24808043114536596,,-0.2420260368730541,-0.10074747300770077,-0.2646781263234166,0.1307328246279407,0.1401574737675268,-0.09697766736754534,,,,,0.01962535420673847,-0.21708283549961022,,
,,,,,,,,,,,,,,,,,0.08771982217747676,,,,0.026394697007187825,,0.01581702425897797,,,,,,,,,,-0.014346878692523025,,,,,,,,,,,,,,,0.16066810003339987,,,,,,,0.019686059090536154,,,0.3751766181962256,0.3810429407521317,,0.3224336273407811,,0.38176223623040306,0.35722690300776466,0.27618605247070943,0.34019615536633413,0.16385489618429858,,,,,0.2505850321419539,0.2687776750448788,0.21431169385648652,0.23419563760796497,0.45008559891825867,0.14092385319584708,0.16721048085833815,0.15867153369040318,0.12095948846849068,0.16912548621442025,0.20675392125498945,0.21789096092243257,0.2740964497975116,0.1424627235864841,0.2135645660362387,0.2166792892352451,0.20620690299677433,0.3569811111365659,0.3218722046214076,0.21247191201299206,0.04476071865809678,0.12781298820102127,0.11587346604674875,-0.10047519663524596,-0.11607285945225788,1.0,0.364348877477718,0.05434267977063541,0.4398811702627436,,0.3531195227570394,0.20054901034873726,0.2590594887965816,-0.38865304881603296,0.13327007930628196,0.17574993115295365,,,,,-0.040989906282997826,0.07331451782922746,,
,,,,,,,,,,,,,,,,,0.4247598740165569,,,,0.34994951613075637,,0.2234350674003703,,,,,,,,,,0.32875371350660626,,,,,,,,,,,,,,,0.36812413920688497,,,,,,,0.300537179090833,,,0.6168105411102661,0.5511670400506492,,0.4926030069453168,,0.7523481511049881,0.44900696346442254,0.14556226615214413,0.8895984098289494,0.6169851984134593,,,,,0.32323086860206657,0.41306488013173565,0.6964768887070075,0.5172674177594231,0.35815536821662924,0.14738469668094295,0.22861284912888474,0.5710750626243514,0.22937459462055257,0.6293038124733183,0.4362181458687363,0.3025157256155174,0.06608939559816375,0.3097790390685308,0.8724442856925573,0.5484264636220171,0.5359381207364343,0.8640794138042304,0.6925912637386714,0.6195925444515352,-0.07368790652181119,-0.10174129058165403,0.06514070492852946,-0.1768668522402023,-0.3455983302368632,0.36434887747771805,1.0,0.19416369688584637,0.8472699926956117,,0.35807850361510674,0.10315636008846646,0.3288670632844692,-0.32127945670878905,0.1573339108860814,0.5768365362779068,,,,,-0.0629171221596883,0.3289475774381221,,
,,,,,,,,,,,,,,,,,-0.11995746481732074,,,,-0.05229931459675718,,-0.11577730396849094,,,,,,,,,,-0.1574579578062003,,,,,,,,,,,,,,,-0.0971218213572751,,,,,,,-0.1217188003214828,,,-0.030092155689132333,-0.003227623675691961,,0.09488787565405025,,0.18609159345919632,0.2562682643058293,0.18929057947364122,0.26156230600282976,-0.3040475358369542,,,,,0.6664376213263086,0.10314468705954845,-0.13792146061002006,-0.08256686671459572,0.5104762580141938,0.14105675683165644,-0.18960283964129598,0.0032386607786347547,-0.10018937102176308,-0.10380869720676794,0.054179326214569376,0.018289392200965777,0.14600482732331074,0.4351244601758129,0.07064640529333227,-0.15667238512896078,-0.04707978600810616,0.08260850433912666,0.040429725250423,-0.17326363058573968,0.22111831198269705,0.21049587587883195,0.49343108833840027,0.4179643532864933,0.5234574975495098,0.05434267977063541,0.1941636968858464,0.9999999999999998,0.24542018927204207,,0.050580264349771815,0.0650037052630913,0.23050206874327303,0.11185617998892067,0.005519469542817338,0.12676518440463017,,,,,-0.0015925669966101498,0.13886902204391555,,
,,,,,,,,,,,,,,,,,0.46667545317345416,,,,0.3569735509814025,,0.19891284692274872,,,,,,,,,,0.28215104279515585,,,,,,,,,,,,,,,0.3746379986433248,,,,,,,0.23136655195305234,,,0.659720630881864,0.5523471434932523,,0.5485867179767681,,0.7001679835144957,0.6159240980754472,0.2505397451756988,0.8058376019161823,0.5698689890525904,,,,,0.3540228227752812,0.3873926950073519,0.6998559482491294,0.4645246410951953,0.3520009065957831,0.01974355255357621,0.21774401564540816,0.5701498806893402,0.33723175218744295,0.5813469418459222,0.45668510102559307,0.4450409858807747,0.3569360794680802,0.24172052751286247,0.8173834851037458,0.5242805767106654,0.5613029392101343,0.8009670128129697,0.71352367822975,0.615236821203982,-0.027554995548487296,-0.04800551275536091,0.0631970530316972,-0.13767063712367233,-0.24808043114536596,0.43988117026274354,0.8472699926956117,0.24542018927204207,1.0,,0.6121951913389445,0.3284745647218066,0.3938546273430192,-0.2862529524562451,0.008561189048303136,0.4427695524739287,,,,,-0.07274161422442348,0.40105133629751855,,
,,,,,,,,,,,,,,,,,,,,,,,,,,,,,,,,,,,,,,,,,,,,,,,,,,,,,,,,,,,,,,,,,,,,,,,,,,,,,,,,,,,,,,,,,,,,,,,,,,,,,,,,,,,,,,,,,,,
,,,,,,,,,,,,,,,,,0.2944317297685338,,,,0.3206845181280644,,0.06997871036416506,,,,,,,,,,0.24792342639333967,,,,,,,,,,,,,,,0.1260776953972885,,,,,,,0.17157009591571892,,,0.6336851879072375,0.4897106044141436,,0.6135300614418353,,0.4300522471587184,0.6934959023531471,0.30913887082327124,0.3879854750204963,0.40859661053209356,,,,,0.36591127061144885,0.30973645096730573,0.42850395395664825,0.40998322050149866,0.38255002604264393,-0.06775928809694898,0.10694601138161271,0.5267285774770121,0.5643969671649692,0.41169668873703236,0.5007261343674062,0.5537548106295773,0.7561169518335623,0.12004880931667983,0.4424854068765589,0.5589304790803927,0.5997113848694889,0.3287660751661186,0.586497543278192,0.5119362567177056,-0.061277228974940534,0.19182208351355717,-0.04226592269389643,0.12215474076703098,-0.2420260368730541,0.3531195227570394,0.35807850361510674,0.050580264349771815,0.6121951913389446,,0.9999999999999998,0.45393611334925543,0.2095729834172318,-0.07101477262938795,0.0035895843657934518,0.2564579394384542,,,,,-0.14066387519028267,0.28836063297834624,,
,,,,,,,,,,,,,,,,,0.13972003541341194,,,,0.08172302214667025,,0.0322109354156564,,,,,,,,,,0.20229366940297824,,,,,,,,,,,,,,,0.003968757988346807,,,,,,,-0.054667041579002075,,,0.10966026425258625,0.19236207108646666,,0.12264648980361982,,0.0002765395528035258,0.3705936404857551,0.3765113680792679,0.2220113448194165,0.30906660634871735,,,,,0.0074827087194467455,0.43021301491171937,0.3594480224488691,0.19588073961987207,0.03030772568186955,-0.24098909410469718,-0.26818681500088337,0.23246375790254353,0.35063953561689987,0.1769079473851009,0.1373931127533567,-0.06026003744144465,0.31984728299578585,-0.11423696222135474,0.13154334263120387,0.12019276855211668,0.10709625152981785,0.23318684267562076,0.03582565356958182,0.3345060785508295,0.16701729943965074,-0.06119987277636069,-0.3563479542873016,-0.07604078820557339,-0.10074747300770077,0.20054901034873726,0.10315636008846646,0.0650037052630913,0.3284745647218066,,0.4539361133492554,0.9999999999999999,0.6480019132705864,-0.035822995940023354,-0.0476174546475794,0.22099455473108964,,,,,-0.329444687669061,0.13092983477282466,,
,,,,,,,,,,,,,,,,,0.3451323065505026,,,,0.20970455274953578,,0.3356933026099143,,,,,,,,,,0.3190691258143768,,,,,,,,,,,,,,,0.3211666048809701,,,,,,,0.07538389000388718,,,0.08809767936207331,0.37712329668034456,,0.1162350132731068,,0.12921010818224127,0.3736644633671898,0.25342122376263077,0.42024244926153215,0.3698403148591855,,,,,0.057042794050920866,0.6124604653190102,0.4731008036992643,0.2799511605386927,0.1603567019103641,-0.1590962635096098,0.001407905675101661,0.21932793426765093,0.2918783905935213,0.2302059144560261,0.16724565274744102,-0.02051458331592451,0.01180171152288027,-0.08332997477378505,0.24744532443622289,0.07438382996517319,0.11969922111915186,0.4536832470360327,0.11050109281859495,0.38956320779483755,0.13970421798885757,-0.18301662500773183,-0.2507987729957143,-0.11981076772437978,-0.26467812632341653,0.2590594887965816,0.32886706328446924,0.230502068743273,0.39385462734301924,,0.2095729834172318,0.6480019132705865,1.0,-0.08588636278074857,-0.11007283571285642,0.2551639448178048,,,,,-0.2320218182792852,0.28896851824186953,,
,,,,,,,,,,,,,,,,,-0.04082821414367663,,,,-0.2763225332966319,,-0.02577302308333942,,,,,,,,,,-0.018034636113637245,,,,,,,,,,,,,,,-0.16365975545477712,,,,,,,-0.13474527794073665,,,-0.26003785711231103,-0.10057085183972647,,-0.165845925821902,,-0.21655577513393412,-0.07514444658838916,-0.2677494626132334,-0.13657090117798665,-0.10002901534712733,,,,,0.2048562364284295,0.17576843854092358,-0.08650568942184124,0.13865636375013762,-0.14705951201348558,-0.2334132002162298,-0.05018919684941396,0.01753359440982572,-0.06800577349625875,-0.1731885740990235,-0.1482598461429862,-0.09920807948642972,0.07888762373605607,0.05169600378942642,-0.18441999563024924,-0.12211857638931535,-0.15484026249667243,-0.23490882390794723,-0.2485357376325398,-0.08188345543035334,0.06307246398674503,0.1547282208574647,-0.0400147279676133,0.5315917430914061,0.1307328246279407,-0.3886530488160329,-0.32127945670878905,0.11185617998892067,-0.2862529524562451,,-0.07101477262938795,-0.035822995940023354,-0.08588636278074857,1.0,0.035817508956120465,-0.08437684281379272,,,,,0.25502558479663856,-0.14052673527858328,,
,,,,,,,,,,,,,,,,,-0.03764356366400382,,,,-0.05192843420959318,,-0.19906284227642318,,,,,,,,,,-0.029576449928400826,,,,,,,,,,,,,,,-0.08968320634406032,,,,,,,0.5113782376981483,,,0.06382288789839394,0.006250520774388591,,0.11979524122663511,,0.23788003255697532,0.037581261154335695,0.12805305268170047,0.1353610629647833,0.014483067269040653,,,,,0.15633135074338644,0.3188432215928061,0.18958363540264972,0.42674463121756506,0.08662664845930593,0.4396767359075973,-0.09725048852828434,0.21218862020464418,-0.043277104361625525,0.32098254104957713,0.13132813968695017,-0.13871431608408724,0.015146842771295889,0.49913790124288016,0.1485079265434995,0.06820281970141186,-0.00106556270348877,0.09496502039214895,0.0063515030708078965,0.20659167429825886,0.2940478647201871,0.26498471486492725,0.2787428619312998,0.15238216905774332,0.14015747376752682,0.13327007930628196,0.1573339108860814,0.005519469542817338,0.008561189048303134,,0.0035895843657934518,-0.04761745464757941,-0.1100728357128564,0.035817508956120465,1.0,0.5257938022150239,,,,,0.19783136057315606,0.1007590367044045,,
,,,,,,,,,,,,,,,,,0.10634569151437705,,,,0.17198916059341351,,0.036738332229161404,,,,,,,,,,0.06881086768486165,,,,,,,,,,,,,,,0.11216552607876554,,,,,,,0.3336030395535947,,,0.45145024230129477,0.4564698511430605,,0.4682162831308942,,0.5056713779946048,0.3524386296656455,0.2802558399304453,0.5731857331207295,0.42480883035960143,,,,,0.3397468797729386,0.5043059686598997,0.6051370507068498,0.5171375827994846,0.32392939960444894,0.11788357311320749,-0.09939926989170056,0.6497656932244471,0.2061906956128849,0.6181838182999093,0.45381196620956293,0.03180469228968445,0.05967880336174138,0.517995772905675,0.5746261468125118,0.4055547214766114,0.3204994479631119,0.4988246923383495,0.3971885867213939,0.5469425592705074,0.32765314188277295,0.27693261085638404,0.12411418843236549,0.2450227185886236,-0.09697766736754534,0.17574993115295365,0.5768365362779068,0.12676518440463017,0.4427695524739287,,0.25645793943845424,0.22099455473108964,0.2551639448178048,-0.08437684281379272,0.5257938022150239,1.0,,,,,0.018137047805869666,0.3581211221343686,,
,,,,,,,,,,,,,,,,,,,,,,,,,,,,,,,,,,,,,,,,,,,,,,,,,,,,,,,,,,,,,,,,,,,,,,,,,,,,,,,,,,,,,,,,,,,,,,,,,,,,,,,,,,,,,,,,,,,
,,,,,,,,,,,,,,,,,,,,,,,,,,,,,,,,,,,,,,,,,,,,,,,,,,,,,,,,,,,,,,,,,,,,,,,,,,,,,,,,,,,,,,,,,,,,,,,,,,,,,,,,,,,,,,,,,,,
,,,,,,,,,,,,,,,,,,,,,,,,,,,,,,,,,,,,,,,,,,,,,,,,,,,,,,,,,,,,,,,,,,,,,,,,,,,,,,,,,,,,,,,,,,,,,,,,,,,,,,,,,,,,,,,,,,,
,,,,,,,,,,,,,,,,,,,,,,,,,,,,,,,,,,,,,,,,,,,,,,,,,,,,,,,,,,,,,,,,,,,,,,,,,,,,,,,,,,,,,,,,,,,,,,,,,,,,,,,,,,,,,,,,,,,
,,,,,,,,,,,,,,,,,-0.10592165595887683,,,,-0.10349277005422333,,-0.1435983946443886,,,,,,,,,,-0.2951756810399491,,,,,,,,,,,,,,,0.14335229952292702,,,,,,,0.17951897380857068,,,-0.0015979430887584451,-0.10200881070841988,,-0.01169598990774507,,0.06876149543909661,-0.1721743628574383,-0.030147403784362044,-0.02747503152994065,-0.09252913231943696,,,,,-0.05593231513283158,-0.201779455477969,-0.05370062164601805,0.13849661901469165,-0.023317946936584743,0.11139832578828517,0.16974263609016949,-0.05709784649516618,-0.18143940322652954,0.09201196634447821,0.06625290231172153,0.025130491510997312,0.04260229215686249,0.27169077248051804,0.05418134106268911,-0.01731970795103578,0.01466228605580916,0.0017506205905078018,0.08593058670974295,-0.05121935553373746,0.2374791068378797,0.04164470979672088,0.257486373428944,0.05700135367801776,0.019625354206738468,-0.040989906282997826,-0.0629171221596883,-0.0015925669966101496,-0.07274161422442348,,-0.14066387519028267,-0.329444687669061,-0.2320218182792852,0.2550255847966385,0.1978313605731561,0.018137047805869666,,,,,0.9999999999999999,0.11472032736766005,,
,,,,,,,,,,,,,,,,,0.1796161107469581,,,,0.47044830018536526,,0.08149180495302495,,,,,,,,,,0.22815125515072238,,,,,,,,,,,,,,,0.2519590501462252,,,,,,,0.1689749116664095,,,0.31232806818176667,0.4131887063014771,,0.3367109742416125,,0.38218952447368676,0.2445482818922224,0.01270577751905141,0.24892743767793105,0.34776307154504704,,,,,0.009260312962740115,0.3912701634061418,0.45059225316403556,0.4118024033949489,0.4464142454445641,-0.005590562679279525,0.43991432824765725,0.36189948942825156,0.2517531951310084,0.4994361205340108,0.2966535930418777,0.2025097287416245,0.027279651953707434,0.03953433493016373,0.3758899692665105,0.22524714347309813,0.2583852455010974,0.3841265934965409,0.3578437808927062,0.3933717515807416,0.3187304273060001,-0.13786939574399062,-0.07169860303576132,0.05827207076654122,-0.21708283549961022,0.07331451782922746,0.3289475774381221,0.13886902204391555,0.40105133629751855,,0.28836063297834624,0.13092983477282463,0.28896851824186953,-0.14052673527858328,0.10075903670440452,0.3581211221343686,,,,,0.11472032736766008,1.0,,
,,,,,,,,,,,,,,,,,,,,,,,,,,,,,,,,,,,,,,,,,,,,,,,,,,,,,,,,,,,,,,,,,,,,,,,,,,,,,,,,,,,,,,,,,,,,,,,,,,,,,,,,,,,,,,,,,,,
,,,,,,,,,,,,,,,,,,,,,,,,,,,,,,,,,,,,,,,,,,,,,,,,,,,,,,,,,,,,,,,,,,,,,,,,,,,,,,,,,,,,,,,,,,,,,,,,,,,,,,,,,,,,,,,,,,,
